# File generated by ImageToStl.com - Free Image and 3D model conversion tools

o obj1
v 0.05 -0.01 0.1
v 0.05 -0.01 0.1
v 0.05 -0.01 0.1
v 0.04 -0.02 0.1
v 0.04 -0.02 0.1
v 0.04 -0.02 0.1
v 0.04 -0.02 0.1
v 0.04 -0.02 0.1
v 0.04 -0.03 0.1
v 0.04 -0.03 0.1
v 0.04 -0.03 0.1
v 0.04 -0.03 0.1
v 0.03 -0.03 0.1
v 0.03 -0.03 0.1
v 0.03 -0.04 0.1
v 0.03 -0.04 0.1
v 0.03 -0.04 0.1
v 0.03 -0.04 0.1
v 0.03 -0.04 0.1
v 0.02 -0.04 0.1
v 0.02 -0.04 0.1
v 0.02 -0.04 0.1
v 0.02 -0.04 0.1
v 0.02 -0.04 0.1
v 0.01 -0.05 0.1
v 0.01 -0.05 0.1
v 0.01 -0.05 0.1
v 0.01 -0.05 0.1
v 0.01 -0.05 0.1
v 0 -0.05 0.1
v 0 -0.05 0.1
v 0 -0.05 0.1
v -0 -0.05 0.1
v -0 -0.05 0.1
v -0.01 -0.05 0.1
v -0.01 -0.05 0.1
v -0.01 -0.05 0.1
v -0.01 -0.05 0.1
v -0.01 -0.05 0.1
v -0.02 -0.04 0.1
v -0.02 -0.04 0.1
v -0.02 -0.04 0.1
v -0.02 -0.04 0.1
v -0.02 -0.04 0.1
v -0.03 -0.04 0.1
v -0.03 -0.04 0.1
v -0.03 -0.04 0.1
v -0.03 -0.04 0.1
v -0.03 -0.03 0.1
v -0.03 -0.03 0.1
v -0.04 -0.03 0.1
v -0.04 -0.03 0.1
v -0.04 -0.03 0.1
v -0.04 -0.03 0.1
v -0.04 -0.03 0.1
v -0.04 -0.02 0.1
v -0.04 -0.02 0.1
v -0.04 -0.02 0.1
v -0.04 -0.02 0.1
v -0.04 -0.02 0.1
v -0.05 -0.01 0.1
v -0.05 -0.01 0.1
v -0.05 -0.01 0.1
v -0.05 -0.01 0.1
v -0.05 -0.01 0.1
v -0.05 -0 0.1
v -0.05 -0 0.1
v -0.05 0 0.1
v -0.05 0 0.1
v -0.05 0 0.1
v -0.05 0.01 0.1
v -0.05 0.01 0.1
v -0.05 0.01 0.1
v -0.05 0.01 0.1
v -0.05 0.01 0.1
v -0.04 0.02 0.1
v -0.04 0.02 0.1
v -0.04 0.02 0.1
v -0.04 0.02 0.1
v -0.04 0.02 0.1
v -0.04 0.03 0.1
v -0.04 0.03 0.1
v -0.04 0.03 0.1
v -0.04 0.03 0.1
v -0.03 0.03 0.1
v -0.03 0.03 0.1
v -0.03 0.04 0.1
v -0.03 0.04 0.1
v -0.03 0.04 0.1
v -0.03 0.04 0.1
v -0.03 0.04 0.1
v -0.02 0.04 0.1
v -0.02 0.04 0.1
v -0.02 0.04 0.1
v -0.02 0.04 0.1
v -0.02 0.04 0.1
v -0.01 0.05 0.1
v -0.01 0.05 0.1
v -0.01 0.05 0.1
v -0.01 0.05 0.1
v -0.01 0.05 0.1
v -0 0.05 0.1
v -0 0.05 0.1
v 0 0.05 0.1
v 0 0.05 0.1
v 0 0.05 0.1
v 0.01 0.05 0.1
v 0.01 0.05 0.1
v 0.01 0.05 0.1
v 0.01 0.05 0.1
v 0.01 0.05 0.1
v 0.02 0.04 0.1
v 0.02 0.04 0.1
v 0.02 0.04 0.1
v 0.02 0.04 0.1
v 0.02 0.04 0.1
v 0.03 0.04 0.1
v 0.03 0.04 0.1
v 0.03 0.04 0.1
v 0.03 0.04 0.1
v 0.03 0.03 0.1
v 0.03 0.03 0.1
v 0.04 0.03 0.1
v 0.04 0.03 0.1
v 0.04 0.03 0.1
v 0.04 0.03 0.1
v 0.04 0.03 0.1
v 0.04 0.02 0.1
v 0.04 0.02 0.1
v 0.04 0.02 0.1
v 0.04 0.02 0.1
v 0.04 0.02 0.1
v 0.05 0.01 0.1
v 0.05 0.01 0.1
v 0.05 0.01 0.1
v 0.05 0.01 0.1
v 0.05 0.01 0.1
v 0.05 0 0.1
v 0.05 0 0.1
v 0.05 0 0.1
v 0.05 -0 0.1
v 0.05 -0 0.1
v 0.05 -0.01 0.1
v 0.05 -0.01 0.1
v -0.05 0 0.09
v -0.05 0 0.09
v -0.05 0.01 0.09
v -0.05 0.01 0.09
v -0.05 0.02 0.09
v -0.05 0.02 0.09
v -0.04 0.02 0.09
v -0.04 0.02 0.09
v -0.04 0.03 0.09
v -0.04 0.03 0.09
v -0.03 0.04 0.09
v -0.03 0.04 0.09
v -0.02 0.04 0.09
v -0.02 0.04 0.09
v -0.02 0.05 0.09
v -0.02 0.05 0.09
v -0.01 0.05 0.09
v -0.01 0.05 0.09
v 0 0.05 0.09
v 0 0.05 0.09
v 0.01 0.05 0.09
v 0.01 0.05 0.09
v 0.02 0.05 0.09
v 0.02 0.05 0.09
v 0.02 0.04 0.09
v 0.02 0.04 0.09
v 0.03 0.04 0.09
v 0.03 0.04 0.09
v 0.04 0.03 0.09
v 0.04 0.03 0.09
v 0.04 0.02 0.09
v 0.04 0.02 0.09
v 0.05 0.02 0.09
v 0.05 0.02 0.09
v 0.05 0.01 0.09
v 0.05 0.01 0.09
v 0.05 0 0.09
v 0.05 0 0.09
v 0.01 -0.05 0.09
v 0 -0.05 0.09
v 0 -0.05 0.1
v 0 -0.05 0.1
v 0.01 -0.05 0.1
v 0.02 -0.05 0.09
v 0.01 -0.05 0.1
v 0.02 -0.05 0.1
v 0.02 -0.04 0.09
v 0.02 -0.04 0.1
v 0.02 -0.04 0.1
v 0.03 -0.04 0.09
v 0.03 -0.04 0.1
v 0.03 -0.04 0.1
v 0.04 -0.03 0.09
v 0.03 -0.03 0.1
v 0.04 -0.03 0.1
v 0.04 -0.02 0.09
v 0.04 -0.03 0.1
v 0.04 -0.02 0.1
v 0.05 -0.02 0.09
v 0.04 -0.02 0.1
v 0.05 -0.02 0.1
v 0.05 -0.01 0.09
v 0.05 -0.01 0.1
v 0.05 -0.01 0.1
v 0.05 -0 0.1
v 0.05 0 0.09
v 0.05 0 0.1
v 0.05 0.01 0.09
v 0.05 0 0.1
v 0.05 0.01 0.1
v 0.05 0.01 0.1
v 0.05 0.02 0.09
v 0.05 0.02 0.1
v 0.04 0.02 0.09
v 0.04 0.02 0.1
v 0.04 0.02 0.1
v 0.04 0.03 0.09
v 0.04 0.03 0.1
v 0.04 0.03 0.1
v 0.03 0.03 0.1
v 0.03 0.04 0.09
v 0.03 0.04 0.1
v 0.02 0.04 0.09
v 0.03 0.04 0.1
v 0.02 0.04 0.1
v 0.02 0.04 0.1
v 0.02 0.05 0.09
v 0.02 0.05 0.1
v 0.01 0.05 0.09
v 0.01 0.05 0.1
v 0 0.05 0.1
v 0 0.05 0.09
v 0 0.05 0.1
v 0.01 0.05 0.1
v 0 -0.05 0.1
v 0 -0.05 0.1
v 0.01 -0.05 0.1
v 0.01 -0.05 0.1
v 0.02 -0.05 0.1
v 0.02 -0.04 0.1
v 0.02 -0.04 0.1
v 0.03 -0.04 0.1
v 0.03 -0.04 0.1
v 0.03 -0.03 0.1
v 0.04 -0.03 0.1
v 0.04 -0.03 0.1
v 0.04 -0.02 0.1
v 0.04 -0.02 0.1
v 0.05 -0.02 0.1
v 0.05 -0.01 0.1
v 0.05 -0.01 0.1
v 0.05 -0 0.1
v 0.05 0 0.1
v 0.05 0 0.1
v 0.05 0.01 0.1
v 0.05 0.01 0.1
v 0.05 0.02 0.1
v 0.04 0.02 0.1
v 0.04 0.02 0.1
v 0.04 0.03 0.1
v 0.04 0.03 0.1
v 0.03 0.03 0.1
v 0.03 0.04 0.1
v 0.03 0.04 0.1
v 0.02 0.04 0.1
v 0.02 0.04 0.1
v 0.02 0.05 0.1
v 0.01 0.05 0.1
v 0.01 0.05 0.1
v 0 0.05 0.1
v 0 0.05 0.1
v 0 -0.05 0.1
v 0 -0.05 0.1
v 0.01 -0.05 0.1
v 0.01 -0.05 0.1
v 0.02 -0.05 0.1
v 0.02 -0.04 0.1
v 0.02 -0.04 0.1
v 0.03 -0.04 0.1
v 0.03 -0.04 0.1
v 0.03 -0.03 0.1
v 0.04 -0.03 0.1
v 0.04 -0.03 0.1
v 0.04 -0.02 0.1
v 0.04 -0.02 0.1
v 0.05 -0.02 0.1
v 0.05 -0.01 0.1
v 0.05 -0.01 0.1
v 0.05 -0 0.1
v 0.05 0 0.1
v 0.05 0 0.1
v 0.05 0.01 0.1
v 0.05 0.01 0.1
v 0.05 0.02 0.1
v 0.04 0.02 0.1
v 0.04 0.02 0.1
v 0.04 0.03 0.1
v 0.04 0.03 0.1
v 0.03 0.03 0.1
v 0.03 0.04 0.1
v 0.03 0.04 0.1
v 0.02 0.04 0.1
v 0.02 0.04 0.1
v 0.02 0.05 0.1
v 0.01 0.05 0.1
v 0.01 0.05 0.1
v 0 0.05 0.1
v 0 0.05 0.1
v 0 -0.05 0.09
v -0.01 -0.05 0.09
v -0.01 -0.05 0.09
v -0.02 -0.05 0.09
v -0.02 -0.05 0.09
v -0.02 -0.04 0.09
v -0.02 -0.04 0.09
v -0.03 -0.04 0.09
v -0.03 -0.04 0.09
v -0.04 -0.03 0.09
v -0.04 -0.03 0.09
v -0.04 -0.02 0.09
v -0.04 -0.02 0.09
v -0.05 -0.02 0.09
v -0.05 -0.02 0.09
v -0.05 -0.01 0.09
v -0.05 -0.01 0.09
v -0.05 0 0.09
v -0.05 0.01 0.09
v -0.05 0.02 0.09
v -0.04 0.02 0.09
v -0.04 0.03 0.09
v -0.03 0.04 0.09
v -0.02 0.04 0.09
v -0.02 0.05 0.09
v -0.01 0.05 0.09
v 0.04 -0.02 0.1
v 0.04 -0.02 0.1
v -0.05 0.01 0.1
v 0.05 -0.01 0.1
v 0.05 -0.01 0.1
v 0.05 -0 0.1
v 0.05 0 0.1
v 0.05 0 0.1
v 0.02 0.04 0.1
v 0.02 0.04 0.1
v -0.02 0.04 0.1
v 0.04 0.02 0.1
v 0.04 0.02 0.1
v 0.03 0.04 0.1
v 0.03 0.03 0.1
v 0.04 0.03 0.1
v -0.03 0.04 0.1
v -0.03 0.04 0.1
v 0.02 0.04 0.1
v -0.04 0.03 0.1
v -0.04 0.02 0.1
v -0.04 0.02 0.1
v 0.04 -0.02 0.1
v -0.05 0.01 0.1
v -0.05 0 0.1
v 0.05 0.01 0.1
v 0.05 0.01 0.1
v 0.04 0.02 0.1
v 0.04 0.03 0.1
v 0.03 0.04 0.1
v -0.04 0.02 0.1
v -0.05 0 0.1
v -0.05 -0 0.1
v -0.05 -0.01 0.1
v -0.04 -0.02 0.1
v -0.04 -0.02 0.1
v -0.04 -0.03 0.1
v -0.04 -0.03 0.1
v -0.02 -0.04 0.1
v -0.01 -0.05 0.1
v -0.01 -0.05 0.1
v -0 -0.05 0.1
v 0 -0.05 0.1
v 0 -0.05 0.1
v 0.01 0.05 0.1
v 0.01 0.05 0.1
v 0 0.05 0.1
v -0.02 0.04 0.1
v -0.05 -0.01 0.1
v -0.04 -0.02 0.1
v -0.03 -0.03 0.1
v -0.03 -0.04 0.1
v -0.03 -0.04 0.1
v -0.02 -0.04 0.1
v -0.02 -0.04 0.1
v 0.03 -0.04 0.1
v 0.03 -0.04 0.1
v 0.02 -0.04 0.1
v 0.03 -0.03 0.1
v 0.04 -0.03 0.1
v -0.01 0.05 0.1
v -0.02 0.04 0.1
v -0.01 0.05 0.1
v -0.03 0.03 0.1
v -0.04 0.03 0.1
v 0.01 -0.05 0.1
v 0.01 -0.05 0.1
v 0.02 -0.04 0.1
v 0.02 -0.04 0.1
v 0.04 -0.03 0.1
v 0 0.05 0.1
v -0 0.05 0.1
v 0 -0.05 0.1
v 0 -0.05 0.1
v -0 -0.05 0.1
v 0 -0.05 0.1
v -0 -0.05 0.1
v -0.01 -0.05 0.1
v -0.01 -0.05 0.1
v -0.02 -0.05 0.1
v -0.02 -0.04 0.1
v -0.02 -0.04 0.1
v -0.03 -0.04 0.1
v -0.03 -0.04 0.1
v -0.03 -0.03 0.1
v -0.04 -0.03 0.1
v -0.04 -0.03 0.1
v -0.04 -0.02 0.1
v -0.04 -0.02 0.1
v -0.05 -0.02 0.1
v -0.05 -0.01 0.1
v -0.05 -0.01 0.1
v -0.05 -0 0.1
v -0.05 0 0.1
v -0.05 0 0.1
v -0.05 0.01 0.1
v -0.05 0.01 0.1
v -0.05 0.02 0.1
v -0.04 0.02 0.1
v -0.04 0.02 0.1
v -0.04 0.03 0.1
v -0.04 0.03 0.1
v -0.03 0.03 0.1
v -0.03 0.04 0.1
v -0.03 0.04 0.1
v -0.02 0.04 0.1
v -0.02 0.04 0.1
v -0.02 0.05 0.1
v -0.01 0.05 0.1
v -0.01 0.05 0.1
v -0 0.05 0.1
v 0 0.05 0.1
v -0.01 -0.05 0.1
v -0.01 -0.05 0.1
v -0.02 -0.05 0.1
v -0.02 -0.04 0.1
v -0.02 -0.04 0.1
v -0.03 -0.04 0.1
v -0.03 -0.04 0.1
v -0.03 -0.03 0.1
v -0.04 -0.03 0.1
v -0.04 -0.03 0.1
v -0.04 -0.02 0.1
v -0.04 -0.02 0.1
v -0.05 -0.02 0.1
v -0.05 -0.01 0.1
v -0.05 -0.01 0.1
v -0.05 -0 0.1
v -0.05 0 0.1
v -0.05 0 0.1
v -0.05 0.01 0.1
v -0.05 0.01 0.1
v -0.05 0.02 0.1
v -0.04 0.02 0.1
v -0.04 0.02 0.1
v -0.04 0.03 0.1
v -0.04 0.03 0.1
v -0.03 0.03 0.1
v -0.03 0.04 0.1
v -0.03 0.04 0.1
v -0.02 0.04 0.1
v -0.02 0.04 0.1
v -0.02 0.05 0.1
v -0.01 0.05 0.1
v -0.01 0.05 0.1
v -0 0.05 0.1
v 0 0.05 0.1
v -0 -0.05 0.1
v -0.01 -0.05 0.1
v -0.01 -0.05 0.1
v -0.02 -0.05 0.1
v -0.02 -0.05 0.1
v -0.02 -0.04 0.1
v -0.03 -0.04 0.1
v -0.03 -0.04 0.1
v -0.04 -0.04 0.1
v -0.04 -0.03 0.1
v -0.04 -0.03 0.1
v -0.04 -0.02 0.1
v -0.05 -0.02 0.1
v -0.05 -0.02 0.1
v -0.05 -0.01 0.1
v -0.05 -0.01 0.1
v -0.05 -0 0.1
v -0.05 0 0.1
v -0.05 0 0.1
v -0.05 0.01 0.1
v -0.05 0.01 0.1
v -0.05 0.02 0.1
v -0.05 0.02 0.1
v -0.04 0.02 0.1
v -0.04 0.03 0.1
v -0.04 0.03 0.1
v -0.04 0.04 0.1
v -0.03 0.04 0.1
v -0.03 0.04 0.1
v -0.02 0.04 0.1
v -0.02 0.05 0.1
v -0.02 0.05 0.1
v -0.01 0.05 0.1
v -0.01 0.05 0.1
v -0 0.05 0.1
v 0 0.05 0.1
v -0.05 -0.01 0.09
v -0.05 -0.02 0.09
v -0.04 -0.02 0.09
v -0.04 -0.03 0.09
v -0.03 -0.04 0.09
v -0.02 -0.04 0.09
v -0.02 -0.05 0.09
v -0.01 -0.05 0.09
v 0 -0.05 0.09
v 0 -0.05 0.1
v 0.01 -0.05 0.09
v 0.02 -0.05 0.09
v 0.01 -0.05 0.1
v 0.01 -0.05 0.1
v 0.02 -0.04 0.09
v 0.02 -0.05 0.1
v 0.02 -0.05 0.1
v 0.03 -0.04 0.09
v 0.03 -0.04 0.1
v 0.02 -0.04 0.1
v 0.04 -0.03 0.1
v 0.04 -0.03 0.1
v 0.04 -0.03 0.09
v 0.04 -0.04 0.1
v 0.03 -0.04 0.1
v 0.04 -0.02 0.1
v 0.04 -0.02 0.09
v 0.05 -0.02 0.1
v 0.05 -0.02 0.09
v 0.05 -0.02 0.1
v 0.05 -0.01 0.1
v 0.05 -0.01 0.09
v 0.05 -0.01 0.1
v 0.05 0.01 0.1
v 0.05 0.01 0.1
v 0.05 0 0.1
v 0.05 0 0.1
v 0.05 -0 0.1
v 0.05 0.02 0.1
v 0.05 0.02 0.1
v 0.04 0.02 0.1
v 0.04 0.04 0.1
v 0.04 0.03 0.1
v 0.04 0.03 0.1
v 0.02 0.05 0.1
v 0.02 0.04 0.1
v 0.03 0.04 0.1
v 0.03 0.04 0.1
v 0.02 0.05 0.1
v 0.01 0.05 0.1
v 0.01 0.05 0.1
v 0 0.05 0.1
v 0 0.05 0.1
v 0 0.05 0.1
v 0.01 0.05 0.1
v 0.01 0.05 0.1
v 0.02 0.05 0.1
v 0.02 0.04 0.1
v 0.02 0.04 0.1
v 0.03 0.04 0.1
v 0.03 0.04 0.1
v 0.03 0.03 0.1
v 0.04 0.03 0.1
v 0.04 0.03 0.1
v 0.04 0.02 0.1
v 0.04 0.02 0.1
v 0.05 0.02 0.1
v 0.05 0.01 0.1
v 0.05 0.01 0.1
v 0.05 0 0.1
v 0.05 0 0.1
v 0.05 -0 0.1
v 0.05 -0.01 0.1
v 0.05 -0.01 0.1
v 0.05 -0.02 0.1
v 0.04 -0.02 0.1
v 0.04 -0.02 0.1
v 0.04 -0.03 0.1
v 0.04 -0.03 0.1
v 0.03 -0.03 0.1
v 0.03 -0.04 0.1
v 0.03 -0.04 0.1
v 0.02 -0.04 0.1
v 0.02 -0.04 0.1
v 0.02 -0.05 0.1
v 0.01 -0.05 0.1
v 0.01 -0.05 0.1
v 0 -0.05 0.1
v 0.01 0.05 0.1
v 0.01 0.05 0.1
v 0.02 0.05 0.1
v 0.02 0.04 0.1
v 0.02 0.04 0.1
v 0.03 0.04 0.1
v 0.03 0.04 0.1
v 0.03 0.03 0.1
v 0.04 0.03 0.1
v 0.04 0.03 0.1
v 0.04 0.02 0.1
v 0.04 0.02 0.1
v 0.05 0.02 0.1
v 0.05 0.01 0.1
v 0.05 0.01 0.1
v 0.05 0 0.1
v 0.05 0 0.1
v 0.05 -0 0.1
v 0.05 -0.01 0.1
v 0.05 -0.01 0.1
v 0.05 -0.02 0.1
v 0.04 -0.02 0.1
v 0.04 -0.02 0.1
v 0.04 -0.03 0.1
v 0.04 -0.03 0.1
v 0.03 -0.03 0.1
v 0.03 -0.04 0.1
v 0.03 -0.04 0.1
v 0.02 -0.04 0.1
v 0.02 -0.04 0.1
v 0.02 -0.05 0.1
v 0.01 -0.05 0.1
v 0.01 -0.05 0.1
v 0 -0.05 0.1
v 0.05 -0.01 0.09
v 0.05 -0.02 0.09
v 0.04 -0.02 0.09
v 0.04 -0.03 0.09
v 0.03 -0.04 0.09
v 0.02 -0.04 0.09
v 0.02 -0.05 0.09
v 0.01 -0.05 0.09
v -0 0.05 0.1
v -0.01 0.05 0.1
v -0.01 0.05 0.1
v -0.02 0.05 0.1
v -0.02 0.04 0.1
v -0.02 0.04 0.1
v -0.03 0.04 0.1
v -0.03 0.04 0.1
v -0.03 0.03 0.1
v -0.04 0.03 0.1
v -0.04 0.03 0.1
v -0.04 0.02 0.1
v -0.04 0.02 0.1
v -0.05 0.02 0.1
v -0.05 0.01 0.1
v -0.05 0.01 0.1
v -0.05 0 0.1
v -0.05 0 0.1
v -0.05 -0 0.1
v -0.05 -0.01 0.1
v -0.05 -0.01 0.1
v -0.05 -0.02 0.1
v -0.04 -0.02 0.1
v -0.04 -0.02 0.1
v -0.04 -0.03 0.1
v -0.04 -0.03 0.1
v -0.03 -0.03 0.1
v -0.03 -0.04 0.1
v -0.03 -0.04 0.1
v -0.02 -0.04 0.1
v -0.02 -0.04 0.1
v -0.02 -0.05 0.1
v -0.01 -0.05 0.1
v -0.01 -0.05 0.1
v -0 -0.05 0.1
v -0 0.05 0.1
v -0.01 0.05 0.1
v -0.01 0.05 0.1
v -0.02 0.05 0.1
v -0.02 0.04 0.1
v -0.02 0.04 0.1
v -0.03 0.04 0.1
v -0.03 0.04 0.1
v -0.03 0.03 0.1
v -0.04 0.03 0.1
v -0.04 0.03 0.1
v -0.04 0.02 0.1
v -0.04 0.02 0.1
v -0.05 0.02 0.1
v -0.05 0.01 0.1
v -0.05 0.01 0.1
v -0.05 0 0.1
v -0.05 0 0.1
v -0.05 -0 0.1
v -0.05 -0.01 0.1
v -0.05 -0.01 0.1
v -0.05 -0.02 0.1
v -0.04 -0.02 0.1
v -0.04 -0.02 0.1
v -0.04 -0.03 0.1
v -0.04 -0.03 0.1
v -0.03 -0.03 0.1
v -0.03 -0.04 0.1
v -0.03 -0.04 0.1
v -0.02 -0.04 0.1
v -0.02 -0.04 0.1
v -0.02 -0.05 0.1
v -0.01 -0.05 0.1
v -0.01 -0.05 0.1
v -0 -0.05 0.1
v -0 0.05 0.1
v -0.01 0.05 0.1
v -0.01 0.05 0.1
v -0.02 0.05 0.1
v -0.02 0.04 0.1
v -0.02 0.04 0.1
v -0.03 0.04 0.1
v -0.03 0.04 0.1
v -0.03 0.03 0.1
v -0.04 0.03 0.1
v -0.04 0.03 0.1
v -0.04 0.02 0.1
v -0.04 0.02 0.1
v -0.05 0.02 0.1
v -0.05 0.01 0.1
v -0.05 0.01 0.1
v -0.05 0 0.1
v -0.05 0 0.1
v -0.05 -0 0.1
v -0.05 -0.01 0.1
v -0.05 -0.01 0.1
v -0.05 -0.02 0.1
v -0.04 -0.02 0.1
v -0.04 -0.02 0.1
v -0.04 -0.03 0.1
v -0.04 -0.03 0.1
v -0.03 -0.03 0.1
v -0.03 -0.04 0.1
v -0.03 -0.04 0.1
v -0.02 -0.04 0.1
v -0.02 -0.04 0.1
v -0.02 -0.05 0.1
v -0.01 -0.05 0.1
v -0.01 -0.05 0.1
v -0 -0.05 0.1
v -0.01 0.05 0.1
v -0.01 0.05 0.1
v -0.01 0.05 0.1
v -0.01 0.05 0.1
v -0.01 0.05 0.1
v -0.01 0.05 0.1
v -0.02 0.05 0.1
v -0.02 0.04 0.1
v -0.02 0.04 0.1
v -0.02 0.04 0.1
v -0.03 0.04 0.1
v -0.03 0.04 0.1
v -0.03 0.04 0.1
v -0.03 0.04 0.1
v -0.03 0.04 0.1
v -0.03 0.04 0.1
v -0.04 0.03 0.1
v -0.04 0.03 0.1
v -0.04 0.03 0.1
v -0.04 0.03 0.1
v -0.04 0.03 0.1
v -0.04 0.03 0.1
v -0.04 0.02 0.1
v -0.04 0.02 0.1
v -0.04 0.02 0.1
v -0.04 0.02 0.1
v -0.05 0.01 0.1
v -0.05 0.01 0.1
v -0.05 0.01 0.1
v -0.05 0.01 0.1
v -0.05 0.01 0.1
v -0.05 0.01 0.1
v -0.05 0 0.1
v -0.05 0 0.1
v -0.05 -0 0.1
v -0.05 -0 0.1
v -0.05 -0.01 0.1
v -0.05 -0.01 0.1
v -0.05 -0.01 0.1
v -0.05 -0.01 0.1
v -0.05 -0.01 0.1
v -0.05 -0.01 0.1
v -0.05 -0.02 0.1
v -0.04 -0.02 0.1
v -0.04 -0.02 0.1
v -0.04 -0.02 0.1
v -0.04 -0.03 0.1
v -0.04 -0.03 0.1
v -0.04 -0.03 0.1
v -0.04 -0.03 0.1
v -0.04 -0.03 0.1
v -0.04 -0.03 0.1
v -0.03 -0.04 0.1
v -0.03 -0.04 0.1
v -0.03 -0.04 0.1
v -0.03 -0.04 0.1
v -0.03 -0.04 0.1
v -0.03 -0.04 0.1
v -0.02 -0.04 0.1
v -0.02 -0.04 0.1
v -0.02 -0.04 0.1
v -0.02 -0.04 0.1
v -0.01 -0.05 0.1
v -0.01 -0.05 0.1
v -0.01 -0.05 0.1
v -0.01 -0.05 0.1
v -0.01 -0.05 0.1
v -0.01 -0.05 0.1
v -0 -0.05 0.1
v -0 -0.05 0.1
v 0 -0.05 0.1
v 0 -0.05 0.1
v 0.01 -0.05 0.1
v 0.01 -0.05 0.1
v 0.01 -0.05 0.1
v 0.01 -0.05 0.1
v 0.01 -0.05 0.1
v 0.01 -0.05 0.1
v 0.02 -0.05 0.1
v 0.02 -0.04 0.1
v 0.02 -0.04 0.1
v 0.02 -0.04 0.1
v 0.03 -0.04 0.1
v 0.03 -0.04 0.1
v 0.03 -0.04 0.1
v 0.03 -0.04 0.1
v 0.03 -0.04 0.1
v 0.03 -0.04 0.1
v 0.04 -0.03 0.1
v 0.04 -0.03 0.1
v 0.04 -0.03 0.1
v 0.04 -0.03 0.1
v 0.04 -0.03 0.1
v 0.04 -0.03 0.1
v 0.04 -0.02 0.1
v 0.04 -0.02 0.1
v 0.04 -0.02 0.1
v 0.04 -0.02 0.1
v 0.05 -0.01 0.1
v 0.05 -0.01 0.1
v 0.05 -0.01 0.1
v 0.05 -0.01 0.1
v 0.05 -0.01 0.1
v 0.05 -0.01 0.1
v 0.05 -0 0.1
v 0.05 -0 0.1
v 0.05 0 0.1
v 0.05 0 0.1
v 0.05 0.01 0.1
v 0.05 0.01 0.1
v 0.05 0.01 0.1
v 0.05 0.01 0.1
v 0.05 0.01 0.1
v 0.05 0.01 0.1
v 0.05 0.02 0.1
v 0.04 0.02 0.1
v 0.04 0.02 0.1
v 0.04 0.02 0.1
v 0.04 0.03 0.1
v 0.04 0.03 0.1
v 0.04 0.03 0.1
v 0.04 0.03 0.1
v 0.04 0.03 0.1
v 0.04 0.03 0.1
v 0.03 0.04 0.1
v 0.03 0.04 0.1
v 0.03 0.04 0.1
v 0.03 0.04 0.1
v 0.03 0.04 0.1
v 0.03 0.04 0.1
v 0.02 0.04 0.1
v 0.02 0.04 0.1
v 0.02 0.04 0.1
v 0.02 0.04 0.1
v 0.01 0.05 0.1
v 0.01 0.05 0.1
v 0.01 0.05 0.1
v 0.01 0.05 0.1
v 0.01 0.05 0.1
v 0.01 0.05 0.1
v 0 0.05 0.1
v 0 0.05 0.1
v -0 0.05 0.1
v -0 0.05 0.1
v 0.01 -0.05 0.02
v 0.01 -0.05 0.02
v 0.01 -0.05 0.02
v 0.02 -0.05 0.02
v 0.02 -0.04 0.02
v 0.03 -0.04 0.02
v 0.03 -0.04 0.02
v 0.03 -0.04 0.02
v 0.04 -0.03 0.02
v 0.04 -0.03 0.02
v 0.04 -0.03 0.02
v 0.04 -0.02 0.02
v 0.05 -0.02 0.02
v 0.05 -0.01 0.02
v 0.05 -0.01 0.02
v 0.05 -0 0.02
v 0.05 -0 0.02
v 0.05 0 0.02
v 0.05 0.01 0.02
v 0.05 0.01 0.02
v 0.05 0.01 0.02
v 0.04 0.02 0.02
v 0.04 0.02 0.02
v 0.04 0.03 0.02
v 0.04 0.03 0.02
v 0.03 0.04 0.02
v 0.03 0.04 0.02
v -0.01 0.05 0.02
v 0 0.05 0.02
v 0 0.05 0.02
v 0.01 0.05 0.02
v 0.01 0.05 0.02
v 0.02 0.05 0.02
v 0.02 0.05 0.02
v 0.03 0.04 0.02
v 0.03 0.04 0.02
v -0.01 0.05 0.02
v -0.01 0.05 0.02
v -0.02 0.05 0.02
v -0.02 0.04 0.02
v -0.03 0.04 0.02
v -0.03 0.04 0.02
v -0.03 0.04 0.02
v -0.04 0.03 0.02
v -0.04 0.03 0.02
v -0.04 0.03 0.02
v -0.04 0.02 0.02
v -0.05 0.02 0.02
v -0.05 0.01 0.02
v -0.05 0.01 0.02
v -0.05 0 0.02
v -0.05 0 0.02
v -0.05 -0 0.02
v -0.05 -0.01 0.02
v -0.05 -0.01 0.02
v -0.05 -0.01 0.02
v -0.04 -0.02 0.02
v -0.04 -0.02 0.02
v -0.04 -0.03 0.02
v -0.04 -0.03 0.02
v -0.03 -0.04 0.02
v -0.03 -0.04 0.02
v -0.03 -0.04 0.02
v 0 -0.05 0.02
v -0 -0.05 0.02
v -0.01 -0.05 0.02
v -0.01 -0.05 0.02
v -0.02 -0.05 0.02
v -0.02 -0.05 0.02
v -0.03 -0.04 0.02
v 0 0.05 0
v 0 0.05 0
v 0 0.05 0
v 0 0.05 0
v 0 0.05 0
v 0 0.05 0
v 0 0.05 0
v 0 0.05 0
v 0 0.05 0
v 0 0.05 0
v 0 0.05 0
v 0 0.05 0
v 0 0.05 0
v 0 0.05 0
v 0 0.05 0
v 0 0.05 0
v 0 0.05 0
v 0 0.05 0
v 0 0.05 0
v 0 0.05 0
v 0 0.05 0
v 0.01 0.05 0.01
v 0.01 0.05 0.01
v 0.01 0.05 0.01
v 0 0.05 0
v 0 0.05 0
v 0 0.05 0
v 0 0.05 0
v 0.01 0.05 0
v 0.01 0.05 0.01
v 0.01 0.05 0.01
v 0.01 0.05 0.01
v 0.01 0.05 0.01
v 0.01 0.05 0.01
v 0.01 0.05 0.01
v 0.01 0.05 0.01
v 0.01 0.05 0.01
v 0.01 0.05 0.01
v 0.01 0.05 0.01
v 0.01 0.05 0.01
v 0.01 0.05 0.01
v 0.01 0.05 0.01
v 0.01 0.05 0.01
v 0.01 0.05 0.01
v 0.01 0.05 0.01
v 0.01 0.05 0.01
v 0.01 0.05 0.01
v 0.01 0.05 0.01
v 0.01 0.05 0.01
v 0.01 0.05 0.01
v 0.01 0.05 0.01
v 0.01 0.05 0.01
v 0.01 0.05 0.01
v 0.01 0.05 0.01
v 0.01 0.05 0.01
v 0.01 0.05 0.01
v 0.01 0.05 0.01
v 0.01 0.05 0.01
v 0.01 0.05 0.01
v 0 0.05 0.02
v 0 0.05 0.02
v 0 0.05 0.01
v 0 0.05 0.01
v 0 0.05 0.01
v 0 0.05 0.01
v 0 0.05 0.01
v 0 0.05 0.01
v 0 0.05 0.01
v 0 0.05 0.02
v 0 0.05 0.01
v 0 0.05 0.01
v 0 0.05 0.01
v 0 0.05 0.01
v 0 0.05 0.01
v 0 0.05 0.01
v 0 0.05 0.01
v 0 0.05 0.01
v 0 0.05 0.02
v 0 0.05 0.02
v 0 0.05 0.02
v 0 0.05 0.02
v 0 0.05 0.02
v 0 0.05 0.02
v -0 0.05 0.01
v -0 0.05 0.01
v -0 0.05 0.02
v -0 0.05 0.02
v -0 0.05 0.02
v -0 0.05 0.02
v -0 0.05 0.02
v -0 0.05 0.02
v 0 0.05 0.02
v 0 0.05 0.02
v 0 0.05 0.02
v 0 0.05 0.02
v -0 0.05 0.02
v -0 0.05 0.02
v -0 0.05 0.02
v -0 0.05 0.02
v -0 0.05 0.02
v -0 0.05 0.01
v -0 0.05 0.01
v -0 0.05 0.01
v -0 0.05 0.01
v -0 0.05 0.01
v -0 0.05 0.01
v -0 0.05 0.02
v -0 0.05 0.01
v -0 0.05 0.01
v -0 0.05 0.01
v -0 0.05 0.01
v -0 0.05 0.01
v -0 0.05 0.01
v -0.01 0.05 0.01
v -0.01 0.05 0.01
v -0.01 0.05 0.01
v -0.01 0.05 0.01
v -0.01 0.05 0.01
v -0.01 0.05 0.01
v -0 0.05 0.01
v -0 0.05 0.01
v -0.01 0.05 0.01
v -0.01 0.05 0.01
v -0.01 0.05 0.01
v -0.01 0.05 0.01
v -0.01 0.05 0.01
v -0.01 0.05 0.01
v -0.01 0.05 0.01
v -0.01 0.05 0.01
v -0.01 0.05 0.01
v -0.01 0.05 0.01
v -0.01 0.05 0.01
v -0.01 0.05 0.01
v -0.01 0.05 0.01
v -0.01 0.05 0.01
v -0.01 0.05 0.01
v -0.01 0.05 0.01
v -0.01 0.05 0.01
v -0.01 0.05 0.01
v -0.01 0.05 0.01
v -0.01 0.05 0.01
v -0.01 0.05 0.01
v -0.01 0.05 0
v -0.01 0.05 0
v -0 0.05 0
v -0.01 0.05 0.01
v -0.01 0.05 0.01
v -0.01 0.05 0.01
v -0.01 0.05 0.01
v -0 0.05 0
v -0 0.05 0
v -0 0.05 0
v -0 0.05 0
v -0 0.05 0
v -0 0.05 0
v -0 0.05 0
v -0 0.05 0
v -0 0.05 0
v -0 0.05 0
v -0 0.05 0
v -0 0.05 0
v -0 0.05 0
v -0 0.05 0
v -0 0.05 0
v -0 0.05 0
v -0 0.05 0
v -0 0.05 0
v -0 0.05 0
v -0 0.05 0
v -0 0.05 0
v -0 0.05 0
v -0 0.05 0
v -0 0.05 0
v -0 0.05 0
v -0 0.05 0
v 0 0.05 0
v 0 0.05 0
v 0 0.05 0
v 0 0.03 0
v 0 0.03 0
v 0 0.03 0
v -0 0.03 0
v -0 0.04 0
v 0 0.04 0
v -0 0.03 0
v -0.01 0.03 0
v -0 0.03 0
v 0 0.04 0
v 0 0.03 0
v 0.01 0.03 0
v 0.01 0.03 -0
v 0.01 0.03 -0
v 0.01 0.03 -0
v 0.01 0.03 -0
v 0.01 0.04 -0
v 0.01 0.04 -0
v 0.02 0.04 -0
v 0.02 0.04 -0
v -0.02 0.04 -0
v -0.02 0.04 -0
v -0.02 0.04 -0
v -0.02 0.04 -0
v 0 0.04 -0
v 0 0.04 -0
v 0 0.04 -0
v 0 0.04 -0
v 0 0.03 -0
v 0 0.03 -0
v 0.01 0.03 -0
v 0.01 0.03 -0
v 0 0.03 -0
v 0 0.03 -0
v 0 0.03 -0
v 0 0.03 -0
v 0 0.03 -0
v 0 0.03 -0
v 0 0.02 -0
v 0 0.02 -0
v -0 0.02 -0
v -0 0.02 -0
v -0.01 0.03 -0
v -0.01 0.03 -0
v -0.01 0.03 -0
v -0.01 0.03 -0
v -0.01 0.03 -0
v -0.01 0.03 -0
v -0.01 0.04 -0
v -0.01 0.04 -0
v -0.01 0.04 -0
v -0.01 0.04 -0
v -0 0.04 -0
v -0 0.04 -0
v 0 0.04 -0
v 0 0.04 -0
v 0 0.04 -0
v -0 0.04 -0
v -0.01 0.04 -0
v -0.01 0.04 -0
v -0.01 0.03 -0
v -0.01 0.03 -0
v -0.01 0.03 -0
v -0.01 0.03 -0
v -0.01 0.03 -0
v -0 0.02 -0
v 0 0.02 -0
v -0 0.04 -0
v 0 0.02 -0
v -0 0.03 -0
v 0 0.04 -0
v 0.01 0.04 -0
v 0.01 0.04 -0
v 0.01 0.03 -0
v 0.01 0.03 -0
v 0.01 0.03 -0
v -0 0.03 -0
v -0.01 0.03 -0
v -0 0.03 -0
v 0 0.05 0.02
v 0 0.05 0.02
v 0 0.05 0.02
v -0 0.05 0.02
v -0 0.05 0.02
v -0 0.05 0.02
v -0 0.05 0.02
v 0 0.05 0.02
v 0 0.05 0.02
v 0 0.05 0.02
v 0 0.05 0.02
v 0 0.05 0.02
v -0 0.05 0.02
v -0 0.05 0.02
v -0 0.05 0.02
v -0 0.05 0.02
v 0.01 0.05 0.01
v 0.01 0.05 0.01
v 0.01 0.05 0.01
v 0.01 0.05 0.01
v 0.01 0.05 0.01
v 0.01 0.05 0.01
v 0.01 0.05 0.01
v 0.01 0.05 0.01
v 0.01 0.05 0.01
v 0.01 0.05 0.01
v 0.01 0.05 0.01
v 0.01 0.05 0.01
v 0.01 0.05 0.01
v 0.01 0.05 0.01
v 0.01 0.05 0.01
v -0.01 0.05 0.01
v -0.01 0.05 0.01
v -0.01 0.05 0.01
v -0.01 0.05 0.01
v -0.01 0.05 0.01
v -0.01 0.05 0.01
v -0.01 0.05 0.01
v -0.01 0.05 0.01
v -0.01 0.05 0.01
v -0.01 0.05 0.01
v -0.01 0.05 0.01
v -0.01 0.05 0.01
v -0.01 0.05 0.01
v -0.01 0.05 0.01
v -0.01 0.05 0.01
v -0.01 0.05 0.01
v -0.01 0.05 0.01
v -0.01 0.05 0.01
v -0.01 0.05 0.01
v -0 0.05 0
v -0 0.05 0
v -0 0.05 0
v 0.01 0.05 0
v 0.01 0.05 0
v 0 0.05 0
v -0.01 0.05 0
v -0.01 0.05 0
v -0.01 0.05 0
v 0 0.05 0
v 0 0.05 0
v 0 0.05 0
v 0.01 0.05 0
v -0 0.05 0
v -0 0.05 0
v -0 0.05 0
v -0 0.05 0
v 0 0.05 0
v 0 0.05 0
v 0 0.05 0
v 0 0.05 0
v 0 0.05 0
v 0 0.05 0
v 0 0.05 0
v 0.01 0.05 0.01
v -0.01 0.05 0.01
v -0.01 0.05 0.01
v -0.01 0.05 0.01
v -0.01 0.05 0.01
v -0.01 0.05 0.01
v -0 0.05 0.02
v -0 0.05 0.02
v -0 0.05 0.02
v 0 0.05 0.02
v 0 0.05 0.02
v 0 0.05 0.02
v 0 0.05 0.02
v 0.01 0.05 0.01
v 0.01 0.05 0.01
v 0.01 0.05 0.01
v 0 -0.01 -0
v 0 -0.01 -0
v -0 0.01 -0
v -0 -0.01 -0
v -0.01 -0 -0
v -0.01 0 -0
v -0.01 0 -0
v 0 0.01 -0
v 0 0.01 -0
v 0.01 0.01 -0
v 0.01 -0 -0
v 0.01 -0.01 -0
v 0.01 0 -0
v 0.01 0 -0
v -0.01 -0.01 -0
v -0.01 0.01 -0
v 0 0.01 -0
v -0 0.01 -0
v -0.01 0.01 -0
v -0.01 0 -0
v -0.01 0 -0
v -0.01 -0 -0
v -0.01 -0.01 -0
v -0 -0.01 -0
v 0 -0.01 -0
v 0.01 -0.05 -0
v 0.02 -0.04 -0
v 0.02 -0.04 0
v 0.01 -0.05 0
v 0.01 -0.05 0
v 0.01 -0.05 -0
v 0.01 -0.05 0
v 0.01 -0.05 0
v 0 -0.05 0
v 0 -0.05 -0
v 0.02 -0.04 0
v 0.02 -0.04 -0
v -0.02 -0.04 0
v -0.02 -0.04 -0
v -0.02 -0.04 0
v -0.02 -0.04 -0
v 0.02 -0.04 0
v 0.02 -0.04 0
v 0.02 -0.04 -0
v 0.02 -0.04 -0
v -0.02 -0.04 0
v -0.02 -0.04 -0
v -0.02 -0.04 -0
v -0.02 -0.04 0
v -0.03 -0.04 0
v -0.03 -0.04 -0
v -0.03 -0.04 0
v -0.04 -0.03 -0
v -0.04 -0.03 0
v -0.04 -0.03 0
v -0.04 -0.03 -0
v -0.04 -0.03 0
v -0.04 -0.02 -0
v -0.05 -0.02 0
v -0.05 -0.02 -0
v -0.05 -0.02 0
v -0.05 -0.01 -0
v -0.05 -0.01 0
v -0.05 -0.01 0
v -0.05 -0.01 -0
v -0.05 -0 -0
v -0.05 -0 0
v -0.05 -0 0
v -0.05 0.01 -0
v -0.05 0.01 0
v -0.05 0.01 0
v -0.05 0.02 -0
v -0.05 0.01 0
v -0.05 0.02 0
v -0.04 0.02 -0
v -0.04 0.02 0
v -0.04 0.02 0
v -0.04 0.03 -0
v -0.04 0.03 0
v -0.04 0.03 0
v -0.03 0.04 -0
v -0.03 0.04 0
v -0.03 0.04 0
v -0.03 0.04 -0
v -0.03 0.04 0
v -0.03 0.04 0
v -0.02 0.05 -0
v -0.02 0.05 0
v -0.02 0.05 0
v -0.01 0.05 0
v -0.01 0.05 -0
v -0.01 0.05 0
v 0 0.05 0
v 0 0.05 -0
v 0.01 0.05 0
v 0.01 0.05 -0
v 0.01 0.05 0
v 0.02 0.05 -0
v 0.02 0.05 0
v 0.02 0.05 0
v 0.03 0.04 -0
v 0.03 0.04 0
v 0.03 0.04 0
v 0.03 0.04 -0
v 0.03 0.04 0
v 0.03 0.04 0
v 0.04 0.03 -0
v 0.04 0.03 0
v 0.04 0.03 0
v 0.04 0.02 -0
v 0.04 0.02 0
v 0.04 0.02 0
v 0.05 0.02 -0
v 0.05 0.02 0
v 0.05 0.01 0
v 0.05 0.01 -0
v 0.05 0.01 0
v 0.05 0.01 0
v 0.05 -0 -0
v 0.05 -0 0
v 0.05 -0 0
v 0.05 -0.01 -0
v 0.05 -0.01 0
v 0.05 -0.01 0
v 0.05 -0.02 -0
v 0.05 -0.02 0
v 0.05 -0.02 0
v 0.04 -0.03 -0
v 0.04 -0.03 0
v 0.04 -0.03 0
v 0.04 -0.03 -0
v 0.04 -0.03 0
v 0.03 -0.04 0
v 0.03 -0.04 -0
v 0.03 -0.04 0
v -0.02 -0.04 0.02
v -0.02 -0.04 0.02
v -0.02 -0.04 0.02
v -0.02 -0.04 0.02
v -0.02 -0.04 0.01
v -0.02 -0.04 0.01
v -0.02 -0.04 0.01
v -0.02 -0.04 0.01
v -0.02 -0.04 0.01
v -0.02 -0.04 0
v -0.02 -0.04 0
v -0.02 -0.04 0.01
v -0.02 -0.04 0.01
v -0.02 -0.04 0.01
v 0.02 -0.04 0.02
v 0.02 -0.04 0.02
v 0.02 -0.04 0.02
v 0.02 -0.04 0.02
v -0.02 -0.04 0
v -0.02 -0.04 0.02
v -0.02 -0.04 0.02
v 0.02 -0.04 0
v 0.02 -0.04 0.02
v 0.02 -0.04 0.02
v 0.02 -0.04 0.02
v -0.02 -0.04 0.02
v -0.02 -0.05 0.02
v -0.01 -0.05 0.02
v -0.01 -0.05 0.02
v -0.01 -0.05 0.02
v -0 -0.05 0.02
v 0 -0.05 0.02
v 0 -0.05 0.02
v 0.02 -0.05 0.02
v 0 -0.05 0.02
v 0.01 -0.05 0.02
v 0.01 -0.05 0.02
v 0.01 -0.05 0.02
v -0.01 -0.05 0.01
v -0.01 -0.05 0.01
v -0.01 -0.05 0.01
v -0.01 -0.05 0.01
v -0.01 -0.05 0.01
v -0.01 -0.05 0.01
v -0.01 -0.05 0.01
v -0.01 -0.05 0.01
v -0.01 -0.05 0.01
v -0.01 -0.05 0.01
v -0.01 -0.05 0.01
v -0.01 -0.05 0.01
v -0.01 -0.05 0.01
v -0.01 -0.05 0.01
v -0.01 -0.05 0.01
v -0.01 -0.05 0.01
v -0.01 -0.05 0.01
v -0.01 -0.05 0.01
v -0.01 -0.05 0.01
v -0.01 -0.05 0.01
v -0.01 -0.05 0.01
v -0.01 -0.05 0.01
v -0.01 -0.05 0.01
v -0.01 -0.05 0.01
v -0.01 -0.05 0.01
v -0.01 -0.05 0.01
v -0.01 -0.05 0.01
v -0.01 -0.05 0.01
v -0.01 -0.05 0.01
v -0.01 -0.05 0.01
v -0.01 -0.05 0
v -0.01 -0.05 0
v -0.01 -0.05 0.01
v -0.01 -0.05 0
v -0.01 -0.05 0.01
v -0.01 -0.05 0.01
v -0.01 -0.05 0.01
v -0.01 -0.05 0.01
v -0.01 -0.05 0.01
v -0.01 -0.05 0.01
v -0.01 -0.05 0.01
v -0.01 -0.05 0.01
v -0.01 -0.05 0.01
v -0.01 -0.05 0.01
v -0.01 -0.05 0.01
v -0.01 -0.05 0.01
v -0.01 -0.05 0.01
v -0.01 -0.05 0.01
v -0.01 -0.05 0.01
v -0.01 -0.05 0.01
v -0.01 -0.05 0.01
v -0.01 -0.05 0.01
v -0.01 -0.05 0.01
v -0.01 -0.05 0.01
v -0.01 -0.05 0.01
v -0.01 -0.05 0.01
v -0.01 -0.05 0.01
v -0.01 -0.05 0.01
v -0.01 -0.05 0.01
v -0.01 -0.05 0.01
v -0.02 -0.05 0.01
v -0.02 -0.05 0.01
v -0.02 -0.05 0.01
v -0.02 -0.05 0.01
v -0.01 -0.05 0.01
v -0.02 -0.05 0.01
v -0.02 -0.05 0.01
v -0.02 -0.05 0.01
v -0.02 -0.05 0.01
v -0.02 -0.05 0.01
v -0.02 -0.05 0.01
v -0.02 -0.05 0.01
v -0.02 -0.05 0.01
v -0.02 -0.05 0.01
v -0.02 -0.05 0.01
v -0.02 -0.05 0.01
v -0.02 -0.05 0.01
v -0.02 -0.05 0.01
v -0.02 -0.05 0.01
v -0.01 -0.05 0.01
v -0.01 -0.05 0.01
v -0.01 -0.05 0.01
v -0.01 -0.05 0.01
v -0.01 -0.05 0.01
v -0 -0.05 0.01
v -0 -0.05 0.01
v -0 -0.05 0.01
v -0 -0.05 0.01
v -0 -0.05 0.01
v -0 -0.05 0.01
v -0.01 -0.05 0
v -0 -0.05 0
v -0 -0.05 0
v -0 -0.05 0
v -0 -0.05 0
v -0 -0.05 0.01
v -0 -0.05 0
v -0 -0.05 0.01
v -0.01 -0.05 0.01
v -0 -0.05 0.01
v -0 -0.05 0.01
v -0 -0.05 0.01
v -0 -0.05 0.01
v -0 -0.05 0.01
v -0 -0.05 0.01
v -0 -0.05 0.01
v -0 -0.05 0.01
v -0 -0.05 0.01
v -0.01 -0.05 0.01
v -0.01 -0.05 0.01
v -0.01 -0.05 0.01
v -0.01 -0.05 0.01
v -0.01 -0.05 0.01
v -0.01 -0.05 0.01
v -0.01 -0.05 0.01
v -0.01 -0.05 0.01
v -0.01 -0.05 0.01
v -0.01 -0.05 0.01
v -0.01 -0.05 0.01
v -0 -0.05 0.01
v -0 -0.05 0.01
v -0 -0.05 0.01
v -0 -0.05 0.01
v -0 -0.05 0.01
v -0 -0.05 0.01
v -0 -0.05 0.01
v -0 -0.05 0.01
v -0 -0.05 0.01
v 0 -0.05 0.01
v 0 -0.05 0.01
v 0 -0.05 0.01
v 0 -0.05 0.01
v 0 -0.05 0.01
v 0.01 -0.05 0.01
v 0.01 -0.05 0.01
v 0 -0.05 0.01
v 0.01 -0.05 0.01
v 0 -0.05 0.01
v 0 -0.05 0.01
v 0 -0.05 0.01
v 0 -0.05 0.01
v 0 -0.05 0.01
v 0.01 -0.05 0.01
v 0.01 -0.05 0.01
v 0.01 -0.05 0.01
v 0.01 -0.05 0.01
v 0.01 -0.05 0.01
v 0.01 -0.05 0.01
v 0.01 -0.05 0.01
v 0 -0.05 0
v 0 -0.05 0
v -0 -0.05 0
v -0 -0.05 0
v 0 -0.05 0.01
v 0 -0.05 0.01
v 0 -0.05 0.01
v 0 -0.05 0.01
v 0 -0.05 0.01
v 0 -0.05 0.01
v 0 -0.05 0.01
v 0 -0.05 0.01
v 0 -0.05 0.01
v 0 -0.05 0.01
v 0 -0.05 0.01
v 0 -0.05 0.01
v 0 -0.05 0.01
v 0 -0.05 0
v 0 -0.05 0.01
v 0 -0.05 0.01
v 0 -0.05 0
v 0 -0.05 0.01
v -0 -0.05 0
v 0 -0.05 0.01
v -0 -0.05 0.01
v 0 -0.05 0
v 0.01 -0.05 0.01
v 0.01 -0.05 0.01
v 0 -0.05 0
v 0 -0.05 0
v 0 -0.05 0
v 0 -0.05 0.01
v 0 -0.05 0.01
v 0 -0.05 0.01
v 0 -0.05 0.01
v 0 -0.05 0.01
v 0 -0.05 0.01
v 0 -0.05 0.01
v -0 -0.05 0.01
v -0 -0.05 0.01
v -0 -0.05 0.01
v -0 -0.05 0.01
v -0 -0.05 0.01
v -0 -0.05 0.01
v -0 -0.05 0.01
v -0 -0.05 0.01
v -0 -0.05 0.01
v -0 -0.05 0.01
v 0 -0.05 0.01
v 0 -0.05 0.01
v 0 -0.05 0.01
v -0 -0.05 0.01
v -0 -0.05 0.01
v -0 -0.05 0.01
v -0 -0.05 0.01
v -0 -0.05 0.01
v -0 -0.05 0.01
v 0 -0.05 0.01
v 0 -0.05 0.01
v 0 -0.05 0.01
v 0 -0.05 0.01
v 0 -0.05 0.01
v 0 -0.05 0.01
v 0 -0.05 0.01
v 0.01 -0.05 0.01
v 0.01 -0.05 0.01
v 0.01 -0.05 0.01
v 0.01 -0.05 0.01
v 0.01 -0.05 0.01
v 0.01 -0.05 0.01
v 0.01 -0.05 0.01
v 0.01 -0.05 0.01
v 0.01 -0.05 0.01
v 0.01 -0.05 0.01
v 0.01 -0.05 0.01
v 0.01 -0.05 0.01
v 0.01 -0.05 0.01
v 0.01 -0.05 0.01
v 0.01 -0.05 0.01
v 0.01 -0.05 0.01
v 0.01 -0.05 0.01
v 0.01 -0.05 0.01
v 0.01 -0.05 0.01
v 0.01 -0.05 0.01
v 0.01 -0.05 0.01
v 0.01 -0.05 0.01
v 0.01 -0.05 0.01
v 0.01 -0.05 0.01
v 0.01 -0.05 0.01
v 0.01 -0.05 0.01
v 0.01 -0.05 0.01
v 0.01 -0.05 0.01
v 0.01 -0.05 0.01
v 0.01 -0.05 0.01
v 0.01 -0.05 0.01
v 0.01 -0.05 0.01
v 0.01 -0.05 0.01
v 0.01 -0.05 0.01
v 0.01 -0.05 0.01
v 0.01 -0.05 0.01
v 0.01 -0.05 0.01
v 0.01 -0.05 0.01
v 0.01 -0.05 0.01
v 0.01 -0.05 0.01
v 0.01 -0.05 0.01
v 0.01 -0.05 0.01
v 0.01 -0.05 0.01
v 0.01 -0.05 0.01
v 0.01 -0.05 0.01
v 0.01 -0.05 0.01
v 0.01 -0.05 0.01
v 0.01 -0.05 0.01
v 0.01 -0.05 0.01
v 0.01 -0.05 0.01
v 0.01 -0.05 0.01
v 0.01 -0.05 0.01
v 0.01 -0.05 0.01
v 0.01 -0.05 0.01
v 0.01 -0.05 0.01
v 0.02 -0.05 0.01
v 0.01 -0.05 0.01
v 0.01 -0.05 0.01
v 0.01 -0.05 0.01
v 0.01 -0.05 0.01
v 0.01 -0.05 0.01
v 0.01 -0.05 0.01
v 0.01 -0.05 0.01
v 0.01 -0.05 0.01
v 0.01 -0.05 0.01
v 0.01 -0.05 0.01
v 0.01 -0.05 0.01
v 0.01 -0.05 0.01
v 0.01 -0.05 0.01
v 0.01 -0.05 0.01
v 0.01 -0.05 0.01
v 0.01 -0.05 0.01
v 0.01 -0.05 0.01
v 0.01 -0.05 0.01
v 0.01 -0.05 0.01
v 0.01 -0.05 0.01
v 0.02 -0.05 0.01
v 0.02 -0.05 0.01
v 0.02 -0.05 0.01
v 0.01 -0.05 0.01
v 0.02 -0.05 0.01
v 0.02 -0.05 0.01
v 0.01 -0.05 0.01
v 0.02 -0.05 0.01
v 0.02 -0.05 0.01
v 0.01 -0.05 0.01
v 0.02 -0.05 0.01
v 0.02 -0.05 0.01
v 0.02 -0.05 0.01
v 0.02 -0.05 0.01
v 0.02 -0.05 0.01
v 0.02 -0.05 0.01
v 0.02 -0.05 0.01
v 0.02 -0.05 0.01
v 0.02 -0.05 0.01
v 0.02 -0.05 0.01
v 0.04 0.02 0.01
v 0.04 0.02 -0
v 0.04 0.02 0.01
v 0.04 0.02 -0
v 0.04 0.02 0.01
v 0.04 0.02 -0
v 0.04 0.02 0.01
v 0.04 0.02 -0
v 0.04 0.02 0.01
v 0.04 0.02 -0
v 0.04 0.02 0.01
v 0.04 0.02 -0
v 0.04 0.02 0.01
v 0.04 0.02 -0
v 0.04 0.02 0.01
v -0.04 0.02 0.01
v -0.04 0.02 -0
v -0.04 0.02 0.01
v -0.04 0.02 -0
v -0.04 0.02 0.01
v -0.04 0.02 -0
v -0.04 0.02 0.01
v -0.04 0.02 -0
v -0.04 0.02 0.01
v -0.04 0.02 -0
v -0.04 0.02 0.01
v -0.04 0.02 -0
v -0.04 0.02 0.01
v -0.04 0.02 -0
v -0.04 0.02 0.01
v 0 -0.04 0.01
v 0 -0.04 -0
v 0 -0.04 0.01
v 0 -0.04 -0
v 0 -0.04 0.01
v 0 -0.04 -0
v 0 -0.04 0.01
v 0 -0.04 -0
v 0 -0.05 0.01
v 0 -0.05 -0
v 0 -0.05 0.01
v 0 -0.05 -0
v 0 -0.05 0.01
v 0 -0.05 -0
v 0 -0.04 0.01
v 0.04 0 0
v 0.04 0 0
v 0.04 -0 0
v 0.05 0 0
v 0.05 -0 0
v 0.05 -0 0
v 0.05 0 0
v 0.05 0 0
v 0.04 0 0
v 0.04 0 0
v 0.04 -0 0
v 0.04 -0 0
v 0.04 0 -0
v 0.05 0 -0
v 0.05 0 -0
v 0.05 0 -0
v 0.05 -0 -0
v 0.05 -0 -0
v 0.04 -0 -0
v -0.05 0 0
v -0.05 0 0
v -0.05 0 0
v -0.05 -0 0
v -0.04 -0 0
v -0.04 0 0
v -0.04 0 0
v -0.05 0 0
v -0.05 -0 0
v -0.05 -0 0
v -0.04 -0 0
v -0.04 -0 0
v -0.04 0 0
v -0.04 0 0
v -0.04 0 -0
v -0.05 0 -0
v -0.04 0 -0
v -0.04 0 -0
v -0.04 0 -0
v -0.04 -0 -0
v -0.04 -0 -0
v -0.04 -0 -0
v -0.05 -0 -0
v -0.05 -0 -0
v -0.05 -0 -0
v -0.05 0 -0
v -0.05 0 -0
v -0.05 0 -0
v 0.04 0.01 -0
v 0.04 -0.02 -0
v -0.03 0.03 -0
v 0.01 0.03 -0
v -0.01 0.03 -0
v 0.02 0.04 -0
v -0.01 0.04 -0
v 0 0.04 -0
v 0.01 0.04 -0
v 0.01 0.04 -0
v 0.03 0.03 -0
v 0.03 0.03 -0
v 0.04 0.02 -0
v 0.04 0.01 -0
v 0.04 0.02 -0
v 0.04 0.02 -0
v 0.04 0.02 -0
v 0.04 0.02 -0
v 0.04 0.02 -0
v 0.04 -0.02 -0
v 0.04 -0.01 -0
v 0.04 -0 -0
v 0.04 0 -0
v 0.02 -0.04 -0
v 0.03 -0.03 -0
v 0.03 -0.03 -0
v -0.02 -0.04 -0
v -0.02 -0.04 -0
v -0.01 -0.04 -0
v -0 -0.04 -0
v 0 -0.04 -0
v 0.02 -0.04 -0
v 0.01 -0.04 -0
v -0.03 -0.03 -0
v -0.04 -0.02 -0
v -0.03 -0.03 -0
v -0.04 -0.02 -0
v -0.04 -0.01 -0
v -0.04 -0 -0
v -0.04 0.01 -0
v -0.04 0.02 -0
v -0.04 0.01 -0
v -0.04 0 -0
v -0.03 0.03 -0
v -0.04 0.02 -0
v -0.04 0.02 -0
v -0.04 0.02 -0
v -0.04 0.02 -0
v -0.04 0.02 -0
v 0.02 -0.04 -0
v 0.04 -0 -0
v 0.04 -0 -0
v 0.04 0 -0
v 0.04 0 -0
v 0.04 0 -0
v -0.02 -0.04 -0
v -0 -0.04 -0
v -0 -0.05 -0
v -0.01 -0.05 -0
v -0 -0.05 -0
v -0 -0.04 -0
v -0 -0.04 -0
v -0.01 -0.05 -0
v -0 -0.05 0
v 0 -0.05 0
v 0.02 -0.05 0.01
v 0.01 -0.05 0.01
v 0.02 -0.05 0.01
v 0.02 -0.05 0.01
v 0.02 -0.05 0.01
v 0.02 -0.05 0.01
v 0.02 -0.05 0.01
v 0.02 -0.05 0.01
v 0.02 -0.05 0.01
v 0.02 -0.05 0.01
v 0.01 -0.05 0.01
v 0.01 -0.05 0.01
v 0 -0.05 0.01
v 0 -0.05 0.01
v 0 -0.05 0.01
v 0 -0.05 0.01
v 0 -0.05 0.01
v 0 -0.05 0.01
v 0 -0.05 0.01
v 0 -0.05 0.01
v -0 -0.05 0.01
v -0 -0.05 0.01
v -0 -0.05 0.01
v -0 -0.05 0.01
v -0 -0.05 0.01
v -0 -0.05 0.01
v -0 -0.05 0.01
v -0 -0.05 0.01
v -0 -0.05 0.01
v -0 -0.05 0.01
v -0.01 -0.05 0.01
v -0.01 -0.05 0.01
v -0.01 -0.05 0.01
v -0.01 -0.05 0.01
v -0 -0.05 0.01
v -0 0.05 0.02
v -0.02 -0.04 0.02
v -0.02 -0.04 0.02
v -0.03 -0.04 0.02
v -0.03 -0.04 0.02
v -0.03 -0.04 0.02
v -0.04 -0.03 0.02
v -0.04 -0.03 0.02
v -0.04 -0.02 0.02
v -0.04 -0.02 0.02
v -0.05 -0.02 0.02
v -0.05 -0.01 0.02
v -0.05 -0.01 0.02
v -0.05 -0 0.02
v -0.05 0 0.02
v -0.05 0 0.02
v -0.05 0.01 0.02
v -0.05 0.01 0.02
v -0.05 0.02 0.02
v -0.04 0.02 0.02
v -0.04 0.03 0.02
v -0.04 0.03 0.02
v -0.04 0.03 0.02
v -0.03 0.04 0.02
v -0.03 0.04 0.02
v -0.03 0.04 0.02
v -0.02 0.04 0.02
v -0.02 0.05 0.02
v -0.01 0.05 0.02
v -0.01 0.05 0.02
v 0.02 -0.04 0.02
v 0.02 -0.04 0.02
v 0 0.05 0.02
v 0.01 0.05 0.02
v 0.01 0.05 0.02
v 0.02 0.05 0.02
v 0.02 0.04 0.02
v 0.03 0.04 0.02
v 0.03 0.04 0.02
v 0.03 0.04 0.02
v 0.04 0.03 0.02
v 0.04 0.03 0.02
v 0.04 0.03 0.02
v 0.04 0.02 0.02
v 0.05 0.02 0.02
v 0.05 0.01 0.02
v 0.05 0.01 0.02
v 0.05 0 0.02
v 0.05 0 0.02
v 0.05 -0 0.02
v 0.05 -0.01 0.02
v 0.05 -0.01 0.02
v 0.05 -0.02 0.02
v 0.04 -0.02 0.02
v 0.04 -0.02 0.02
v 0.04 -0.03 0.02
v 0.04 -0.03 0.02
v 0.03 -0.04 0.02
v 0.03 -0.04 0.02
v 0.03 -0.04 0.02
v 0.01 0.05 0.01
v 0.02 0.04 0.01
v 0.03 0.04 0.01
v 0.04 0.03 0.01
v 0.04 0.03 0.01
v 0.05 0.02 0.01
v 0.05 0.01 0.01
v 0.05 0 0.01
v 0.05 -0.01 0.01
v 0.05 -0.02 0.01
v 0.04 -0.02 0.01
v 0.04 -0.03 0.01
v 0.03 -0.04 0.01
v 0.02 -0.04 0.01
v 0.02 -0.04 0.01
v -0.02 -0.04 0.01
v -0.03 -0.04 0.01
v -0.04 -0.03 0.01
v -0.04 -0.02 0.01
v -0.05 -0.02 0.01
v -0.05 -0.01 0.01
v -0.05 0 0.01
v -0.05 0.01 0.01
v -0.05 0.02 0.01
v -0.04 0.03 0.01
v -0.04 0.03 0.01
v -0.03 0.04 0.01
v -0.02 0.04 0.01
v -0.01 0.05 0.01
v 0.02 -0.04 0.01
v 0.01 0.05 0.01
v 0.02 0.05 0.01
v 0.02 0.04 0.01
v 0.03 0.04 0.01
v 0.04 0.03 0.01
v 0.02 -0.04 0.01
v 0.03 -0.04 0.01
v 0.03 -0.04 0.01
v 0.04 -0.03 0.01
v 0.04 -0.02 0.01
v 0.05 -0.02 0.01
v 0.05 -0.01 0.01
v 0.05 0 0.01
v 0.05 0.01 0.01
v 0.05 0.02 0.01
v 0.04 0.03 0.01
v -0.01 0.05 0.01
v -0.02 0.05 0.01
v -0.02 0.04 0.01
v -0.03 0.04 0.01
v -0.04 0.03 0.01
v -0.04 0.03 0.01
v -0.05 0.02 0.01
v -0.05 0.01 0.01
v -0.05 0 0.01
v -0.05 -0.01 0.01
v -0.05 -0.02 0.01
v -0.04 -0.02 0.01
v -0.04 -0.03 0.01
v -0.03 -0.04 0.01
v -0.03 -0.04 0.01
v -0.02 -0.04 0.01
v 0.01 0.05 0
v 0.01 0.05 0
v 0.02 -0.04 0
v 0.02 -0.04 0
v 0.02 -0.04 0
v 0.02 -0.04 0
v 0.03 -0.04 0
v 0.03 -0.04 0
v 0.03 -0.04 0
v 0.04 -0.03 0
v 0.04 -0.03 0
v 0.04 -0.03 0
v 0.05 -0.02 0
v 0.05 -0.02 0
v 0.05 -0.01 0
v 0.05 -0.01 0
v 0.05 -0 0
v 0.05 0 0
v 0.05 0.01 0
v 0.05 0.01 0
v 0.05 0.01 0
v 0.05 0.02 0
v 0.04 0.02 0
v 0.04 0.03 0
v 0.04 0.03 0
v 0.04 0.03 0
v 0.03 0.04 0
v 0.03 0.04 0
v 0.03 0.04 0
v 0.02 0.04 0
v 0.02 0.05 0
v 0.02 0.05 0
v 0.01 0.05 0
v -0.01 0.05 0
v -0.02 -0.04 0
v -0.01 0.05 0
v -0.01 0.05 0
v -0.02 0.05 0
v -0.02 0.05 0
v -0.02 0.04 0
v -0.03 0.04 0
v -0.03 0.04 0
v -0.03 0.04 0
v -0.04 0.03 0
v -0.04 0.03 0
v -0.04 0.03 0
v -0.04 0.02 0
v -0.05 0.02 0
v -0.05 0.01 0
v -0.05 0.01 0
v -0.05 0.01 0
v -0.05 0 0
v -0.05 -0 0
v -0.05 -0.01 0
v -0.05 -0.01 0
v -0.05 -0.02 0
v -0.05 -0.02 0
v -0.04 -0.03 0
v -0.04 -0.03 0
v -0.04 -0.03 0
v -0.03 -0.04 0
v -0.03 -0.04 0
v -0.03 -0.04 0
v -0.02 -0.04 0
v 0.01 0.05 0.01
v 0.01 0.05 0.01
v 0.01 0.05 0.01
v 0.01 0.05 0
v 0.02 0.05 0.01
v 0.02 0.04 0.01
v 0.03 0.04 0.01
v 0.04 0.03 0.01
v 0.04 0.03 0.01
v 0.05 0.02 0.01
v 0.05 0.01 0.01
v 0.05 0 0.01
v 0.05 -0.01 0.01
v 0.05 -0.02 0.01
v 0.04 -0.03 0.01
v 0.04 -0.03 0.01
v 0.03 -0.04 0.01
v 0.02 -0.04 0.01
v 0.02 -0.04 0.01
v -0.02 -0.04 0.01
v -0.01 0.05 0
v -0.01 0.05 0
v -0.03 -0.04 0.01
v -0.04 -0.03 0.01
v -0.04 -0.03 0.01
v -0.05 -0.02 0.01
v -0.05 -0.01 0.01
v -0.05 0 0.01
v -0.05 0.01 0.01
v -0.05 0.02 0.01
v -0.04 0.03 0.01
v -0.04 0.03 0.01
v -0.03 0.04 0.01
v -0.02 0.04 0.01
v -0.02 0.05 0.01
v -0.01 0.05 0.01
v -0.01 0.05 0.01
v -0.02 -0.04 0.01
v -0.03 -0.04 0.01
v -0.03 -0.04 0.01
v -0.04 -0.03 0.01
v -0.04 -0.02 0.01
v -0.05 -0.02 0.01
v -0.05 -0.01 0.01
v -0.05 0 0.01
v -0.05 0.01 0.01
v -0.05 0.02 0.01
v -0.04 0.03 0.01
v -0.04 0.03 0.01
v -0.03 0.04 0.01
v -0.02 0.04 0.01
v -0.02 0.05 0.01
v -0.01 0.05 0.01
v -0.01 0.05 0.01
v -0.02 -0.04 0.01
v -0.02 -0.04 0.01
v -0.03 -0.04 0.01
v -0.03 -0.04 0.01
v -0.04 -0.03 0.01
v -0.04 -0.03 0.01
v -0.04 -0.03 0.01
v -0.04 -0.03 0.01
v -0.05 -0.02 0.01
v -0.05 -0.02 0.01
v -0.05 -0.01 0.01
v -0.05 -0.01 0.01
v -0.05 -0 0.01
v -0.05 -0 0.01
v -0.05 0.01 0.01
v -0.05 0.01 0.01
v -0.05 0.02 0.01
v -0.05 0.02 0.01
v -0.04 0.02 0.01
v -0.04 0.02 0.01
v -0.04 0.03 0.01
v -0.04 0.03 0.01
v -0.03 0.04 0.01
v -0.03 0.04 0.01
v -0.03 0.04 0.01
v -0.03 0.04 0.01
v -0.02 0.05 0.01
v -0.02 0.05 0.01
v -0.01 0.05 0.01
v -0.02 -0.04 0.01
v -0.03 -0.04 0.01
v -0.03 -0.04 0.01
v -0.04 -0.03 0.01
v -0.04 -0.02 0.01
v -0.05 -0.02 0.01
v -0.05 -0.01 0.01
v -0.05 0 0.01
v -0.05 0.01 0.01
v -0.05 0.02 0.01
v -0.04 0.03 0.01
v -0.04 0.03 0.01
v -0.03 0.04 0.01
v -0.02 0.04 0.01
v -0.02 0.05 0.01
v -0.01 0.05 0.01
v -0.05 -0.02 0.01
v -0.04 -0.02 0.01
v -0.04 -0.03 0.01
v -0.03 -0.04 0.01
v -0.03 -0.04 0.01
v -0.02 -0.04 0.01
v -0.02 0.05 0.01
v -0.02 0.04 0.01
v -0.03 0.04 0.01
v -0.04 0.03 0.01
v -0.04 0.03 0.01
v -0.05 0.02 0.01
v -0.05 0.01 0.01
v -0.05 0 0.01
v -0.05 -0.01 0.01
v 0.02 -0.04 0.01
v 0.03 -0.04 0.01
v 0.03 -0.04 0.01
v 0.04 -0.03 0.01
v 0.04 -0.02 0.01
v 0.05 -0.02 0.01
v 0.05 -0.01 0.01
v 0.05 0 0.01
v 0.05 0.01 0.01
v 0.05 0.02 0.01
v 0.04 0.03 0.01
v 0.04 0.03 0.01
v 0.03 0.04 0.01
v 0.02 0.04 0.01
v 0.02 0.05 0.01
v 0.02 -0.04 0.01
v 0.03 -0.04 0.01
v 0.03 -0.04 0.01
v 0.02 -0.04 0.01
v 0.01 0.05 0.01
v 0.02 0.05 0.01
v 0.02 0.04 0.01
v 0.03 0.04 0.01
v 0.04 0.03 0.01
v 0.04 0.03 0.01
v 0.05 0.02 0.01
v 0.05 0.01 0.01
v 0.05 0 0.01
v 0.05 -0.01 0.01
v 0.05 -0.02 0.01
v 0.04 -0.02 0.01
v 0.04 -0.03 0.01
v 0.01 0.05 0.01
v 0.01 0.05 0.01
v 0.02 0.05 0.01
v 0.02 0.05 0.01
v 0.03 0.04 0.01
v 0.03 0.04 0.01
v 0.03 0.04 0.01
v 0.03 0.04 0.01
v 0.04 0.03 0.01
v 0.04 0.03 0.01
v 0.04 0.02 0.01
v 0.04 0.02 0.01
v 0.05 0.02 0.01
v 0.05 0.02 0.01
v 0.05 0.01 0.01
v 0.05 0.01 0.01
v 0.05 -0 0.01
v 0.05 -0 0.01
v 0.05 -0.01 0.01
v 0.05 -0.01 0.01
v 0.05 -0.02 0.01
v 0.05 -0.02 0.01
v 0.04 -0.03 0.01
v 0.04 -0.03 0.01
v 0.04 -0.03 0.01
v 0.04 -0.03 0.01
v 0.03 -0.04 0.01
v 0.03 -0.04 0.01
v 0.02 -0.04 0.01
v 0.02 -0.04 0.01
v 0.02 -0.04 0.01
v 0.02 -0.04 0.01
v 0.02 -0.04 0.01
v 0.02 -0.04 0.01
v 0.02 -0.04 0.01
v 0.03 -0.04 0.01
v 0.03 -0.04 0.01
v 0.04 -0.03 0.01
v 0.04 -0.02 0.01
v 0.05 -0.02 0.01
v 0.05 -0.01 0.01
v 0.05 0 0.01
v 0.05 0.01 0.01
v 0.05 0.02 0.01
v 0.04 0.03 0.01
v 0.04 0.03 0.01
v 0.03 0.04 0.01
v 0.02 0.04 0.01
v 0.02 0.05 0.01
v 0.01 0.05 0.01
v 0.02 0.04 -0
v 0.03 0.03 -0
v 0.03 0.03 -0
v 0.04 0.02 -0
v 0.04 0.01 -0
v 0.04 0 -0
v 0.04 -0 -0
v 0.04 -0.01 -0
v 0.04 -0.02 -0
v 0.03 -0.03 -0
v 0.03 -0.03 -0
v 0.02 -0.04 -0
v 0.01 -0.04 -0
v 0 -0.04 -0
v -0 -0.04 -0
v -0.01 -0.04 -0
v -0.02 -0.04 -0
v -0.03 -0.03 -0
v -0.03 -0.03 -0
v -0.04 -0.02 -0
v -0.04 -0.01 -0
v -0.04 -0 -0
v -0.04 0 -0
v -0.04 0.01 -0
v -0.04 0.02 -0
v -0.03 0.03 -0
v -0.03 0.03 -0
v -0.01 0.04 -0
v -0.01 0.03 -0
v 0.01 -0.01 -0
v 0.01 -0 -0
v 0.01 0 -0
v 0.01 0.01 -0
v 0 0.01 -0
v 0 0.02 -0
v 0 -0.01 -0
v 0.01 0 -0
v 0.01 0.03 -0
v 0.01 0.03 -0
v -0 0.03 -0
v -0 0.03 -0
v -0.01 0.03 -0
v -0 0.03 -0
v -0 0.04 -0
v -0 -0.05 0.01
v -0 -0.04 0.01
v -0 -0.05 0.01
v -0 -0.04 0.01
v -0 -0.04 0.01
v -0.04 0.02 0.01
v -0.04 0.02 0.01
v -0.04 0.02 0.01
v -0.04 0.02 0.01
v -0.04 0.02 0.01
v 0.04 0.02 0.01
v 0.04 0.02 0.01
v 0.04 0.02 0.01
v 0.04 0.02 0.01
v 0.04 0.02 0.01
v 0.01 0.03 -0
v 0.01 0.03 -0
v 0.01 0.04 -0
v 0.01 0.04 -0
v 0 0.04 -0
v 0.01 0.03 -0
v 0 0.02 -0
v -0 0.05 0.02
v 0 0.05 0.02
v 0 0.05 0.02
v -0.01 0.05 0.01
v -0.01 0.05 0.01
v -0.01 0.05 0.01
v -0.01 0.05 0.01
v -0 0.05 0.01
v -0 0.05 0.01
v -0 0.05 0.01
v -0 0.05 0.01
v -0.01 0.05 0.01
v -0.01 0.05 0.01
v -0.01 0.05 0.01
v -0 0.05 0.01
v -0.01 0.05 0.01
v -0 0.05 0
v -0 0.05 0
v -0 0.05 0
v -0 0.05 0
v 0 0.05 0
v 0 0.05 0
v -0.01 0.05 0.01
v -0.01 0.05 0.01
v -0.01 0.05 0.01
v -0.01 0.05 0.01
v -0.01 0.05 0
v -0 0.05 0
v -0 0.05 0
v 0 0.05 0
v -0 0.05 0.02
v -0 0.05 0.02
v -0 0.05 0.01
v 0 0.05 0.02
v -0 0.05 0.01
v 0 0.05 0.01
v -0 0.05 0.01
v -0 0.05 0.01
v -0.01 0.05 0.01
v -0.01 0.05 0.01
v -0.01 0.05 0.01
v -0.01 0.05 0.01
v -0.01 0.05 0.01
v -0.01 0.05 0.01
v -0.01 0.05 0
v -0 0.05 0
v -0 0.05 0
v -0 0.05 0
v 0 0.05 0
v -0 0.05 0
v -0.01 0.05 0.01
v -0.01 0.05 0.01
v -0.01 0.05 0.01
v -0.01 0.05 0.01
v -0 0.05 0
v -0 0.05 0
v -0 0.05 0
v -0 0.05 0
v 0 0.05 0
v 0 0.05 0
v 0 0.05 0
v 0 0.05 0
v 0 0.05 0
v 0 0.05 0
v 0 0.05 0
v 0 0.05 0
v 0.01 0.05 0.01
v 0.01 0.05 0.01
v 0.01 0.05 0.01
v 0 0.05 0
v 0.01 0.05 0
v 0.01 0.05 0.01
v 0.01 0.05 0.01
v 0.01 0.05 0.01
v 0.01 0.05 0.01
v 0.01 0.05 0.01
v 0.01 0.05 0.01
v 0.01 0.05 0.01
v 0 0.05 0.01
v 0 0.05 0.01
v 0 0.05 0.01
v 0 0.05 0.01
v 0 0.05 0.01
v 0 0.05 0.01
v 0 0.05 0.01
v 0 0.05 0.01
v 0 0.05 0.01
v -0 0.05 0.01
v -0 0.05 0.01
v -0 0.05 0.01
v -0 0.05 0.01
v -0 0.05 0.01
v -0 0.05 0.01
v -0.01 0.05 0.01
v -0.01 0.05 0.01
v -0.01 0.05 0.01
v -0.01 0.05 0.01
v 0.01 0.05 0.01
v 0.01 0.05 0.01
v 0.01 0.05 0.01
v 0.01 0.05 0.01
v 0 0.05 0.01
v 0 0.05 0.01
v 0.01 0.05 0.01
v 0 0.05 0.01
v 0.01 0.05 0.01
v 0.01 0.05 0.01
v 0 0.05 0.02
v 0 0.05 0.02
v 0 0.05 0.02
v 0 0.05 0.02
v -0 0.05 0.02
v -0 0.05 0.02
v -0 0.05 0.02
v -0 0.05 0.01
v -0 0.05 0.02
v -0 0.05 0.02
v -0 0.05 0.01
v -0 0.05 0.01
v -0.01 0.05 0.01
v -0.01 0.05 0.01
v -0.01 0.05 0.01
v -0.01 0.05 0.01
v -0.01 0.05 0.01
v -0.01 0.05 0.01
v -0.01 0.05 0.01
v 0.01 0.05 0.01
v 0.01 0.05 0.01
v 0.01 0.05 0.01
v 0.01 0.05 0.01
v 0.01 0.05 0.01
v 0.01 0.05 0.01
v 0.01 0.05 0.01
v 0.01 0.05 0.01
v 0.01 0.05 0.01
v 0.01 0.05 0.01
v 0.01 0.05 0.01
v 0.01 0.05 0.01
v 0.01 0.05 0.01
v 0.01 0.05 0.01
v 0.01 0.05 0.01
v 0.01 0.05 0.01
v 0 0.05 0.01
v 0.01 0.05 0.01
v 0 0.05 0.01
v 0 0.05 0.01
v 0 0.05 0
v 0 0.05 0.01
v 0.01 0.05 0.01
v 0.01 0.05 0.01
v 0 0.05 0
v 0.01 0.05 0.01
v 0.01 0.05 0.01
v 0 0.05 0
v 0 0.05 0
v 0.01 0.05 0.01
v 0.01 0.05 0.01
v 0.01 0.05 0.01
v 0 0.05 0.01
v 0 0.05 0.01
v 0.01 0.05 0
v 0.01 0.05 0.01
v 0.01 0.05 0.01
v 0.01 0.05 0.01
v 0.01 0.05 0.01
v 0 0.05 0.01
v 0 0.05 0.02
v 0 0.05 0
v 0 0.05 0
v 0.01 0.05 0.01
v 0.01 0.05 0.01
v 0.01 0.05 0.01
v 0 0.05 0.01
v 0 0.05 0.01
v 0 0.05 0.02
v 0 0.05 0.02
v 0.01 0.05 0.01
v 0.01 0.05 0.01
v 0.01 0.05 0.01
v 0 0.05 0.01
v 0 0.05 0.02
v 0 0.05 0.02
v 0 0.05 0.02
v 0 0.05 0.02
v -0 0.05 0.02
v -0 0.05 0.02
v -0 0.05 0.02
v -0 0.05 0.01
v -0.01 0.05 0.01
v -0.01 0.05 0.01
v -0.01 0.05 0.01
v 0.01 0.05 0.01
v 0.01 0.05 0.01
v 0.01 0.05 0.01
v 0.01 0.05 0.01
v -0.01 0.05 0
v -0.01 0.05 0.01
v -0.01 0.05 0.01
v -0.01 0.05 0.01
v 0 0.05 0.02
v -0 0.05 0
v -0 0.05 0
v -0 0.05 0
v -0.01 0.05 0.01
v -0.01 0.05 0.01
v -0.01 0.05 0.01
v -0.01 0.05 0.01
v -0.01 0.05 0.01
v -0 0.05 0.02
v -0 0.05 0.02
v -0 0.05 0.02
v -0 0.05 0.02
v -0 0.05 0.02
v -0 0.05 0.02
v 0 0.05 0.02
v 0 0.05 0.02
v 0 0.05 0.02
v 0.01 0.05 0.01
v 0.01 0.05 0.01
v 0 0.05 0
v 0 0.05 0
v 0 0.05 0
v 0 0.05 0
v 0.01 0.05 0
v 0 0.05 0
v 0 0.05 0
v 0 0.05 0
v 0 0.05 0
v -0 0.05 0
v -0 0.05 0
v -0 0.05 0
v -0.01 0.05 0.01
v -0.01 0.05 0.01
v -0.01 0.05 0.01
v 0.01 0.05 0.01
v 0.01 0.05 0.01
v 0.01 0.05 0.01
v 0.01 0.05 0.01
v 0.01 0.05 0.01
v -0.01 0.05 0.01
v 0 0.05 0
v 0.01 0.05 0.01
v -0.01 0.05 0.01
v -0.01 0.05 0.01
v -0 0.05 0.02
v -0 0.05 0.02
v 0 0.05 0.02
v 0 0.05 0.02
v 0 0.05 0
v -0 0.05 0
v -0 0.05 0
v -0.01 0.05 0.01
v -0.01 0.05 0.01
v -0 0.05 0.01
v -0 0.05 0.01
v -0 0.05 0
v -0 0.05 0
v -0 0.05 0
v -0 0.05 0
v 0 0.05 0
v 0 0.05 0
v 0 0.05 0
v 0 0.05 0
v 0 0.05 0.01
v 0 0.05 0.01
v 0.01 0.05 0.01
v 0.01 0.05 0.01
v -0.01 0.05 0.01
v -0.01 0.05 0.01
v -0 0.05 0
v -0 0.05 0
v -0.01 0.05 0.01
v -0 0.05 0
v -0 0.05 0
v -0 0.05 0
v 0 0.05 0
v 0 0.05 0
v 0 0.05 0
v 0 0.05 0
v 0 0.05 0
v 0 0.05 0
v 0.01 0.05 0.01
v 0.01 0.05 0.01
v 0.01 0.05 0.01
v -0 0.05 0
v -0 0.05 0
v -0 0.05 0
v -0 0.05 0
v -0 0.05 0
v -0 0.05 0
v -0 0.05 0
v -0 0.05 0
v -0 0.05 0
v 0 0.05 0
v 0 0.05 0
v 0 0.05 0
v 0 0.05 0
v -0 0.05 0
v 0 0.05 0
v 0 0.05 0
v 0 0.05 0
v 0 0.05 0
v 0 0.05 0
v 0 0.05 0
v 0 0.05 0
v 0.01 0.05 0.01
v 0.01 0.05 0.01
v 0.01 0.05 0.01
v 0.01 0.05 0.01
v 0.01 0.05 0.01
v 0.01 0.05 0.01
v 0.01 0.05 0.01
v 0.01 0.05 0.01
v 0.01 0.05 0.01
v 0.01 0.05 0.01
v 0.01 0.05 0.01
v 0.01 0.05 0.01
v 0.01 0.05 0.01
v 0.01 0.05 0.01
v 0.01 0.05 0.01
v 0.01 0.05 0.01
v 0.01 0.05 0.01
v 0.01 0.05 0.01
v 0 0.05 0.02
v 0 0.05 0.02
v 0 0.05 0.02
v 0 0.05 0.02
v 0 0.05 0.02
v 0 0.05 0.02
v 0 0.05 0.02
v 0 0.05 0.02
v 0 0.05 0.02
v -0 0.05 0.02
v -0 0.05 0.02
v -0 0.05 0.02
v -0 0.05 0.02
v 0 0.05 0.02
v -0 0.05 0.02
v -0 0.05 0.02
v -0 0.05 0.02
v -0 0.05 0.02
v -0 0.05 0.02
v -0 0.05 0.02
v -0 0.05 0.02
v -0.01 0.05 0.01
v -0.01 0.05 0.01
v -0.01 0.05 0.01
v -0.01 0.05 0.01
v -0.01 0.05 0.01
v -0.01 0.05 0.01
v -0.01 0.05 0.01
v -0.01 0.05 0.01
v -0.01 0.05 0.01
v -0.01 0.05 0.01
v -0.01 0.05 0.01
v -0.01 0.05 0.01
v -0.01 0.05 0.01
v -0.01 0.05 0.01
v -0.01 0.05 0.01
v -0.01 0.05 0.01
v -0.01 0.05 0.01
v -0.01 0.05 0.01
v -0.01 0.05 0.01
v -0.01 0.05 0.01
v -0.01 0.05 0.01
v 0 0.05 0.01
v 0 0.05 0.01
v -0 0.05 0.01
v 0 0.05 0.01
v 0 0.05 0.01
v -0 0.05 0.01
v -0 0.05 0.01
v -0 0.05 0.01
v 0 0.05 0.01
v 0 0.05 0.01
v -0 0.05 0.01
v 0 0.05 0.01
v -0 0.05 0
v -0 0.05 0
v 0 0.05 0
v 0 0.05 0
v 0.01 0.05 0.01
v 0.01 0.05 0.01
v 0.01 0.05 0.01
v 0.01 0.05 0.01
v 0.01 0.05 0.01
v 0.01 0.05 0.01
v 0.01 0.05 0.01
v 0 0.05 0.02
v 0 0.05 0.02
v -0 0.05 0.02
v -0 0.05 0.02
v -0.01 0.05 0.01
v -0.01 0.05 0.01
v -0.01 0.05 0.01
v -0.01 0.05 0.01
v -0.01 0.05 0.01
v -0.01 0.05 0.01
v -0.01 0.05 0.01
v -0.01 0.05 0.01
v -0.01 0.05 0.01
v -0.01 0.05 0.01
v 0 0.05 0.01
v -0.01 0.05 0.01
v -0.01 0.05 0.01
v -0.01 0.05 0.01
v -0.01 0.05 0.01
v -0.01 0.05 0.01
v -0.01 0.05 0.01
v -0.01 0.05 0.01
v -0.01 0.05 0.01
v -0.01 0.05 0.01
v 0.01 0.05 0.01
v 0.01 0.05 0.01
v 0.01 0.05 0.01
v 0.01 0.05 0.01
v -0 0.05 0
v -0 0.05 0
v -0 0.05 0
v 0 0.05 0
v 0 0.05 0
v 0 0.05 0
v 0 0.05 0
v 0 0.05 0
v 0 0.05 0
v -0.01 0.05 0.01
v -0.01 0.05 0.01
v -0.01 0.05 0.01
v -0.01 0.05 0.01
v -0.01 0.05 0.01
v -0.01 0.05 0.01
v -0.01 0.05 0.01
v -0.01 0.05 0.01
v -0.01 0.05 0.01
v -0.01 0.05 0.01
v 0 0.05 0.02
v 0 0.05 0.02
v 0 0.05 0.02
v -0 0.05 0.02
v -0 0.05 0.02
v -0 0.05 0.02
v -0 0.05 0.02
v -0 0.05 0.02
v -0 0.05 0.02
v 0.01 0.05 0.01
v 0.01 0.05 0.01
v 0.01 0.05 0.01
v 0.01 0.05 0.01
v 0.01 0.05 0.01
v 0.01 0.05 0.01
v 0.01 0.05 0.01
v 0.01 0.05 0.01
v 0.01 0.05 0.01
v 0.01 0.05 0.01
v -0.01 0.05 0.01
v -0.01 0.05 0.01
v -0.01 0.05 0.01
v -0.01 0.05 0.01
v 0 0.05 0
v 0 0.05 0
v 0 0.05 0
v 0 0.05 0
v 0 0.05 0
v -0.01 0.05 0.01
v -0.01 0.05 0.01
v -0.01 0.05 0.01
v -0.01 0.05 0.01
v -0.01 0.05 0.01
v -0.01 0.05 0.01
v 0 0.05 0.02
v 0 0.05 0.02
v 0 0.05 0.02
v 0 0.05 0.02
v 0 0.05 0.01
v 0 0.05 0.01
v 0 0.05 0.02
v 0 0.05 0.02
v 0 0.05 0.01
v 0 0.05 0
v 0 0.05 0
v -0 0.05 0
v -0 0.05 0
v -0 0.05 0.01
v -0 0.05 0.01
v -0.01 0.05 0.01
v -0 0.05 0.01
v -0 0.05 0.01
v -0 0.05 0.01
v -0 0.05 0.01
v -0 0.05 0.01
v 0 0.05 0.01
v 0 0.05 0.01
v -0.01 0.05 0.01
v -0.01 0.05 0.01
v -0 0.05 0.01
v -0 0.05 0.01
v -0 0.05 0
v -0 0.05 0
v 0 0.05 0
v 0 0.05 0
v 0 0.05 0
v 0 0.05 0
v 0 0.05 0.01
v 0 0.05 0.01
v 0.01 0.05 0.01
v 0.01 0.05 0.01
v -0.01 0.05 0.01
v -0.01 0.05 0.01
v -0.01 0.05 0.01
v -0.01 0.05 0.01
v -0.01 0.05 0.01
v -0 0.05 0.02
v -0 0.05 0.02
v -0 0.05 0.02
v -0 0.05 0.02
v -0 0.05 0.02
v -0 0.05 0.02
v -0 0.05 0.02
v -0 0.05 0.02
v -0 0.05 0.02
v -0 0.05 0.02
v -0 0.05 0.02
v -0 0.05 0.02
v -0 0.05 0.02
v -0 0.05 0.02
v -0 0.05 0.02
v -0 0.05 0.02
v 0 0.05 0.02
v 0 0.05 0.02
v 0 0.05 0.02
v 0 0.05 0.02
v 0 0.05 0.02
v 0.01 0.05 0.01
v 0.01 0.05 0.01
v 0.01 0.05 0.01
v 0.01 0.05 0.01
v 0.01 0.05 0.01
v 0.01 0.05 0.01
v 0.01 0.05 0.01
v 0.01 0.05 0.01
v 0.01 0.05 0.01
v 0.01 0.05 0.01
v 0.01 0.05 0.01
v 0.01 0.05 0.01
v 0.01 0.05 0.01
v 0.01 0.05 0.01
v 0.01 0.05 0.01
v 0.01 0.05 0.01
v 0.01 0.05 0.01
v 0.01 0.05 0.01
v 0.01 0.05 0.01
v 0.01 0.05 0.01
v 0.01 0.05 0.01
v 0.01 0.05 0.01
v 0.01 0.05 0.01
v 0.01 0.05 0.01
v 0.01 0.05 0.01
v 0.01 0.05 0.01
v 0.01 0.05 0.01
v 0.01 0.05 0.01
v 0.01 0.05 0.01
v 0.01 0.05 0.01
v 0 0.05 0
v 0 0.05 0
v 0 0.05 0
v 0 0.05 0
v 0 0.05 0
v 0 0.05 0
v 0 0.05 0
v 0 0.05 0
v 0 0.05 0
v 0 0.05 0
v 0 0.05 0
v 0 0.05 0
v 0 0.05 0
v -0 0.05 0
v -0 0.05 0
v -0 0.05 0
v -0 0.05 0
v -0 0.05 0
v -0.01 0.05 0.01
v -0.01 0.05 0.01
v -0.01 0.05 0.01
v -0.01 0.05 0.01
v -0.01 0.05 0.01
v -0.01 0.05 0.01
v -0.01 0.05 0.01
v -0.01 0.05 0.01
v -0.01 0.05 0.01
v -0.01 0.05 0.01
v -0.01 0.05 0.01
v -0.01 0.05 0.01
v -0.01 0.05 0.01
v -0.01 0.05 0.01
v -0.01 0.05 0.01
v -0.01 0.05 0
v -0.01 0.05 0.01
v -0.01 0.05 0.01
v -0.01 0.05 0.01
v -0.01 0.05 0.01
v -0.01 0.05 0.01
v -0 0.05 0.01
v -0 0.05 0.01
v -0.01 0.05 0.01
v -0.01 0.05 0.01
v -0.01 0.05 0.01
v -0.01 0.05 0.01
v -0.01 0.05 0.01
v -0.01 0.05 0.01
v -0.01 0.05 0.01
v -0.01 0.05 0.01
v -0.01 0.05 0.01
v -0.01 0.05 0.01
v -0 0.05 0.01
v -0.01 0.05 0.01
v 0 0.05 0.01
v 0 0.05 0.02
v 0 0.05 0.01
v 0 0.05 0.02
v 0 0.05 0.01
v 0.01 0.05 0.01
v 0.01 0.05 0.01
v 0.01 0.05 0.01
v 0.01 0.05 0.01
v 0.01 0.05 0.01
v 0 0.05 0
v 0 0.05 0
v 0.01 0.05 0.01
v 0.01 0.05 0.01
v 0.01 0.05 0.01
v 0.01 0.05 0.01
v 0.01 0.05 0.01
v 0.01 0.05 0.01
v 0.01 0.05 0.01
v 0.01 0.05 0.01
v 0.01 0.05 0.01
v 0.01 0.05 0.01
v 0 0.05 0.01
v 0.01 0.05 0
v -0.01 0.05 0.01
v -0.01 0.05 0.01
v -0.01 0.05 0.01
v -0.01 0.05 0.01
v -0.01 0.05 0.01
v -0.01 0.05 0.01
v -0.01 0.05 0.01
v -0 0.05 0
v -0 0.05 0
v -0 0.05 0
v -0 0.05 0
v -0 0.05 0
v -0 0.05 0.01
v -0 0.05 0
v -0 0.05 0
v -0 0.05 0.01
v -0 0.05 0.01
v -0 0.05 0.01
v -0 0.05 0.01
v -0 0.05 0.01
v -0 0.05 0.01
v -0 0.05 0.01
v -0 0.05 0.01
v -0 0.05 0.01
v -0 0.05 0.01
v -0.01 0.05 0.01
v -0.01 0.05 0.01
v -0.01 0.05 0.01
v -0 0.05 0.01
v -0 0.05 0.01
v -0 0.05 0.01
v -0.01 0.05 0.01
v -0.01 0.05 0.01
v -0.01 0.05 0.01
v -0.01 0.05 0.01
v -0.01 0.05 0.01
v -0 0.05 0.01
v -0.01 0.05 0.01
v -0.01 0.05 0.01
v -0.01 0.05 0.01
v -0 0.05 0.01
v -0 0.05 0.01
v -0 0.05 0.01
v 0 0.05 0.02
v 0 0.05 0.01
v 0 0.05 0.02
v 0 0.05 0.01
v 0 0.05 0.01
v 0 0.05 0.01
v 0 0.05 0.01
v 0 0.05 0.01
v 0 0.05 0.01
v 0 0.05 0.01
v 0 0.05 0.01
v 0 0.05 0.01
v 0 0.05 0.01
v 0 0.05 0.01
v 0.01 0.05 0.01
v 0.01 0.05 0.01
v 0 0.05 0.01
v 0 0.05 0.01
v 0.01 0.05 0.01
v 0.01 0.05 0.01
v 0.01 0.05 0.01
v 0.01 0.05 0.01
v 0.01 0.05 0.01
v 0.01 0.05 0.01
v 0.01 0.05 0.01
v 0.01 0.05 0.01
v 0 0.05 0.01
v 0 0.05 0
v 0 0.05 0
v 0 0.05 0
v 0 0.05 0
v 0 0.05 0
v 0 0.05 0
v 0 0.05 0
v 0 0.05 0
v 0 0.05 0
v 0 0.05 0
v 0.01 0.05 0.01
v 0.01 0.05 0.01
v 0.01 0.05 0.01
v 0.01 0.05 0.01
v 0 0.05 0.01
v 0 0.05 0.01
v 0 0.05 0.01
v 0.01 0.05 0.01
v 0.01 0.05 0.01
v 0 0.05 0.01
v 0.01 0.05 0.01
v 0.01 0.05 0.01
v 0.01 0.05 0.01
v 0.01 0.05 0.01
v 0.01 0.05 0.01
v 0 0.05 0.01
v 0.01 0.05 0.01
v 0 0.05 0
v 0 0.05 0.01
v 0 0.05 0.01
v -0.01 0.05 0.01
v -0.01 0.05 0.01
v -0.01 0.05 0.01
v -0.01 0.05 0.01
v -0 0.05 0.01
v -0 0.05 0.01
v -0.01 0.05 0.01
v -0.01 0.05 0.01
v -0.01 0.05 0.01
v -0.01 0.05 0.01
v -0.01 0.05 0.01
v -0.01 0.05 0.01
v -0.01 0.05 0.01
v -0.01 0.05 0.01
v -0.01 0.05 0.01
v -0.01 0.05 0.01
v -0.01 0.05 0.01
v -0 0.05 0.01
v -0 0.05 0
v -0 0.05 0
v -0 0.05 0
v -0 0.05 0
v -0 0.05 0
v -0 0.05 0
v -0 0.05 0
v -0 0.05 0
v -0 0.05 0
v -0 0.05 0
v -0 0.05 0
v -0 0.05 0
v -0.01 0.05 0.01
v -0.01 0.05 0.01
v -0 0.05 0.01
v -0 0.05 0.01
v -0 0.05 0.01
v -0 0.05 0.01
v -0 0.05 0.01
v -0 0.05 0.01
v -0 0.05 0.01
v -0 0.05 0.01
v -0 0.05 0.01
v -0 0.05 0.01
v -0 0.05 0.01
v -0 0.05 0.01
v -0 0.05 0.01
v -0 0.05 0.01
v -0 0.05 0.01
v -0 0.05 0.01
v -0 0.05 0.01
v -0 0.05 0.01
v -0 0.05 0.01
v -0.01 0.05 0.01
v -0.01 0.05 0.01
v -0.01 0.05 0.01
v -0.01 0.05 0.01
v -0.01 0.05 0.01
v -0.01 0.05 0.01
v -0.01 0.05 0.01
v -0.01 0.05 0.01
v -0.01 0.05 0.01
v -0.01 0.05 0.01
v -0.01 0.05 0.01
v -0 0.05 0.01
v -0 0.05 0.02
v 0 0.05 0.02
v -0 0.05 0.02
v 0 0.05 0.01
v 0 0.05 0.01
v 0 0.05 0.01
v 0 0.05 0.01
v 0 0.05 0.01
v 0 0.05 0.01
v 0 0.05 0.01
v 0 0.05 0.01
v 0 0.05 0.01
v 0 0.05 0.02
v 0 0.05 0.02
v 0 0.05 0.01
v 0 0.05 0.02
v 0 0.05 0.01
v 0 0.05 0.01
v 0 0.05 0.01
v 0 0.05 0.01
v 0 0.05 0.01
v 0.01 0.05 0.01
v 0.01 0.05 0.01
v 0.01 0.05 0.01
v 0 0.05 0.01
v 0 0.05 0.01
v 0 0.05 0.01
v 0.01 0.05 0.01
v 0 0.05 0.01
v 0.01 0.05 0.01
v 0.01 0.05 0.01
v 0.01 0.05 0.01
v 0.01 0.05 0.01
v 0.01 0.05 0.01
v 0.01 0.05 0.01
v 0.01 0.05 0.01
v 0 0.05 0
v 0 0.05 0
v 0 0.05 0
v 0 0.05 0
v 0 0.05 0
v 0 0.05 0
v 0 0.05 0
v 0 0.05 0
v 0 0.05 0
v 0 0.05 0
v 0 0.05 0
v 0 0.05 0
v 0 0.05 0
v 0 0.05 0
v 0 0.05 0.01
v 0.01 0.05 0.01
v 0.01 0.05 0.01
v 0.01 0.05 0.01
v 0.01 0.05 0.01
v 0 0.05 0.01
v 0 0.05 0.01
v 0 0.05 0.01
v 0 0.05 0.01
v 0.01 0.05 0.01
v 0.01 0.05 0.01
v 0.01 0.05 0.01
v 0.01 0.05 0.01
v 0.01 0.05 0.01
v 0.01 0.05 0.01
v 0.01 0.05 0.01
v 0 0.05 0.01
v -0 0.05 0.01
v -0 0.05 0.01
v -0.01 0.05 0.01
v -0.01 0.05 0.01
v -0 0.05 0.01
v -0 0.05 0.01
v -0.01 0.05 0.01
v -0 0.05 0.01
v -0.01 0.05 0.01
v -0.01 0.05 0.01
v -0.01 0.05 0.01
v -0.01 0.05 0.01
v -0.01 0.05 0.01
v -0.01 0.05 0.01
v -0 0.05 0
v -0 0.05 0
v -0 0.05 0
v -0 0.05 0
v -0 0.05 0
v -0 0.05 0
v -0 0.05 0
v -0 0.05 0
v -0 0.05 0
v -0 0.05 0
v -0 0.05 0
v -0 0.05 0
v -0 0.05 0
v -0 0.05 0
v -0 0.05 0
v -0 0.05 0
v -0.01 0.05 0.01
v -0.01 0.05 0.01
v -0.01 0.05 0.01
v -0.01 0.05 0.01
v -0.01 0.05 0.01
v -0.01 0.05 0.01
v -0.01 0.05 0.01
v -0.01 0.05 0.01
v -0 0.05 0.01
v -0 0.05 0.01
v -0 0.05 0.01
v -0 0.05 0.01
v -0 0.05 0.01
v -0 0.05 0.01
v -0 0.05 0.01
v -0 0.05 0.01
v -0 0.05 0.01
v -0 0.05 0.01
v -0 0.05 0.01
v -0 0.05 0.01
v -0 0.05 0.01
v -0 0.05 0.01
v -0 0.05 0.01
v -0 0.05 0.01
v -0 0.05 0.01
v -0 0.05 0.01
v -0.01 0.05 0.01
v -0 0.05 0.01
v -0 0.05 0.01
v -0 0.05 0.01
v -0 0.05 0.01
v -0.01 0.05 0.01
v -0.01 0.05 0.01
v -0 0.05 0.01
v -0 0.05 0.01
v -0.01 0.05 0.01
v -0 0.05 0.01
v -0 0.05 0.01
v -0 0.05 0.01
v -0 0.05 0.01
v -0 0.05 0.01
v -0 0.05 0.02
v -0 0.05 0.01
v -0 0.05 0.01
v -0 0.05 0.01
v -0 0.05 0.02
v 0 0.05 0.02
v 0 0.05 0.02
v 0 0.05 0.02
v 0 0.05 0.01
v 0 0.05 0.01
v 0 0.05 0.01
v 0 0.05 0.01
v 0 0.05 0.01
v 0 0.05 0.01
v 0 0.05 0.01
v 0 0.05 0.01
v 0 0.05 0.01
v 0 0.05 0.01
v 0 0.05 0.01
v 0 0.05 0.01
v 0 0.05 0.01
v 0 0.05 0.01
v 0 0.05 0.01
v 0 0.05 0.01
v 0 0.05 0.01
v 0 0.05 0.01
v 0 0.05 0.01
v 0 0.05 0.01
v 0 0.05 0.01
v 0 0.05 0.01
v 0 0.05 0.01
v 0.01 0.05 0.01
v 0 0.05 0.01
v 0 0.05 0.01
v 0.01 0.05 0.01
v 0 0.05 0.01
v 0 0.05 0.01
v 0 0.05 0.01
v 0 0.05 0.01
v 0.01 0.05 0.01
v 0 0.05 0.01
v 0 0.05 0.01
v 0.01 0.05 0.01
v 0.01 0.05 0.01
v 0.01 0.05 0.01
v 0.01 0.05 0.01
v 0.01 0.05 0.01
v 0.01 0.05 0.01
v 0.01 0.05 0.01
v 0.01 0.05 0.01
v 0.01 0.05 0.01
v 0.01 0.05 0.01
v 0.01 0.05 0.01
v 0 0.05 0
v 0 0.05 0
v 0 0.05 0
v 0 0.05 0
v 0 0.05 0
v 0 0.05 0
v 0 0.05 0
v 0 0.05 0
v 0 0.05 0
v 0 0.05 0
v 0 0.05 0
v 0 0.05 0
v 0 0.05 0
v 0 0.05 0
v 0 0.05 0
v 0.01 0.05 0.01
v 0.01 0.05 0.01
v 0.01 0.05 0.01
v 0.01 0.05 0.01
v 0 0.05 0.01
v 0 0.05 0.01
v 0 0.05 0.01
v 0 0.05 0.01
v 0 0.05 0.01
v 0 0.05 0.01
v 0 0.05 0.01
v 0 0.05 0.01
v 0 0.05 0.01
v 0 0.05 0.01
v 0 0.05 0.01
v 0 0.05 0.01
v 0 0.05 0.01
v 0 0.05 0.01
v 0 0.05 0
v 0 0.05 0
v 0 0.05 0
v 0 0.05 0
v 0 0.05 0
v -0 0.05 0
v -0 0.05 0
v -0 0.05 0
v -0 0.05 0
v -0 0.05 0
v -0.01 0.05 0.01
v -0 0.05 0.01
v -0 0.05 0.01
v -0 0.05 0.01
v -0 0.05 0.01
v -0 0.05 0.01
v -0.01 0.05 0.01
v -0 0.05 0.01
v -0 0.05 0.01
v -0 0.05 0.01
v -0 0.05 0.01
v -0.01 0.05 0.01
v -0 0.05 0.01
v -0 0.05 0.01
v -0 0.05 0.01
v -0 0.05 0
v -0 0.05 0
v -0 0.05 0
v -0 0.05 0
v -0 0.05 0
v -0 0.05 0
v -0 0.05 0
v -0 0.05 0
v -0 0.05 0
v -0 0.05 0
v -0 0.05 0
v -0 0.05 0
v -0 0.05 0
v -0 0.05 0
v -0 0.05 0
v -0.01 0.05 0.01
v -0.01 0.05 0.01
v -0 0.05 0.01
v -0 0.05 0.02
v -0 0.05 0.01
v -0 0.05 0.02
v 0.01 0.05 0.01
v 0.01 0.05 0.01
v 0.01 0.05 0.01
v 0.01 0.05 0.01
v 0.01 0.05 0.01
v 0.01 0.05 0.01
v 0.01 0.05 0.01
v 0.01 0.05 0.01
v 0.01 0.05 0.01
v 0.01 0.05 0.01
v 0.01 0.05 0.01
v 0.01 0.05 0.01
v 0.01 0.05 0.01
v 0.01 0.05 0.01
v 0.01 0.05 0.01
v 0.01 0.05 0.01
v 0.01 0.05 0.01
v 0.01 0.05 0.01
v 0 0.05 0
v 0 0.05 0
v 0 0.05 0
v 0 0.05 0
v -0 0.05 0
v -0 0.05 0
v -0 0.05 0.01
v -0 0.05 0.01
v -0 0.05 0.01
v -0 0.05 0
v -0 0.05 0.01
v -0 0.05 0.01
v 0 0.05 0.01
v 0 0.05 0.01
v 0 0.05 0.01
v 0 0.05 0.01
v 0.01 0.05 0.01
v 0 0.05 0.01
v 0 0.05 0.01
v 0 0.05 0.01
v 0 0.05 0
v 0 0.05 0
v -0 0.05 0.01
v 0 0.05 0.01
v 0 0.05 0.01
v 0 0.05 0.01
v -0 0.05 0.01
v -0 0.05 0.01
v -0 0.05 0
v -0 0.05 0
v 0 0.05 0.01
v 0 0.05 0.01
v 0 0.05 0.01
v -0 0.05 0.01
v -0 0.05 0.01
v -0.01 0.05 0.01
v -0.01 0.05 0.01
v -0.01 0.05 0.01
v -0.01 0.05 0.01
v 0 0.05 0.02
v 0 0.05 0.02
v 0 0.05 0.02
v 0 0.05 0.02
v 0.01 0.05 0.01
v 0.01 0.05 0.01
v 0.01 0.05 0.01
v 0.01 0.05 0.01
v -0 0.05 0
v -0 0.05 0
v -0 0.05 0
v -0 0.05 0
v -0.01 0.05 0.01
v 0 0.05 0.02
v 0.01 0.05 0.01
v -0 0.05 0
v -0 0.05 0.02
v -0 0.05 0.02
v -0 0.05 0.02
v -0.01 0.05 0.1
v -0.01 0.05 0.02
v -0 0.05 0.1
v -0 0.05 0.02
v 0 0.05 0.1
v -0 0.05 0.02
v 0 0.05 0.02
v 0 0.05 0.02
v 0 0.05 0.02
v 0 0.05 0.02
v 0.01 -0.05 0.02
v 0.01 -0.05 0.1
v 0.01 -0.05 0.1
v 0.01 -0.05 0.02
v 0.01 -0.04 0.1
v 0.02 -0.04 0.02
v 0.02 -0.04 0.1
v 0.02 -0.04 0.1
v 0.03 -0.04 0.02
v 0.03 -0.04 0.1
v 0.03 -0.04 0.1
v 0.04 -0.03 0.02
v 0.03 -0.03 0.1
v 0.04 -0.03 0.1
v 0.04 -0.03 0.1
v 0.04 -0.02 0.02
v 0.04 -0.02 0.1
v 0.05 -0.02 0.02
v 0.04 -0.02 0.1
v 0.04 -0.02 0.1
v 0.05 -0.01 0.1
v 0.05 -0.01 0.02
v 0.05 -0.01 0.1
v 0.05 0 0.02
v 0.05 -0 0.1
v 0.05 0 0.1
v 0.05 0.01 0.1
v 0.05 0.01 0.02
v 0.05 0.01 0.1
v 0.04 0.02 0.02
v 0.04 0.01 0.1
v 0.04 0.02 0.1
v 0.04 0.02 0.1
v 0.04 0.03 0.02
v 0.04 0.03 0.1
v 0.03 0.03 0.02
v 0.04 0.03 0.1
v 0.03 0.03 0.1
v 0.03 0.04 0.1
v 0.03 0.04 0.02
v 0.03 0.04 0.1
v 0.02 0.04 0.02
v 0.02 0.04 0.1
v 0.02 0.04 0.1
v 0.02 0.04 0.1
v 0.01 0.05 0.02
v 0.01 0.05 0.1
v 0.01 0.05 0.1
v -0 0.05 0.02
v -0 0.05 0.02
v -0 0.05 0.02
v -0 0.05 0.02
v -0 0.05 0.02
v -0 0.05 0.02
v -0 0.05 0.02
v -0 0.05 0.02
v -0 0.05 0.02
v -0 0.05 0.02
v -0 0.05 0.02
v -0 0.05 0.02
v -0 0.05 0.02
v -0 0.05 0.02
v -0 0.05 0.02
v -0.01 0.05 0.02
v -0.01 0.05 0.02
v -0.01 0.05 0.02
v -0.01 0.05 0.02
v 0 0.05 0.02
v 0 0.05 0.02
v 0 0.05 0.02
v 0 0.05 0.02
v 0 0.05 0.02
v -0.01 0.05 0.02
v -0.01 0.05 0.02
v -0.02 0.04 0.02
v -0.02 0.04 0.02
v -0.03 0.04 0.02
v -0.03 0.04 0.02
v -0.03 0.03 0.02
v -0.04 0.03 0.02
v -0.04 0.03 0.02
v -0.04 0.02 0.02
v -0.04 0.02 0.02
v -0.05 0.02 0.02
v -0.05 0.01 0.02
v -0.05 0.01 0.02
v -0.05 0 0.02
v -0.05 -0 0.02
v -0.05 -0.01 0.02
v -0.05 -0.01 0.02
v -0.05 -0.01 0.02
v -0.04 -0.02 0.02
v -0.04 -0.02 0.02
v -0.04 -0.03 0.02
v -0.04 -0.03 0.02
v -0.03 -0.03 0.02
v -0.03 -0.04 0.02
v -0.03 -0.04 0.02
v -0.03 -0.04 0.02
v -0.02 -0.04 0.02
v -0.02 -0.05 0.02
v -0.01 -0.05 0.02
v -0.01 -0.05 0.02
v -0 -0.05 0.02
v 0 -0.05 0.02
v 0.01 -0.05 0.02
v 0.02 -0.05 0.02
v 0.03 -0.04 0.02
v 0.03 -0.04 0.02
v 0.04 -0.03 0.02
v 0 0.05 0.02
v 0.01 0.05 0.02
v 0.02 0.04 0.02
v 0.03 0.04 0.02
v 0.03 0.03 0.02
v 0.04 0.03 0.02
v 0.04 0.02 0.02
v 0.05 0.01 0.02
v 0.05 0 0.02
v 0.05 -0.01 0.02
v 0.05 -0.01 0.02
v 0.04 -0.02 0.02
v -0.01 0.05 0.02
v -0.01 0.05 0.02
v -0.01 0.05 0.02
v -0.01 0.05 0.02
v -0.01 0.05 0.02
v -0.01 0.05 0.02
v -0.01 0.05 0.02
v -0.01 0.05 0.02
v -0.01 0.05 0.02
v -0.01 0.05 0.02
v -0.01 0.05 0.02
v -0.01 0.05 0.02
v -0.01 0.05 0.02
v -0.01 0.05 0.02
v -0.01 0.05 0.02
v -0.01 0.05 0.02
v -0.01 0.05 0.02
v -0.01 0.05 0.02
v -0.01 0.05 0.02
v -0.01 0.05 0.02
v -0.01 0.05 0.02
v -0 0.05 0.02
v -0 0.05 0.02
v -0 0.05 0.02
v -0 0.05 0.02
v -0 0.05 0.02
v -0 0.05 0.02
v -0 0.05 0.02
v -0 0.05 0.02
v -0 0.05 0.02
v -0 0.05 0.02
v -0 0.05 0.02
v -0 0.05 0.02
v -0 0.05 0.02
v -0 0.05 0.02
v -0.01 0.05 0.1
v -0.01 0.05 0.1
v -0.01 0.05 0.1
v -0.01 0.04 0.1
v -0.01 0.04 0.1
v -0.01 0.04 0.1
v -0.02 0.04 0.1
v -0.02 0.04 0.1
v -0.02 0.04 0.1
v -0.02 0.04 0.1
v -0.03 0.04 0.1
v -0.03 0.04 0.1
v -0.03 0.04 0.1
v -0.03 0.04 0.1
v -0.03 0.03 0.1
v -0.03 0.03 0.1
v -0.04 0.03 0.1
v -0.04 0.03 0.1
v -0.04 0.03 0.1
v -0.04 0.03 0.1
v -0.04 0.02 0.1
v -0.04 0.02 0.1
v -0.04 0.02 0.1
v -0.04 0.02 0.1
v -0.04 0.02 0.1
v -0.04 0.02 0.1
v -0.04 0.01 0.1
v -0.04 0.01 0.1
v -0.05 0.01 0.1
v -0.05 0.01 0.1
v -0.05 0 0.1
v -0.05 0 0.1
v -0.05 -0 0.1
v -0.05 -0 0.1
v -0.05 -0.01 0.1
v -0.05 -0.01 0.1
v -0.05 -0.01 0.1
v -0.04 -0.01 0.1
v -0.04 -0.01 0.1
v -0.04 -0.01 0.1
v -0.04 -0.02 0.1
v -0.04 -0.02 0.1
v -0.04 -0.02 0.1
v -0.04 -0.02 0.1
v -0.04 -0.03 0.1
v -0.04 -0.03 0.1
v -0.04 -0.03 0.1
v -0.04 -0.03 0.1
v -0.03 -0.03 0.1
v -0.03 -0.03 0.1
v -0.03 -0.04 0.1
v -0.03 -0.04 0.1
v -0.03 -0.04 0.1
v -0.03 -0.04 0.1
v -0.02 -0.04 0.1
v -0.02 -0.04 0.1
v -0.02 -0.04 0.1
v -0.02 -0.04 0.1
v -0.02 -0.04 0.1
v -0.02 -0.04 0.1
v -0.01 -0.04 0.1
v -0.01 -0.04 0.1
v -0.01 -0.05 0.1
v -0.01 -0.05 0.1
v -0 -0.05 0.1
v -0 -0.05 0.1
v 0 -0.05 0.1
v 0 -0.05 0.1
v 0.01 -0.05 0.1
v 0.01 -0.05 0.1
v -0.01 0.05 0.1
v -0.01 0.05 0.1
v -0.01 0.04 0.1
v -0.02 0.04 0.1
v -0.02 0.04 0.1
v -0.03 0.04 0.1
v -0.03 0.04 0.1
v -0.03 0.03 0.1
v -0.04 0.03 0.1
v -0.04 0.03 0.1
v -0.04 0.02 0.1
v -0.04 0.02 0.1
v -0.04 0.02 0.1
v -0.05 0.01 0.1
v -0.05 0.01 0.1
v -0.05 0 0.1
v -0.05 -0 0.1
v -0.05 -0.01 0.1
v -0.05 -0.01 0.1
v -0.04 -0.01 0.1
v -0.04 -0.02 0.1
v -0.04 -0.02 0.1
v -0.04 -0.03 0.1
v -0.04 -0.03 0.1
v -0.03 -0.03 0.1
v -0.03 -0.04 0.1
v -0.03 -0.04 0.1
v -0.02 -0.04 0.1
v -0.02 -0.04 0.1
v -0.02 -0.04 0.1
v -0.01 -0.05 0.1
v -0.01 -0.05 0.1
v -0 -0.05 0.1
v 0 -0.05 0.1
v 0.01 -0.05 0.1
v -0.01 0.05 0.1
v -0.01 0.04 0.1
v -0.02 0.04 0.1
v -0.02 0.04 0.1
v -0.03 0.04 0.1
v -0.03 0.04 0.1
v -0.03 0.03 0.1
v -0.04 0.03 0.1
v -0.04 0.03 0.1
v -0.04 0.02 0.1
v -0.04 0.02 0.1
v -0.04 0.02 0.1
v -0.05 0.01 0.1
v -0.05 0.01 0.1
v -0.05 0 0.1
v -0.05 -0 0.1
v -0.05 -0.01 0.1
v -0.05 -0.01 0.1
v -0.04 -0.01 0.1
v -0.04 -0.02 0.1
v -0.04 -0.02 0.1
v -0.04 -0.03 0.1
v -0.04 -0.03 0.1
v -0.03 -0.03 0.1
v -0.03 -0.04 0.1
v -0.03 -0.04 0.1
v -0.02 -0.04 0.1
v -0.02 -0.04 0.1
v -0.02 -0.04 0.1
v -0.01 -0.05 0.1
v -0.01 -0.05 0.1
v -0 -0.05 0.1
v 0 -0.05 0.1
v 0.01 -0.04 0.1
v 0.05 0.01 0.1
v 0.05 0 0.1
v 0.02 0.04 0.1
v 0.02 0.04 0.1
v 0.03 0.04 0.1
v -0 0.05 0.1
v 0 0.05 0.1
v 0.01 0.05 0.1
v 0.03 0.04 0.1
v 0.03 0.03 0.1
v 0.04 0.03 0.1
v 0.05 -0 0.1
v 0.05 -0.01 0.1
v 0.04 -0.01 0.1
v 0.04 -0.02 0.1
v 0.04 -0.03 0.1
v 0.03 -0.04 0.1
v 0.02 -0.04 0.1
v 0.02 -0.04 0.1
v 0.01 0.04 0.1
v 0.02 0.04 0.1
v 0.04 0.03 0.1
v 0.04 0.02 0.1
v 0.04 0.02 0.1
v 0.04 -0.02 0.1
v 0.04 -0.02 0.1
v 0.04 -0.03 0.1
v 0.03 -0.03 0.1
v 0.01 -0.04 0.1
v 0.04 0.01 0.1
v 0.04 0.01 0.1
v 0.03 -0.04 0.1
v 0.01 -0.05 0.1
v 0.01 -0.04 0.1
v 0.02 -0.04 0.1
v 0.02 -0.04 0.1
v 0.03 -0.04 0.1
v 0.03 -0.04 0.1
v 0.03 -0.03 0.1
v 0.04 -0.03 0.1
v 0.04 -0.03 0.1
v 0.04 -0.02 0.1
v 0.04 -0.02 0.1
v 0.04 -0.02 0.1
v 0.04 -0.01 0.1
v 0.05 -0.01 0.1
v 0.05 -0 0.1
v 0.05 0 0.1
v 0.05 0.01 0.1
v 0.05 0.01 0.1
v 0.04 0.01 0.1
v 0.04 0.02 0.1
v 0.04 0.02 0.1
v 0.04 0.03 0.1
v 0.04 0.03 0.1
v 0.03 0.03 0.1
v 0.03 0.04 0.1
v 0.03 0.04 0.1
v 0.02 0.04 0.1
v 0.02 0.04 0.1
v 0.02 0.04 0.1
v 0.01 0.04 0.1
v 0.01 0.05 0.1
v 0 0.05 0.1
v -0 0.05 0.1
v 0.01 -0.05 0.1
v 0.01 -0.04 0.1
v 0.02 -0.04 0.1
v 0.02 -0.04 0.1
v 0.03 -0.04 0.1
v 0.03 -0.04 0.1
v 0.03 -0.03 0.1
v 0.04 -0.03 0.1
v 0.04 -0.03 0.1
v 0.04 -0.02 0.1
v 0.04 -0.02 0.1
v 0.04 -0.02 0.1
v 0.05 -0.01 0.1
v 0.05 -0.01 0.1
v 0.05 -0 0.1
v 0.05 0 0.1
v 0.05 0.01 0.1
v 0.05 0.01 0.1
v 0.04 0.01 0.1
v 0.04 0.02 0.1
v 0.04 0.02 0.1
v 0.04 0.03 0.1
v 0.04 0.03 0.1
v 0.03 0.03 0.1
v 0.03 0.04 0.1
v 0.03 0.04 0.1
v 0.02 0.04 0.1
v 0.02 0.04 0.1
v 0.02 0.04 0.1
v 0.01 0.05 0.1
v 0.01 0.05 0.1
v 0 0.05 0.1
v -0 0.05 0.1
v 0 -0.05 0.02
v 0 -0.05 0.02
v 0 -0.05 0.02
v 0 -0.05 0.02
v 0 -0.05 0.02
v 0 -0.05 0.02
v 0 -0.05 0.03
v 0 -0.05 0.02
v -0.01 -0.05 0.03
v -0.01 -0.05 0.02
v -0.02 -0.04 0.03
v -0.02 -0.04 0.02
v -0.02 -0.04 0.03
v -0.02 -0.04 0.02
v -0.03 -0.03 0.03
v -0.03 -0.03 0.02
v -0.04 -0.03 0.03
v -0.04 -0.03 0.02
v -0.04 -0.02 0.03
v -0.04 -0.02 0.02
v -0.04 -0.01 0.03
v -0.04 -0.01 0.02
v -0.05 -0 0.03
v -0.05 -0 0.02
v -0.05 0 0.03
v -0.05 0 0.02
v -0.04 0.01 0.03
v -0.04 0.01 0.02
v -0.04 0.02 0.03
v -0.04 0.02 0.02
v -0.04 0.03 0.03
v -0.04 0.03 0.02
v -0.03 0.03 0.03
v -0.03 0.03 0.02
v -0.02 0.04 0.03
v -0.02 0.04 0.02
v -0.02 0.04 0.03
v -0.02 0.04 0.02
v -0.01 0.05 0.03
v -0.01 0.05 0.02
v 0 0.05 0.03
v 0 0.05 0.02
v 0 0.05 0.02
v 0 0.05 0.02
v 0.01 0.05 0.02
v 0.01 0.05 0.02
v 0.02 0.04 0.02
v 0.02 0.04 0.02
v 0.02 0.04 0.02
v 0.02 0.04 0.02
v 0.03 0.03 0.02
v 0.03 0.03 0.02
v 0.04 0.03 0.02
v 0.04 0.03 0.02
v 0.04 0.02 0.02
v 0.04 0.02 0.02
v 0.05 0.01 0.02
v 0.05 0.01 0.02
v 0.05 0 0.02
v 0.05 0 0.02
v 0.05 -0 0.02
v 0.05 -0 0.02
v 0.05 -0.01 0.02
v 0.05 -0.01 0.02
v 0.04 -0.02 0.02
v 0.04 -0.02 0.02
v 0.04 -0.03 0.02
v 0.04 -0.03 0.02
v 0.03 -0.03 0.02
v 0.03 -0.03 0.02
v 0.02 -0.04 0.02
v 0.02 -0.04 0.02
v 0.02 -0.04 0.02
v 0.02 -0.04 0.02
v 0.01 -0.05 0.02
v 0.01 -0.05 0.02
v 0 -0.05 0.02
v 0 -0.05 0.02
v 0 0.05 0.02
v 0 0.05 0.02
v 0.01 0.05 0.02
v 0.01 0.05 0.02
v 0.02 0.04 0.02
v 0.02 0.04 0.02
v 0.03 0.04 0.02
v 0.03 0.04 0.02
v 0.03 0.04 0.02
v 0.03 0.04 0.02
v 0.04 0.03 0.02
v 0.04 0.03 0.02
v 0.04 0.02 0.02
v 0.04 0.02 0.02
v 0.05 0.01 0.02
v 0.05 0.01 0.02
v 0.05 0 0.02
v 0.05 0 0.02
v 0.05 -0 0.02
v 0.05 -0 0.02
v 0.05 -0.01 0.02
v 0.05 -0.01 0.02
v 0.04 -0.02 0.02
v 0.04 -0.02 0.02
v 0.04 -0.03 0.02
v 0.04 -0.03 0.02
v 0.03 -0.04 0.02
v 0.03 -0.04 0.02
v 0.03 -0.04 0.02
v 0.03 -0.04 0.02
v 0.02 -0.04 0.02
v 0.02 -0.04 0.02
v 0.01 -0.05 0.02
v 0.01 -0.05 0.02
v 0 -0.05 0.02
v 0 -0.05 0.02
v 0 0.05 0.02
v 0 0.05 0.02
v 0.01 0.05 0.02
v 0.01 0.05 0.02
v 0.02 0.04 0.02
v 0.02 0.04 0.02
v 0.02 0.04 0.02
v 0.02 0.04 0.02
v 0.03 0.03 0.02
v 0.03 0.03 0.02
v 0.04 0.03 0.02
v 0.04 0.03 0.02
v 0.04 0.02 0.02
v 0.04 0.02 0.02
v 0.05 0.01 0.02
v 0.05 0.01 0.02
v 0.05 0 0.02
v 0.05 0 0.02
v 0.05 -0 0.02
v 0.05 -0 0.02
v 0.05 -0.01 0.02
v 0.05 -0.01 0.02
v 0.04 -0.02 0.02
v 0.04 -0.02 0.02
v 0.04 -0.03 0.02
v 0.04 -0.03 0.02
v 0.03 -0.03 0.02
v 0.03 -0.03 0.02
v 0.02 -0.04 0.02
v 0.02 -0.04 0.02
v 0.02 -0.04 0.02
v 0.02 -0.04 0.02
v 0.01 -0.05 0.02
v 0.01 -0.05 0.02
v 0 -0.05 0.02
v 0 -0.05 0.02
v 0 -0.05 0.02
v 0 -0.05 0.02
v -0.01 -0.05 0.02
v -0.01 -0.05 0.02
v -0.02 -0.04 0.02
v -0.02 -0.04 0.02
v -0.02 -0.04 0.02
v -0.02 -0.04 0.02
v -0.03 -0.04 0.02
v -0.03 -0.04 0.02
v -0.04 -0.03 0.02
v -0.04 -0.03 0.02
v -0.04 -0.02 0.02
v -0.04 -0.02 0.02
v -0.05 -0.01 0.02
v -0.05 -0.01 0.02
v -0.05 -0.01 0.02
v -0.05 -0.01 0.02
v -0.05 0 0.02
v -0.05 0 0.02
v -0.05 0.01 0.02
v -0.05 0.01 0.02
v -0.04 0.02 0.02
v -0.04 0.02 0.02
v -0.04 0.03 0.02
v -0.04 0.03 0.02
v -0.03 0.03 0.02
v -0.03 0.03 0.02
v -0.03 0.04 0.02
v -0.03 0.04 0.02
v -0.02 0.04 0.02
v -0.02 0.04 0.02
v -0.01 0.05 0.02
v -0.01 0.05 0.02
v -0 0.05 0.02
v -0 0.05 0.02
v 0 -0.05 0.02
v 0.01 -0.05 0.02
v 0.02 -0.05 0.02
v 0.03 -0.04 0.02
v 0.03 -0.04 0.02
v 0.04 -0.03 0.02
v 0.04 -0.02 0.02
v 0.05 -0.01 0.02
v 0.05 -0.01 0.02
v 0.05 0 0.02
v 0.05 0.01 0.02
v 0.04 0.02 0.02
v 0.04 0.03 0.02
v 0.03 0.03 0.02
v 0.03 0.04 0.02
v 0.02 0.04 0.02
v 0.01 0.05 0.02
v 0 0.05 0.02
v 0 -0.05 0.03
v 0 -0.05 0.02
v 0.01 -0.05 0.02
v 0.01 -0.05 0.03
v 0.02 -0.04 0.02
v 0.02 -0.04 0.03
v 0.03 -0.04 0.02
v 0.02 -0.04 0.03
v 0.03 -0.04 0.02
v 0.03 -0.03 0.03
v 0.04 -0.03 0.02
v 0.04 -0.03 0.03
v 0.04 -0.02 0.02
v 0.04 -0.02 0.03
v 0.05 -0.01 0.02
v 0.04 -0.01 0.03
v 0.05 -0 0.02
v 0.05 -0 0.03
v 0.05 0 0.02
v 0.05 0 0.03
v 0.05 0.01 0.02
v 0.04 0.01 0.03
v 0.04 0.02 0.02
v 0.04 0.02 0.03
v 0.04 0.03 0.02
v 0.04 0.03 0.03
v 0.03 0.04 0.02
v 0.03 0.03 0.03
v 0.03 0.04 0.02
v 0.02 0.04 0.03
v 0.02 0.04 0.02
v 0.02 0.04 0.03
v 0.01 0.05 0.02
v 0.01 0.05 0.03
v 0 0.05 0.02
v 0 0.05 0.03
v 0 0.05 0.02
v 0.01 0.05 0.02
v 0.02 0.04 0.02
v 0.03 0.04 0.02
v 0.03 0.04 0.02
v 0.04 0.03 0.02
v 0.04 0.02 0.02
v 0.05 0.01 0.02
v 0.05 0 0.02
v 0.05 -0 0.02
v 0.05 -0.01 0.02
v 0.04 -0.02 0.02
v 0.04 -0.03 0.02
v 0.03 -0.04 0.02
v 0.03 -0.04 0.02
v 0.02 -0.04 0.02
v 0.01 -0.05 0.02
v 0 -0.05 0.02
v 0.04 0.02 0.02
v 0.04 0.02 0.02
v 0.03 0.03 0.02
v 0.03 0.03 0.02
v 0.03 0.04 0.02
v 0.03 0.04 0.02
v 0.02 0.04 0.02
v 0.02 0.04 0.02
v 0.01 0.04 0.02
v 0.01 0.04 0.02
v 0 0.05 0.02
v 0 0.05 0.02
v -0 0.05 0.02
v -0 0.05 0.02
v -0.01 0.04 0.02
v -0.01 0.04 0.02
v -0.02 0.04 0.02
v -0.02 0.04 0.02
v -0.03 0.04 0.02
v -0.03 0.04 0.02
v -0.03 0.03 0.02
v -0.03 0.03 0.02
v -0.04 0.02 0.02
v -0.04 0.02 0.02
v -0.04 0.02 0.02
v -0.04 0.02 0.02
v -0.04 0.01 0.02
v -0.04 0.01 0.02
v -0.05 0.01 0.02
v -0.05 0.01 0.02
v -0.05 -0 0.02
v -0.05 -0 0.02
v -0.04 -0.01 0.02
v -0.04 -0.01 0.02
v -0.04 -0.02 0.02
v -0.04 -0.02 0.02
v -0.04 -0.03 0.02
v -0.04 -0.03 0.02
v -0.03 -0.03 0.02
v -0.03 -0.03 0.02
v -0.02 -0.04 0.02
v -0.02 -0.04 0.02
v -0.02 -0.04 0.02
v -0.02 -0.04 0.02
v -0.01 -0.04 0.02
v -0.01 -0.04 0.02
v -0 -0.05 0.02
v -0 -0.05 0.02
v 0.01 -0.04 0.02
v 0.01 -0.04 0.02
v 0.02 -0.04 0.02
v 0.02 -0.04 0.02
v 0.02 -0.04 0.02
v 0.02 -0.04 0.02
v 0.03 -0.03 0.02
v 0.03 -0.03 0.02
v 0.04 -0.03 0.02
v 0.04 -0.03 0.02
v 0.04 -0.02 0.02
v 0.04 -0.02 0.02
v 0.04 -0.01 0.02
v 0.04 -0.01 0.02
v 0.05 -0 0.02
v 0.05 -0 0.02
v 0.05 0.01 0.02
v 0.05 0.01 0.02
v 0.04 0.01 0.02
v 0.04 0.01 0.02
v 0.04 0.02 0.02
v 0.04 0.02 0.02
v 0.02 0.04 0.03
v 0.02 0.04 0.03
v 0.01 0.05 0.03
v -0.01 0.05 0.03
v -0.02 0.04 0.03
v -0.02 0.04 0.03
v -0.03 0.03 0.03
v -0.04 0.03 0.03
v -0.04 0.02 0.03
v -0.04 0.01 0.03
v -0.05 0 0.03
v -0.05 -0 0.03
v -0.04 -0.01 0.03
v -0.04 -0.02 0.03
v -0.04 -0.03 0.03
v -0.03 -0.03 0.03
v -0.02 -0.04 0.03
v -0.02 -0.04 0.03
v -0.01 -0.05 0.03
v 0.01 -0.05 0.03
v 0.02 -0.04 0.03
v 0.02 -0.04 0.03
v 0.03 -0.03 0.03
v 0.04 -0.03 0.03
v 0.04 -0.02 0.03
v 0.04 -0.01 0.03
v 0.05 -0 0.03
v 0.05 0 0.03
v 0.04 0.01 0.03
v 0.04 0.02 0.03
v 0.04 0.03 0.03
v 0.03 0.03 0.03
v -0.01 -0.05 0.02
v -0.01 -0.05 0.02
v -0.02 -0.04 0.02
v -0.02 -0.04 0.02
v -0.03 -0.04 0.02
v -0.03 -0.04 0.02
v -0.03 -0.04 0.02
v -0.03 -0.04 0.02
v -0.04 -0.03 0.02
v -0.04 -0.03 0.02
v -0.04 -0.02 0.02
v -0.04 -0.02 0.02
v -0.05 -0.01 0.02
v -0.05 -0.01 0.02
v -0.05 -0 0.02
v -0.05 -0 0.02
v -0.05 0 0.02
v -0.05 0 0.02
v -0.05 0.01 0.02
v -0.05 0.01 0.02
v -0.04 0.02 0.02
v -0.04 0.02 0.02
v -0.04 0.03 0.02
v -0.04 0.03 0.02
v -0.03 0.04 0.02
v -0.03 0.04 0.02
v -0.03 0.04 0.02
v -0.03 0.04 0.02
v -0.02 0.04 0.02
v -0.02 0.04 0.02
v -0.01 0.05 0.02
v -0.01 0.05 0.02
v -0 0.05 0.02
v -0.01 0.05 0.02
v -0.02 0.04 0.02
v -0.03 0.04 0.02
v -0.03 0.03 0.02
v -0.04 0.03 0.02
v -0.04 0.02 0.02
v -0.05 0.01 0.02
v -0.05 0 0.02
v -0.05 -0.01 0.02
v -0.05 -0.01 0.02
v -0.04 -0.02 0.02
v -0.04 -0.03 0.02
v -0.03 -0.04 0.02
v -0.03 -0.04 0.02
v -0.02 -0.05 0.02
v -0.01 -0.05 0.02
v 0 0.05 0.02
v 0 0.05 0.02
v 0 0.05 0.02
v 0 0.05 0.02
v 0 0.05 0.02
v 0 0.05 0.02
v 0 0.05 0.02
v 0.01 -0.05 0.02
v 0.02 -0.04 0.02
v 0.02 -0.04 0.02
v 0.03 -0.04 0.02
v 0.04 -0.03 0.02
v 0.04 -0.02 0.02
v 0.05 -0.01 0.02
v 0.05 -0.01 0.02
v 0.05 0 0.02
v 0.05 0.01 0.02
v 0.04 0.02 0.02
v 0.04 0.03 0.02
v 0.03 0.03 0.02
v 0.03 0.04 0.02
v 0.02 0.04 0.02
v 0.01 0.05 0.02
v -0 0.05 0.02
v -0 0.05 0.02
v -0 0.05 0.02
v -0 0.05 0.02
v -0 0.05 0.02
v -0 0.05 0.02
v 0 0.05 0.02
v 0.01 0.05 0.02
v 0.02 0.04 0.02
v 0.03 0.04 0.02
v 0.03 0.03 0.02
v 0.04 0.03 0.02
v 0.04 0.02 0.02
v 0.05 0.01 0.02
v 0.05 0 0.02
v 0.05 -0.01 0.02
v 0.05 -0.01 0.02
v 0.04 -0.02 0.02
v 0.04 -0.03 0.02
v 0.03 -0.04 0.02
v 0.02 -0.04 0.02
v 0.02 -0.04 0.02
v 0.01 -0.05 0.02
v -0.01 -0.05 0.02
v -0.01 -0.05 0.02
v -0.02 -0.04 0.02
v -0.02 -0.04 0.02
v -0.02 -0.04 0.02
v -0.02 -0.04 0.02
v -0.03 -0.03 0.02
v -0.03 -0.03 0.02
v -0.04 -0.03 0.02
v -0.04 -0.03 0.02
v -0.04 -0.02 0.02
v -0.04 -0.02 0.02
v -0.05 -0.01 0.02
v -0.05 -0.01 0.02
v -0.05 -0 0.02
v -0.05 -0 0.02
v -0.05 0 0.02
v -0.05 0 0.02
v -0.05 0.01 0.02
v -0.05 0.01 0.02
v -0.04 0.02 0.02
v -0.04 0.02 0.02
v -0.04 0.03 0.02
v -0.04 0.03 0.02
v -0.03 0.03 0.02
v -0.03 0.03 0.02
v -0.02 0.04 0.02
v -0.02 0.04 0.02
v -0.02 0.04 0.02
v -0.02 0.04 0.02
v -0.01 0.05 0.02
v -0.01 0.05 0.02
v -0.01 -0.05 0.02
v -0.02 -0.04 0.02
v -0.03 -0.04 0.02
v -0.03 -0.04 0.02
v -0.04 -0.03 0.02
v -0.04 -0.02 0.02
v -0.05 -0.01 0.02
v -0.05 -0 0.02
v -0.05 0 0.02
v -0.05 0.01 0.02
v -0.04 0.02 0.02
v -0.04 0.03 0.02
v -0.03 0.04 0.02
v -0.03 0.04 0.02
v -0.02 0.04 0.02
v -0.01 0.05 0.02
v -0.01 -0.05 0.02
v -0.02 -0.04 0.02
v -0.03 -0.04 0.02
v -0.03 -0.04 0.02
v -0.04 -0.03 0.02
v -0.04 -0.02 0.02
v -0.05 -0.01 0.02
v -0.05 -0 0.02
v -0.05 0 0.02
v -0.05 0.01 0.02
v -0.04 0.02 0.02
v -0.04 0.03 0.02
v -0.03 0.04 0.02
v -0.03 0.04 0.02
v -0.02 0.04 0.02
v -0.01 0.05 0.02
v -0.04 0.02 0.02
v -0.05 0.01 0.02
v -0.05 0 0.02
v -0.05 -0 0.02
v -0.05 -0.01 0.02
v -0.04 -0.02 0.02
v -0.04 -0.03 0.02
v -0.03 -0.03 0.02
v -0.02 -0.04 0.02
v -0.02 -0.04 0.02
v -0.01 -0.05 0.02
v -0.01 0.05 0.02
v -0.02 0.04 0.02
v -0.02 0.04 0.02
v -0.03 0.03 0.02
v -0.04 0.03 0.02
v -0.01 -0.05 0.02
v -0.02 -0.04 0.02
v -0.02 -0.04 0.02
v -0.03 -0.03 0.02
v -0.04 -0.03 0.02
v -0.04 -0.02 0.02
v -0.05 -0.01 0.02
v -0.05 -0 0.02
v -0.05 0 0.02
v -0.05 0.01 0.02
v -0.04 0.02 0.02
v -0.04 0.03 0.02
v -0.03 0.03 0.02
v -0.02 0.04 0.02
v -0.02 0.04 0.02
v -0.01 0.05 0.02
v 0.01 0.05 0.02
v 0.02 0.04 0.02
v 0.02 0.04 0.02
v 0.03 0.03 0.02
v 0.04 0.03 0.02
v 0.04 0.02 0.02
v 0.04 0.01 0.02
v 0.05 0 0.02
v 0.05 -0 0.02
v 0.04 -0.01 0.02
v 0.04 -0.02 0.02
v 0.04 -0.03 0.02
v 0.03 -0.03 0.02
v 0.02 -0.04 0.02
v 0.02 -0.04 0.02
v 0.01 -0.05 0.02
v 0.04 0.02 0.02
v -0.04 0.02 0.02
v -0.04 0.02 0.02
v 0.04 0.02 0.02
v -0 -0.05 0.02
v -0 -0.05 0.02
v 0.04 0.02 0.02
v 0.04 0.02 0.02
v -0.04 0.02 0.02
v -0.04 0.02 0.02
v 0 0.05 0.02
v -0 0.05 0.02
v -0 0.05 0.01
v -0 0.05 0.01
v -0 0.05 0.01
v -0 0.05 0.01
v -0 0.05 0.01
v -0 0.05 0.01
v -0 0.05 0.01
v -0 0.05 0.01
v -0 0.05 0.01
v -0 0.05 0.01
v -0 0.05 0.01
v -0 0.05 0.01
v -0 0.05 0.01
v -0 0.05 0.01
v -0 0.05 0.01
v -0 0.05 0.01
v -0 0.05 0.01
v -0 0.05 0.01
v -0 0.05 0.01
v -0 0.05 0.01
v -0 0.05 0.01
v -0 0.05 0.01
v -0 0.05 0.01
v -0 0.05 0.01
v -0 0.05 0.01
v -0 0.05 0.01
v -0 0.05 0.01
v -0 0.05 0.01
v -0 0.05 0.01
v -0 0.05 0.01
v -0 0.05 0.01
v -0 0.05 0.01
v -0 0.05 0.01
v -0 0.05 0.01
v -0 0.05 0.01
v -0 0.05 0.01
v -0 0.05 0.01
v -0 0.05 0.01
v -0 0.05 0.01
v -0 0.05 0.01
v -0 0.05 0.01
v -0 0.05 0.01
v -0 0.05 0.01
v -0 0.05 0.01
v -0 0.05 0.01
v -0 0.05 0.01
v -0 0.05 0.01
v -0 0.05 0.01
v -0 0.05 0.01
v -0 0.05 0.01
v -0 0.05 0.01
v -0 0.05 0.01
v -0 0.05 0.01
v -0 0.05 0.01
v -0 0.05 0.01
v -0 0.05 0.01
v -0 0.05 0.01
v -0 0.05 0.01
v -0 0.05 0.01
v -0 0.05 0.01
v -0 0.05 0.01
v -0 0.05 0.01
v -0 0.05 0.01
v -0 0.05 0.01
v -0 0.05 0.01
v -0 0.05 0.01
v 0 0.05 0.01
v 0 0.05 0.01
v 0 0.05 0.01
v 0 0.05 0.01
v 0 0.05 0.01
v 0 0.05 0.01
v 0 0.05 0.01
v 0 0.05 0.01
v 0 0.05 0.01
v 0 0.05 0.01
v 0 0.05 0.01
v 0 0.05 0.01
v 0 0.05 0.01
v 0 0.05 0.01
v 0 0.05 0.01
v 0 0.05 0.01
v 0 0.05 0.01
v 0 0.05 0.01
v 0 0.05 0.01
v 0 0.05 0.01
v 0 0.05 0.01
v 0 0.05 0.01
v -0 0.05 0.01
v 0 0.05 0.01
v 0 0.05 0.01
v -0 0.05 0.01
v -0 0.05 0.01
v -0 0.05 0.01
v -0 0.05 0.01
v -0 0.05 0.01
v -0 0.05 0.01
v 0 0.05 0.01
v 0 0.05 0.01
v 0 0.05 0.01
v 0 0.05 0.01
v 0 0.05 0.01
v 0 0.05 0.01
v 0 0.05 0.01
v 0 0.05 0.01
v 0 0.05 0.01
v 0 0.05 0.01
v 0 0.05 0.01
v 0 0.05 0.01
v 0 0.05 0.01
v 0 0.05 0.01
v 0 0.05 0.01
v -0 0.05 0.01
v -0 0.05 0.01
v -0 0.05 0.01
v 0 0.05 0.01
v 0 0.05 0.01
v -0 0.05 0.01
v -0 0.05 0.01
v -0 0.05 0.01
v -0 0.05 0.01
v -0 0.05 0.01
v -0 0.05 0.01
v -0 0.05 0.01
v 0 0.05 0.01
v 0 0.05 0.01
v -0 0.05 0.01
v -0 0.05 0.01
v -0 0.05 0.01
v -0 0.05 0.01
v -0 0.05 0.01
v -0 0.05 0.01
v 0 0.05 0.01
v 0 0.05 0.01
v 0 0.05 0.01
v 0 0.05 0.01
v 0 0.05 0.01
v 0 0.05 0.01
v 0 0.05 0.01
v 0 0.05 0.01
v 0 0.05 0.01
v 0 0.05 0.01
v 0 0.05 0.01
v 0 0.05 0.01
v 0 0.05 0.01
v 0 0.05 0.01
v 0 0.05 0.01
v 0 0.05 0.01
v 0 0.05 0.01
v 0 0.05 0.01
v 0 0.05 0.01
v 0 0.05 0.01
v 0 0.05 0.01
v 0 0.05 0.01
v 0 0.05 0.01
v 0 0.05 0.01
v 0 0.05 0.01
v 0 0.05 0.01
v 0 0.05 0.01
v 0 0.05 0.01
v 0 0.05 0.01
v 0 0.05 0.01
v 0 0.05 0.01
v 0 0.05 0.01
v 0 0.05 0.01
v 0 0.05 0.01
v 0 0.05 0.01
v 0 0.05 0.01
v 0 0.05 0.01
v 0 0.05 0.01
v 0 0.05 0.01
v 0 0.05 0.01
v 0 0.05 0.01
v 0 0.05 0.01
v 0 0.05 0.01
v 0 0.05 0.01
v 0 0.05 0.01
v 0 0.05 0.01
v 0 0.05 0.01
v 0 0.05 0.01
v 0 0.05 0.01
v 0 0.05 0.01
v 0 0.05 0.01
v 0 0.05 0.01
v 0 0.05 0.01
v 0 0.05 0.01
v -0 0.05 0.01
v -0 0.05 0.01
v -0 0.05 0.01
v -0 0.05 0.01
v -0 0.05 0.01
v -0 0.05 0.01
v -0 0.05 0.01
v -0 0.05 0.01
v -0 0.05 0.01
v -0 0.05 0.01
v -0 0.05 0.01
v -0 0.05 0.01
v 0 0.05 0.01
v 0 0.05 0.01
v 0 0.05 0.01
v 0 0.05 0.01
v 0 0.05 0.01
v 0 0.05 0.01
v 0 0.05 0.01
v 0 0.05 0.01
v 0 0.05 0.01
v 0 0.05 0
v 0 0.05 0.01
v 0 0.05 0.01
v -0 0.05 0.01
v -0 0.05 0.01
v -0 0.05 0.01
v -0 0.05 0.01
v 0 0.05 0.01
v 0 0.05 0.01
v 0 0.05 0.01
v 0 0.05 0
v -0 0.05 0.01
v -0 0.05 0.01
v -0 0.05 0.01
v -0 0.05 0.01
v -0 0.05 0.01
v 0 0.05 0.01
v 0 0.05 0.01
v 0 0.05 0.01
v 0 0.05 0.01
v 0 0.05 0.01
v 0 0.05 0.01
v 0 0.05 0.01
v 0 0.05 0.01
v 0 0.05 0.01
v 0 0.05 0.01
v 0 0.05 0.01
v 0 0.05 0.01
v 0 0.05 0.01
v 0 0.05 0.01
v 0 0.05 0.01
v 0 0.05 0.01
v 0 0.05 0.01
v 0 0.05 0.01
v 0 0.05 0.01
v -0 0.05 0.01
v -0 0.05 0.01
v -0 0.05 0.01
v -0 0.05 0.01
v -0 0.05 0.01
v -0 0.05 0.01
v 0 0.05 0.01
v 0 0.05 0.01
v 0 0.05 0.01
v 0 0.05 0.01
v 0 0.05 0.01
v 0 0.05 0.01
v 0 0.05 0.01
v 0 0.05 0.01
v 0 0.05 0.01
v -0 0.05 0.01
v 0 0.05 0.01
v 0 0.05 0.01
v -0 0.05 0.01
v -0 0.05 0.01
v -0 0.05 0.01
v -0 0.05 0.01
v -0 0.05 0.01
v -0 0.05 0.01
v -0 0.05 0.01
v -0 0.05 0.01
v -0 0.05 0.01
v -0 0.05 0.01
v -0 0.05 0.01
v -0 0.05 0.01
v -0 0.05 0.01
v -0 0.05 0.01
v -0 0.05 0.01
v -0 0.05 0.01
v -0 0.05 0.01
v -0 0.05 0.01
v -0 0.05 0.01
v -0 0.05 0.01
v -0 0.05 0.01
v -0 0.05 0.01
v -0 0.05 0.01
v -0 0.05 0.01
v -0 0.05 0.01
v -0 0.05 0.01
v -0 0.05 0.01
v -0 0.05 0.01
v -0 0.05 0.01
v -0 0.05 0.01
v -0 0.05 0.01
v -0 0.05 0.01
v -0 0.05 0.01
v -0 0.05 0.01
v -0 0.05 0.01
v -0 0.05 0.01
v -0 0.05 0.01
v -0 0.05 0.01
v -0 0.05 0.01
v -0 0.05 0.01
v -0 0.05 0.01
v -0 0.05 0.01
v 0 0.05 0.01
v 0 0.05 0.01
v 0 0.05 0.01
v 0 0.05 0.01
v -0 0.05 0.01
v -0 0.05 0.01
v -0 0.05 0.01
v -0 0.05 0.01
v -0 0.05 0.01
v 0 0.05 0.01
v 0 0.05 0.01
v 0 0.05 0.01
v 0 0.05 0.01
v 0 0.05 0.01
v 0 0.05 0.01
v -0 0.05 0.01
v -0 0.05 0.01
v -0 0.05 0.01
v -0 0.05 0.01
v -0 0.05 0.01
v -0 0.05 0.01
v -0 0.05 0.01
v -0 0.05 0.01
v -0 0.05 0.01
v -0 0.05 0.01
v -0 0.05 0.01
v -0 0.05 0.01
v -0 0.05 0.01
v -0 0.05 0.01
v -0 0.05 0.01
v -0 0.05 0.01
v -0 0.05 0.01
v 0 0.05 0.01
v 0 0.05 0.01
v 0 0.05 0.01
v 0 0.05 0.01
v 0 0.05 0.01
v 0 0.05 0.01
v 0 0.05 0.01
v 0 0.05 0.01
v 0 0.05 0.01
v 0 0.05 0.01
v 0 0.05 0.01
v 0 0.05 0.01
v 0 0.05 0.01
v 0 0.05 0.01
v -0 0.05 0.01
v -0 0.05 0.01
v -0 0.05 0.01
v -0 0.05 0.01
v -0 0.05 0.01
v -0 0.05 0.01
v -0 0.05 0.01
v -0 0.05 0.01
v -0 0.05 0.01
v 0 0.05 0.01
v 0 0.05 0.01
v 0 0.05 0.01
v 0 0.05 0.01
v 0 0.05 0.01
v 0 0.05 0.01
v 0 0.05 0.01
v 0 0.05 0.01
v 0 0.05 0.01
v 0 0.05 0.01
v 0 0.05 0.01
v 0 0.05 0.01
v 0 0.05 0.01
v 0 0.05 0.01
v 0 0.05 0.01
v 0 0.05 0.01
v 0 0.05 0.01
v 0 0.05 0.01
v 0 0.05 0.01
v 0 0.05 0.01
v 0 0.05 0.01
v 0 0.05 0.01
v 0 0.05 0.01
v 0 0.05 0.01
v 0 0.05 0.01
v 0 0.05 0.01
v 0 0.05 0.01
v 0 0.05 0.01
v 0 0.05 0.01
v -0 0.05 0.01
v -0 0.05 0.01
v 0 0.05 0.01
v 0 0.05 0.01
v 0 0.05 0.01
v 0 0.05 0.01
v 0 0.05 0.01
v 0 0.05 0.01
v 0 0.05 0.01
v 0 0.05 0.01
v 0 0.05 0.01
v 0 0.05 0.01
v 0 0.05 0.01
v 0 0.05 0.01
v 0 0.05 0.01
v 0 0.05 0.01
v 0 0.05 0.01
v 0 0.05 0.01
v 0 0.05 0.01
v 0 0.05 0.01
v 0 0.05 0.01
v 0 0.05 0.01
v 0 0.05 0.01
v 0 0.05 0.01
v 0 0.05 0.01
v 0 0.05 0.01
v 0 0.05 0.01
v 0 0.05 0.01
v 0 0.05 0.01
v 0 0.05 0.01
v 0 0.05 0.01
v 0 0.05 0.01
v 0 0.05 0.01
v 0 0.05 0.01
v 0 0.05 0.01
v 0 0.05 0.01
v 0 0.05 0.01
v 0 0.05 0.01
v 0 0.05 0.01
v 0 0.05 0.01
v 0 0.05 0.01
v 0 0.05 0.01
v 0 0.05 0.01
v 0 0.05 0.01
v 0 0.05 0.01
v 0 0.05 0.01
v 0 0.05 0.01
v 0 0.05 0.01
v 0 0.05 0.01
v 0 0.05 0.01
v 0 0.05 0.01
v 0 0.05 0.01
v 0 0.05 0.01
v 0 0.05 0.01
v 0 0.05 0.01
v 0 0.05 0.01
v 0 0.05 0.01
v 0 0.05 0.01
v 0 0.05 0.01
v 0 0.05 0.01
v 0 0.05 0.01
v 0 0.05 0.01
v 0 0.05 0.01
v 0 0.05 0.01
v 0 0.05 0.01
v 0 0.05 0.01
v 0 0.05 0.01
v 0 0.05 0.01
v 0 0.05 0.01
v 0 0.05 0.01
v 0 0.05 0.01
v 0 0.05 0.01
v 0 0.05 0.01
v 0 0.05 0.01
v 0 0.05 0.01
v 0 0.05 0.01
v 0 0.05 0.01
v 0 0.05 0.01
v 0 0.05 0.01
v 0 0.05 0.01
v 0 0.05 0.01
v 0 0.05 0.01
v 0 0.05 0.01
v 0 0.05 0.01
v 0 0.05 0.01
v 0 0.05 0.01
v 0 0.05 0.01
v 0 0.05 0.01
v 0 0.05 0.01
v 0 0.05 0.01
v 0 0.05 0.01
v 0 0.05 0.01
v 0 0.05 0.01
v 0 0.05 0.01
v 0 0.05 0.01
v 0 0.05 0.01
v 0 0.05 0.01
v 0 0.05 0.01
v 0 0.05 0.01
v 0 0.05 0.01
v 0 0.05 0.01
v 0 0.05 0.01
v 0 0.05 0.01
v 0 0.05 0.01
v 0 0.05 0.01
v 0 0.05 0.01
v 0 0.05 0.01
v 0 0.05 0.01
v 0 0.05 0.01
v 0 0.05 0.01
v 0 0.05 0.01
v 0 0.05 0.01
v 0 0.05 0.01
v 0 0.05 0.01
v 0 0.05 0.01
v 0 0.05 0.01
v 0 0.05 0.01
v 0 0.05 0.01
v 0 0.05 0.01
v 0 0.05 0.01
v 0 0.05 0.01
v 0 0.05 0.01
v 0 0.05 0.01
v 0 0.05 0.01
v 0 0.05 0.01
v 0 0.05 0.01
v -0 0.05 0.01
v -0 0.05 0.01
v -0 0.05 0.01
v -0 0.05 0.01
v -0 0.05 0.01
v -0 0.05 0.01
v -0 0.05 0.01
v -0 0.05 0.01
v -0 0.05 0.01
v -0 0.05 0.01
v -0 0.05 0.01
v -0 0.05 0.01
v -0 0.05 0.01
v -0 0.05 0.01
v -0 0.05 0.01
v -0 0.05 0.01
v -0 0.05 0.01
v -0 0.05 0.01
v -0 0.05 0.01
v -0 0.05 0.01
v -0 0.05 0.01
v -0 0.05 0.01
v -0 0.05 0.01
v -0 0.05 0.01
v -0 0.05 0.01
v -0 0.05 0.01
v -0 0.05 0.01
v -0 0.05 0.01
v -0 0.05 0.01
v -0 0.05 0.01
v -0 0.05 0.01
v -0 0.05 0.01
v -0 0.05 0.01
v -0 0.05 0.01
v -0 0.05 0.01
v -0 0.05 0.01
v -0 0.05 0.01
v -0 0.05 0.01
v -0 0.05 0.01
v -0 0.05 0.01
v -0 0.05 0.01
v -0 0.05 0.01
v -0 0.05 0.01
v -0 0.05 0.01
v -0 0.05 0.01
v -0 0.05 0.01
v -0 0.05 0.01
v -0 0.05 0.01
v -0 0.05 0.01
v -0 0.05 0.01
v -0 0.05 0.01
v -0 0.05 0.01
v -0 0.05 0.01
v -0 0.05 0.01
v -0 0.05 0.01
v -0 0.05 0.01
v -0 0.05 0.01
v -0 0.05 0.01
v -0 0.05 0.01
v -0 0.05 0.01
v -0 0.05 0.01
v -0 0.05 0.01
v -0 0.05 0.01
v -0 0.05 0.01
v -0 0.05 0.01
v -0 0.05 0.01
v -0 0.05 0.01
v -0 0.05 0.01
v -0 0.05 0.01
v -0 0.05 0.01
v -0 0.05 0.01
v -0 0.05 0.01
v -0 0.05 0.01
v -0 0.05 0.01
v -0 0.05 0.01
v -0 0.05 0.01
v -0 0.05 0.01
v -0 0.05 0.01
v -0 0.05 0.01
v -0 0.05 0.01
v -0 0.05 0.01
v -0 0.05 0.01
v -0 0.05 0.01
v -0 0.05 0.01
v -0 0.05 0.01
v -0 0.05 0.01
v -0 0.05 0.01
v -0 0.05 0.01
v -0 0.05 0.01
v -0 0.05 0.01
v -0 0.05 0.01
v -0 0.05 0.01
v -0 0.05 0.01
v -0 0.05 0.01
v -0 0.05 0.01
v -0 0.05 0.01
v -0 0.05 0.01
v -0 0.05 0.01
v -0 0.05 0.01
v -0 0.05 0.01
v 0 0.05 0.01
v 0 0.05 0.01
v 0 0.05 0.01
v 0 0.05 0.01
v 0 0.05 0.01
v 0 0.05 0.01
v 0 0.05 0.01
v 0 0.05 0.01
v 0 0.05 0.01
v 0 0.05 0.01
v 0 0.05 0.01
v 0 0.05 0.01
v 0 0.05 0.01
v 0 0.05 0.01
v 0 0.05 0.01
v 0 0.05 0.01
v 0 0.05 0.01
v 0 0.05 0.01
v 0 0.05 0.01
v 0 0.05 0.01
v 0 0.05 0.01
v 0 0.05 0.01
v 0 0.05 0.01
v 0 0.05 0.01
v 0 0.05 0.01
v 0 0.05 0.01
v 0 0.05 0.01
v 0 0.05 0.01
v 0 0.05 0.01
v -0 0.05 0.01
v -0 0.05 0.01
v -0 0.05 0.01
v -0 0.05 0.01
v -0 0.05 0.01
v -0 0.05 0.01
v -0 0.05 0.01
v -0 0.05 0.01
v -0 0.05 0.01
v -0 0.05 0.01
v -0 0.05 0.01
v -0 0.05 0.01
v -0 0.05 0.01
v -0 0.05 0.01
v 0 0.05 0.01
v -0 0.05 0.01
v -0 0.05 0.01
v -0 0.05 0.01
v -0 0.05 0.01
v -0 0.05 0.01
v -0 0.05 0.01
v 0 0.05 0.01
v 0 0.05 0.01
v 0 0.05 0.01
v 0 0.05 0.01
v 0 0.05 0.01
v 0 0.05 0.01
v 0 0.05 0.01
v 0 0.05 0.01
v 0 0.05 0.01
v 0 0.05 0.01
v -0 0.05 0.01
v -0 0.05 0.01
v -0 0.05 0.01
v -0 0.05 0.01
v -0 0.05 0.01
v -0 0.05 0.01
v -0 0.05 0.01
v -0 0.05 0.01
v -0 0.05 0.01
v -0 0.05 0.01
v -0 0.05 0.01
v -0 0.05 0.01
v -0 0.05 0.01
v -0 0.05 0.01
v -0 0.05 0.01
v -0 0.05 0.01
v -0 0.05 0.01
v 0 0.05 0.01
v 0 0.05 0.01
v 0 0.05 0.01
vn 0 -0 -1
vn -0.87 0.08 -0.48
vn -0.87 0.08 -0.48
vn -0.85 0.23 -0.48
vn -0.85 0.23 -0.48
vn -0.79 0.37 -0.48
vn -0.79 0.37 -0.48
vn -0.72 0.5 -0.48
vn -0.62 0.62 -0.48
vn -0.5 0.72 -0.48
vn -0.37 0.79 -0.48
vn -0.37 0.79 -0.48
vn -0.23 0.85 -0.48
vn -0.23 0.85 -0.48
vn -0.08 0.87 -0.48
vn -0.08 0.87 -0.48
vn 0.08 0.87 -0.48
vn 0.08 0.87 -0.48
vn 0.23 0.85 -0.48
vn 0.23 0.85 -0.48
vn 0.37 0.79 -0.48
vn 0.37 0.79 -0.48
vn 0.5 0.72 -0.48
vn 0.62 0.62 -0.48
vn 0.72 0.5 -0.48
vn 0.79 0.37 -0.48
vn 0.79 0.37 -0.48
vn 0.85 0.23 -0.48
vn 0.85 0.23 -0.48
vn 0.87 0.08 -0.48
vn 0.87 0.08 -0.48
vn -0.09 1 -0.02
vn -0.04 1 0.02
vn -0.13 0.99 -0.02
vn -0.26 0.97 -0.02
vn -0.22 0.98 0.02
vn -0.3 0.95 -0.02
vn -0.42 0.91 -0.02
vn -0.38 0.92 0.02
vn -0.46 0.89 -0.02
vn -0.57 0.82 -0.02
vn -0.54 0.84 0.02
vn -0.61 0.79 -0.02
vn -0.71 0.71 -0.02
vn -0.68 0.74 0.02
vn -0.74 0.68 -0.02
vn -0.82 0.57 -0.02
vn -0.79 0.61 0.02
vn -0.84 0.54 -0.02
vn -0.91 0.42 -0.02
vn -0.89 0.46 0.02
vn -0.92 0.38 -0.02
vn -0.97 0.26 -0.02
vn -0.95 0.3 0.02
vn -0.98 0.22 -0.02
vn -0.99 0.13 -0.02
vn -1 0.09 0
vn -1 0.04 -0.02
vn -1 -0.09 -0.02
vn -1 -0.04 0.02
vn -0.99 -0.13 -0.02
vn -0.98 -0.22 -0.02
vn -0.97 -0.26 0
vn -0.95 -0.3 -0.02
vn -0.91 -0.42 -0.02
vn -0.92 -0.38 0.02
vn -0.89 -0.46 -0.02
vn -0.82 -0.57 -0.02
vn -0.84 -0.54 0.02
vn -0.79 -0.61 -0.02
vn -0.74 -0.68 -0.02
vn -0.71 -0.71 0
vn -0.68 -0.74 -0.02
vn -0.57 -0.82 -0.02
vn -0.61 -0.79 0.02
vn -0.54 -0.84 -0.02
vn -0.46 -0.89 -0.02
vn -0.42 -0.91 0
vn -0.38 -0.92 -0.02
vn -0.26 -0.97 -0.02
vn -0.3 -0.95 0.02
vn -0.04 -1 -0.02
vn -0.09 -1 0
vn -0.13 -0.99 -0.02
vn -0.22 -0.98 -0.02
vn -0.01 0.26 -0.97
vn -0.03 0.25 -0.97
vn -0.06 0.25 -0.97
vn -0.08 0.24 -0.97
vn -0.1 0.24 -0.97
vn -0.12 0.23 -0.97
vn -0.14 0.22 -0.97
vn -0.16 0.2 -0.97
vn -0.17 0.19 -0.97
vn -0.19 0.17 -0.97
vn -0.2 0.16 -0.97
vn -0.22 0.14 -0.97
vn -0.23 0.12 -0.97
vn -0.24 0.1 -0.97
vn -0.24 0.08 -0.97
vn -0.25 0.06 -0.97
vn -0.25 0.03 -0.97
vn -0.25 0.03 -0.97
vn -0.26 0.01 -0.97
vn -0.26 -0.01 -0.97
vn -0.25 -0.03 -0.97
vn -0.25 -0.06 -0.97
vn -0.24 -0.08 -0.97
vn -0.24 -0.1 -0.97
vn -0.23 -0.12 -0.97
vn -0.22 -0.14 -0.97
vn -0.2 -0.16 -0.97
vn -0.19 -0.17 -0.97
vn -0.17 -0.19 -0.97
vn -0.16 -0.2 -0.97
vn -0.14 -0.22 -0.97
vn -0.12 -0.23 -0.97
vn -0.1 -0.24 -0.97
vn -0.08 -0.24 -0.97
vn -0.06 -0.25 -0.97
vn -0.03 -0.25 -0.97
vn -0.03 -0.25 -0.97
vn -0.01 -0.26 -0.97
vn -0.03 0.7 -0.71
vn -0.03 0.7 -0.71
vn -0.09 0.7 -0.71
vn -0.09 0.7 -0.71
vn -0.15 0.68 -0.71
vn -0.21 0.67 -0.71
vn -0.21 0.67 -0.71
vn -0.27 0.65 -0.71
vn -0.27 0.65 -0.71
vn -0.32 0.62 -0.71
vn -0.38 0.59 -0.71
vn -0.43 0.56 -0.71
vn -0.43 0.56 -0.71
vn -0.47 0.52 -0.71
vn -0.52 0.47 -0.71
vn -0.56 0.43 -0.71
vn -0.56 0.43 -0.71
vn -0.59 0.38 -0.71
vn -0.62 0.32 -0.71
vn -0.65 0.27 -0.71
vn -0.65 0.27 -0.71
vn -0.67 0.21 -0.71
vn -0.67 0.21 -0.71
vn -0.68 0.15 -0.71
vn -0.7 0.09 -0.71
vn -0.7 0.09 -0.71
vn -0.7 0.03 -0.71
vn -0.7 0.03 -0.71
vn -0.7 -0.03 -0.71
vn -0.7 -0.03 -0.71
vn -0.7 -0.09 -0.71
vn -0.7 -0.09 -0.71
vn -0.68 -0.15 -0.71
vn -0.67 -0.21 -0.71
vn -0.67 -0.21 -0.71
vn -0.65 -0.27 -0.71
vn -0.65 -0.27 -0.71
vn -0.62 -0.32 -0.71
vn -0.59 -0.38 -0.71
vn -0.56 -0.43 -0.71
vn -0.56 -0.43 -0.71
vn -0.52 -0.47 -0.71
vn -0.47 -0.52 -0.71
vn -0.43 -0.56 -0.71
vn -0.43 -0.56 -0.71
vn -0.38 -0.59 -0.71
vn -0.32 -0.62 -0.71
vn -0.27 -0.65 -0.71
vn -0.27 -0.65 -0.71
vn -0.21 -0.67 -0.71
vn -0.21 -0.67 -0.71
vn -0.15 -0.68 -0.71
vn -0.09 -0.7 -0.71
vn -0.09 -0.7 -0.71
vn -0.03 -0.7 -0.71
vn -0.03 -0.7 -0.71
vn -0.04 0.96 -0.27
vn -0.13 0.95 -0.27
vn -0.21 0.94 -0.27
vn -0.21 0.94 -0.27
vn -0.29 0.92 -0.27
vn -0.29 0.92 -0.27
vn -0.37 0.89 -0.27
vn -0.44 0.85 -0.27
vn -0.52 0.81 -0.27
vn -0.59 0.76 -0.27
vn -0.65 0.71 -0.27
vn -0.65 0.71 -0.27
vn -0.71 0.65 -0.27
vn -0.71 0.65 -0.27
vn -0.76 0.59 -0.27
vn -0.81 0.52 -0.27
vn -0.85 0.44 -0.27
vn -0.89 0.37 -0.27
vn -0.92 0.29 -0.27
vn -0.92 0.29 -0.27
vn -0.94 0.21 -0.27
vn -0.94 0.21 -0.27
vn -0.95 0.13 -0.27
vn -0.96 0.04 -0.27
vn -0.96 -0.04 -0.27
vn -0.95 -0.13 -0.27
vn -0.94 -0.21 -0.27
vn -0.94 -0.21 -0.27
vn -0.92 -0.29 -0.27
vn -0.92 -0.29 -0.27
vn -0.89 -0.37 -0.27
vn -0.85 -0.44 -0.27
vn -0.81 -0.52 -0.27
vn -0.76 -0.59 -0.27
vn -0.71 -0.65 -0.27
vn -0.71 -0.65 -0.27
vn -0.65 -0.71 -0.27
vn -0.65 -0.71 -0.27
vn -0.59 -0.76 -0.27
vn -0.52 -0.81 -0.27
vn -0.44 -0.85 -0.27
vn -0.37 -0.89 -0.27
vn -0.29 -0.92 -0.27
vn -0.29 -0.92 -0.27
vn -0.21 -0.94 -0.27
vn -0.21 -0.94 -0.27
vn -0.13 -0.95 -0.27
vn -0.04 -0.96 -0.27
vn -0 -0.02 -1
vn -0 -0.02 -1
vn -0.01 -0.02 -1
vn -0.01 -0.01 -1
vn -0.01 -0.01 -1
vn -0.01 -0.01 -1
vn -0.01 -0.01 -1
vn -0.01 -0.01 -1
vn -0.02 -0.01 -1
vn -0.02 -0 -1
vn -0.02 -0 -1
vn -0.02 0 -1
vn -0.02 0 -1
vn -0.02 0.01 -1
vn -0.01 0.01 -1
vn -0.01 0.01 -1
vn -0.01 0.01 -1
vn -0.01 0.01 -1
vn -0.01 0.01 -1
vn -0.01 0.02 -1
vn -0 0.02 -1
vn -0 0.02 -1
vn 0 0 1
vn -0.04 -0.96 0.27
vn -0.03 -0.7 0.71
vn -0.01 -0.26 0.97
vn -0.03 -0.25 0.97
vn -0.06 -0.25 0.97
vn -0.08 -0.24 0.97
vn -0.1 -0.24 0.97
vn -0.12 -0.23 0.97
vn -0.14 -0.22 0.97
vn -0.16 -0.2 0.97
vn -0.17 -0.19 0.97
vn -0.19 -0.17 0.97
vn -0.2 -0.16 0.97
vn -0.22 -0.14 0.97
vn -0.23 -0.12 0.97
vn -0.24 -0.1 0.97
vn -0.24 -0.08 0.97
vn -0.25 -0.06 0.97
vn -0.25 -0.03 0.97
vn -0.26 -0.01 0.97
vn -0.26 0.01 0.97
vn -0.25 0.03 0.97
vn -0.25 0.06 0.97
vn -0.24 0.08 0.97
vn -0.24 0.1 0.97
vn -0.23 0.12 0.97
vn -0.22 0.14 0.97
vn -0.2 0.16 0.97
vn -0.19 0.17 0.97
vn -0.17 0.19 0.97
vn -0.16 0.2 0.97
vn -0.14 0.22 0.97
vn -0.12 0.23 0.97
vn -0.1 0.24 0.97
vn -0.08 0.24 0.97
vn -0.06 0.25 0.97
vn -0.03 0.25 0.97
vn -0.01 0.26 0.97
vn -0.09 -0.7 0.71
vn -0.15 -0.68 0.71
vn -0.15 -0.68 0.71
vn -0.21 -0.67 0.71
vn -0.27 -0.65 0.71
vn -0.32 -0.62 0.71
vn -0.38 -0.59 0.71
vn -0.43 -0.56 0.71
vn -0.47 -0.52 0.71
vn -0.52 -0.47 0.71
vn -0.52 -0.47 0.71
vn -0.56 -0.43 0.71
vn -0.59 -0.38 0.71
vn -0.62 -0.32 0.71
vn -0.62 -0.32 0.71
vn -0.65 -0.27 0.71
vn -0.67 -0.21 0.71
vn -0.68 -0.15 0.71
vn -0.68 -0.15 0.71
vn -0.7 -0.09 0.71
vn -0.7 -0.03 0.71
vn -0.7 0.03 0.71
vn -0.7 0.09 0.71
vn -0.68 0.15 0.71
vn -0.68 0.15 0.71
vn -0.67 0.21 0.71
vn -0.65 0.27 0.71
vn -0.62 0.32 0.71
vn -0.59 0.38 0.71
vn -0.56 0.43 0.71
vn -0.52 0.47 0.71
vn -0.47 0.52 0.71
vn -0.47 0.52 0.71
vn -0.43 0.56 0.71
vn -0.38 0.59 0.71
vn -0.32 0.62 0.71
vn -0.32 0.62 0.71
vn -0.27 0.65 0.71
vn -0.21 0.67 0.71
vn -0.15 0.68 0.71
vn -0.15 0.68 0.71
vn -0.09 0.7 0.71
vn -0.03 0.7 0.71
vn -0.13 -0.95 0.27
vn -0.21 -0.94 0.27
vn -0.29 -0.92 0.27
vn -0.37 -0.89 0.27
vn -0.44 -0.85 0.27
vn -0.52 -0.81 0.27
vn -0.59 -0.76 0.27
vn -0.65 -0.71 0.27
vn -0.71 -0.65 0.27
vn -0.71 -0.65 0.27
vn -0.76 -0.59 0.27
vn -0.81 -0.52 0.27
vn -0.85 -0.44 0.27
vn -0.89 -0.37 0.27
vn -0.92 -0.29 0.27
vn -0.94 -0.21 0.27
vn -0.95 -0.13 0.27
vn -0.96 -0.04 0.27
vn -0.96 0.04 0.27
vn -0.95 0.13 0.27
vn -0.94 0.21 0.27
vn -0.92 0.29 0.27
vn -0.89 0.37 0.27
vn -0.85 0.44 0.27
vn -0.81 0.52 0.27
vn -0.76 0.59 0.27
vn -0.71 0.65 0.27
vn -0.65 0.71 0.27
vn -0.65 0.71 0.27
vn -0.59 0.76 0.27
vn -0.52 0.81 0.27
vn -0.44 0.85 0.27
vn -0.37 0.89 0.27
vn -0.29 0.92 0.27
vn -0.21 0.94 0.27
vn -0.13 0.95 0.27
vn -0.04 0.96 0.27
vn -0.04 1 0.02
vn -0.09 1 -0
vn -0.26 0.97 -0
vn -0.22 0.98 0.02
vn -0.13 0.99 0.02
vn -0.42 0.91 -0
vn -0.38 0.92 0.02
vn -0.3 0.95 0.02
vn -0.57 0.82 -0
vn -0.54 0.84 0.02
vn -0.46 0.89 0.02
vn -0.71 0.71 -0
vn -0.68 0.74 0.02
vn -0.61 0.79 0.02
vn -0.82 0.57 -0
vn -0.79 0.61 0.02
vn -0.74 0.68 0.02
vn -0.91 0.42 -0
vn -0.89 0.46 0.02
vn -0.84 0.54 0.02
vn -0.99 0.13 0.02
vn -0.98 0.22 0.02
vn -0.97 0.26 -0
vn -0.95 0.3 0.02
vn -0.92 0.38 0.02
vn -1 0.04 -0.02
vn -1 0.09 0.02
vn -1 -0.04 0.02
vn -1 -0.09 -0
vn -0.99 -0.13 0.02
vn -0.98 -0.22 0.02
vn -0.97 -0.26 -0
vn -0.95 -0.3 0.02
vn -0.92 -0.38 0.02
vn -0.91 -0.42 -0
vn -0.89 -0.46 0.02
vn -0.84 -0.54 0.02
vn -0.82 -0.57 -0
vn -0.79 -0.61 0.02
vn -0.74 -0.68 0.02
vn -0.71 -0.71 -0
vn -0.68 -0.74 0.02
vn -0.61 -0.79 0.02
vn -0.57 -0.82 -0
vn -0.54 -0.84 0.02
vn -0.46 -0.89 0.02
vn -0.42 -0.91 -0
vn -0.38 -0.92 0.02
vn -0.3 -0.95 0.02
vn -0.26 -0.97 -0
vn -0.22 -0.98 0.02
vn -0.09 -1 0.02
vn -0.04 -1 -0.02
vn -0.13 -0.99 0.02
vn 0.04 -1 0.02
vn 0.09 -1 -0
vn 0.26 -0.97 -0
vn 0.22 -0.98 0.02
vn 0.13 -0.99 0.02
vn 0.42 -0.91 -0
vn 0.38 -0.92 0.02
vn 0.3 -0.95 0.02
vn 0.57 -0.82 -0
vn 0.54 -0.84 0.02
vn 0.46 -0.89 0.02
vn 0.79 -0.61 0.02
vn 0.74 -0.68 0.02
vn 0.71 -0.71 -0
vn 0.68 -0.74 0.02
vn 0.61 -0.79 0.02
vn 0.84 -0.54 -0.02
vn 0.82 -0.57 0.02
vn 0.89 -0.46 0.02
vn 0.91 -0.42 -0
vn 0.92 -0.38 0.02
vn 0.95 -0.3 0.02
vn 0.97 -0.26 -0
vn 0.98 -0.22 0.02
vn 0.98 0.22 0.02
vn 0.99 0.13 0.02
vn 1 0.09 -0
vn 1 0.04 0.02
vn 1 -0.09 0.02
vn 1 -0.04 -0.02
vn 0.99 -0.13 0.02
vn 0.95 0.3 -0.02
vn 0.97 0.26 0.02
vn 0.92 0.38 0.02
vn 0.91 0.42 -0
vn 0.89 0.46 0.02
vn 0.71 0.71 -0
vn 0.74 0.68 0.02
vn 0.82 0.57 0.02
vn 0.79 0.61 -0.02
vn 0.84 0.54 0.02
vn 0.46 0.89 0.02
vn 0.54 0.84 0.02
vn 0.57 0.82 -0
vn 0.61 0.79 0.02
vn 0.68 0.74 0.02
vn 0.38 0.92 -0.02
vn 0.42 0.91 0.02
vn 0.3 0.95 0.02
vn 0.26 0.97 -0
vn 0.22 0.98 0.02
vn 0.09 1 0.02
vn 0.04 1 -0.02
vn 0.13 0.99 0.02
vn 0.04 0.96 0.27
vn 0.03 0.7 0.71
vn 0.01 0.26 0.97
vn 0.03 0.25 0.97
vn 0.06 0.25 0.97
vn 0.08 0.24 0.97
vn 0.1 0.24 0.97
vn 0.12 0.23 0.97
vn 0.14 0.22 0.97
vn 0.16 0.2 0.97
vn 0.17 0.19 0.97
vn 0.19 0.17 0.97
vn 0.2 0.16 0.97
vn 0.22 0.14 0.97
vn 0.23 0.12 0.97
vn 0.24 0.1 0.97
vn 0.24 0.08 0.97
vn 0.25 0.06 0.97
vn 0.25 0.03 0.97
vn 0.26 0.01 0.97
vn 0.26 -0.01 0.97
vn 0.25 -0.03 0.97
vn 0.25 -0.06 0.97
vn 0.24 -0.08 0.97
vn 0.24 -0.1 0.97
vn 0.23 -0.12 0.97
vn 0.22 -0.14 0.97
vn 0.2 -0.16 0.97
vn 0.19 -0.17 0.97
vn 0.17 -0.19 0.97
vn 0.16 -0.2 0.97
vn 0.14 -0.22 0.97
vn 0.12 -0.23 0.97
vn 0.1 -0.24 0.97
vn 0.08 -0.24 0.97
vn 0.06 -0.25 0.97
vn 0.03 -0.25 0.97
vn 0.01 -0.26 0.97
vn 0.09 0.7 0.71
vn 0.15 0.68 0.71
vn 0.15 0.68 0.71
vn 0.21 0.67 0.71
vn 0.27 0.65 0.71
vn 0.32 0.62 0.71
vn 0.38 0.59 0.71
vn 0.43 0.56 0.71
vn 0.47 0.52 0.71
vn 0.52 0.47 0.71
vn 0.52 0.47 0.71
vn 0.56 0.43 0.71
vn 0.59 0.38 0.71
vn 0.62 0.32 0.71
vn 0.62 0.32 0.71
vn 0.65 0.27 0.71
vn 0.67 0.21 0.71
vn 0.68 0.15 0.71
vn 0.68 0.15 0.71
vn 0.7 0.09 0.71
vn 0.7 0.03 0.71
vn 0.7 -0.03 0.71
vn 0.7 -0.09 0.71
vn 0.68 -0.15 0.71
vn 0.68 -0.15 0.71
vn 0.67 -0.21 0.71
vn 0.65 -0.27 0.71
vn 0.62 -0.32 0.71
vn 0.59 -0.38 0.71
vn 0.56 -0.43 0.71
vn 0.52 -0.47 0.71
vn 0.47 -0.52 0.71
vn 0.47 -0.52 0.71
vn 0.43 -0.56 0.71
vn 0.38 -0.59 0.71
vn 0.32 -0.62 0.71
vn 0.32 -0.62 0.71
vn 0.27 -0.65 0.71
vn 0.21 -0.67 0.71
vn 0.15 -0.68 0.71
vn 0.15 -0.68 0.71
vn 0.09 -0.7 0.71
vn 0.03 -0.7 0.71
vn 0.13 0.95 0.27
vn 0.21 0.94 0.27
vn 0.29 0.92 0.27
vn 0.37 0.89 0.27
vn 0.44 0.85 0.27
vn 0.52 0.81 0.27
vn 0.59 0.76 0.27
vn 0.65 0.71 0.27
vn 0.71 0.65 0.27
vn 0.71 0.65 0.27
vn 0.76 0.59 0.27
vn 0.81 0.52 0.27
vn 0.85 0.44 0.27
vn 0.89 0.37 0.27
vn 0.92 0.29 0.27
vn 0.94 0.21 0.27
vn 0.95 0.13 0.27
vn 0.96 0.04 0.27
vn 0.96 -0.04 0.27
vn 0.95 -0.13 0.27
vn 0.94 -0.21 0.27
vn 0.92 -0.29 0.27
vn 0.89 -0.37 0.27
vn 0.85 -0.44 0.27
vn 0.81 -0.52 0.27
vn 0.76 -0.59 0.27
vn 0.71 -0.65 0.27
vn 0.65 -0.71 0.27
vn 0.65 -0.71 0.27
vn 0.59 -0.76 0.27
vn 0.52 -0.81 0.27
vn 0.44 -0.85 0.27
vn 0.37 -0.89 0.27
vn 0.29 -0.92 0.27
vn 0.21 -0.94 0.27
vn 0.13 -0.95 0.27
vn 0.04 -0.96 0.27
vn 0 0.02 -1
vn 0 0.02 -1
vn 0.01 0.02 -1
vn 0.01 0.01 -1
vn 0.01 0.01 -1
vn 0.01 0.01 -1
vn 0.01 0.01 -1
vn 0.01 0.01 -1
vn 0.02 0.01 -1
vn 0.02 0 -1
vn 0.02 0 -1
vn 0.02 -0 -1
vn 0.02 -0 -1
vn 0.02 -0.01 -1
vn 0.01 -0.01 -1
vn 0.01 -0.01 -1
vn 0.01 -0.01 -1
vn 0.01 -0.01 -1
vn 0.01 -0.01 -1
vn 0.01 -0.02 -1
vn 0 -0.02 -1
vn 0 -0.02 -1
vn 0.01 -0.26 -0.97
vn 0.03 -0.25 -0.97
vn 0.06 -0.25 -0.97
vn 0.08 -0.24 -0.97
vn 0.1 -0.24 -0.97
vn 0.12 -0.23 -0.97
vn 0.14 -0.22 -0.97
vn 0.16 -0.2 -0.97
vn 0.17 -0.19 -0.97
vn 0.19 -0.17 -0.97
vn 0.2 -0.16 -0.97
vn 0.22 -0.14 -0.97
vn 0.23 -0.12 -0.97
vn 0.24 -0.1 -0.97
vn 0.24 -0.08 -0.97
vn 0.25 -0.06 -0.97
vn 0.25 -0.03 -0.97
vn 0.25 -0.03 -0.97
vn 0.26 -0.01 -0.97
vn 0.26 0.01 -0.97
vn 0.25 0.03 -0.97
vn 0.25 0.06 -0.97
vn 0.24 0.08 -0.97
vn 0.24 0.1 -0.97
vn 0.23 0.12 -0.97
vn 0.22 0.14 -0.97
vn 0.2 0.16 -0.97
vn 0.19 0.17 -0.97
vn 0.17 0.19 -0.97
vn 0.16 0.2 -0.97
vn 0.14 0.22 -0.97
vn 0.12 0.23 -0.97
vn 0.1 0.24 -0.97
vn 0.08 0.24 -0.97
vn 0.06 0.25 -0.97
vn 0.03 0.25 -0.97
vn 0.03 0.25 -0.97
vn 0.01 0.26 -0.97
vn 0.03 -0.7 -0.71
vn 0.03 -0.7 -0.71
vn 0.09 -0.7 -0.71
vn 0.09 -0.7 -0.71
vn 0.15 -0.68 -0.71
vn 0.21 -0.67 -0.71
vn 0.21 -0.67 -0.71
vn 0.27 -0.65 -0.71
vn 0.27 -0.65 -0.71
vn 0.32 -0.62 -0.71
vn 0.38 -0.59 -0.71
vn 0.43 -0.56 -0.71
vn 0.43 -0.56 -0.71
vn 0.47 -0.52 -0.71
vn 0.52 -0.47 -0.71
vn 0.56 -0.43 -0.71
vn 0.56 -0.43 -0.71
vn 0.59 -0.38 -0.71
vn 0.62 -0.32 -0.71
vn 0.65 -0.27 -0.71
vn 0.65 -0.27 -0.71
vn 0.67 -0.21 -0.71
vn 0.67 -0.21 -0.71
vn 0.68 -0.15 -0.71
vn 0.7 -0.09 -0.71
vn 0.7 -0.09 -0.71
vn 0.7 -0.03 -0.71
vn 0.7 -0.03 -0.71
vn 0.7 0.03 -0.71
vn 0.7 0.03 -0.71
vn 0.7 0.09 -0.71
vn 0.7 0.09 -0.71
vn 0.68 0.15 -0.71
vn 0.67 0.21 -0.71
vn 0.67 0.21 -0.71
vn 0.65 0.27 -0.71
vn 0.65 0.27 -0.71
vn 0.62 0.32 -0.71
vn 0.59 0.38 -0.71
vn 0.56 0.43 -0.71
vn 0.56 0.43 -0.71
vn 0.52 0.47 -0.71
vn 0.47 0.52 -0.71
vn 0.43 0.56 -0.71
vn 0.43 0.56 -0.71
vn 0.38 0.59 -0.71
vn 0.32 0.62 -0.71
vn 0.27 0.65 -0.71
vn 0.27 0.65 -0.71
vn 0.21 0.67 -0.71
vn 0.21 0.67 -0.71
vn 0.15 0.68 -0.71
vn 0.09 0.7 -0.71
vn 0.09 0.7 -0.71
vn 0.03 0.7 -0.71
vn 0.03 0.7 -0.71
vn 0.04 -0.96 -0.27
vn 0.13 -0.95 -0.27
vn 0.21 -0.94 -0.27
vn 0.21 -0.94 -0.27
vn 0.29 -0.92 -0.27
vn 0.29 -0.92 -0.27
vn 0.37 -0.89 -0.27
vn 0.44 -0.85 -0.27
vn 0.52 -0.81 -0.27
vn 0.59 -0.76 -0.27
vn 0.65 -0.71 -0.27
vn 0.65 -0.71 -0.27
vn 0.71 -0.65 -0.27
vn 0.71 -0.65 -0.27
vn 0.76 -0.59 -0.27
vn 0.81 -0.52 -0.27
vn 0.85 -0.44 -0.27
vn 0.89 -0.37 -0.27
vn 0.92 -0.29 -0.27
vn 0.92 -0.29 -0.27
vn 0.94 -0.21 -0.27
vn 0.94 -0.21 -0.27
vn 0.95 -0.13 -0.27
vn 0.96 -0.04 -0.27
vn 0.96 0.04 -0.27
vn 0.95 0.13 -0.27
vn 0.94 0.21 -0.27
vn 0.94 0.21 -0.27
vn 0.92 0.29 -0.27
vn 0.92 0.29 -0.27
vn 0.89 0.37 -0.27
vn 0.85 0.44 -0.27
vn 0.81 0.52 -0.27
vn 0.76 0.59 -0.27
vn 0.71 0.65 -0.27
vn 0.71 0.65 -0.27
vn 0.65 0.71 -0.27
vn 0.65 0.71 -0.27
vn 0.59 0.76 -0.27
vn 0.52 0.81 -0.27
vn 0.44 0.85 -0.27
vn 0.37 0.89 -0.27
vn 0.29 0.92 -0.27
vn 0.29 0.92 -0.27
vn 0.21 0.94 -0.27
vn 0.21 0.94 -0.27
vn 0.13 0.95 -0.27
vn 0.04 0.96 -0.27
vn 0.09 -1 -0.02
vn 0.04 -1 0.02
vn 0.13 -0.99 -0.02
vn 0.26 -0.97 -0.02
vn 0.22 -0.98 0.02
vn 0.3 -0.95 -0.02
vn 0.42 -0.91 -0.02
vn 0.38 -0.92 0.02
vn 0.46 -0.89 -0.02
vn 0.57 -0.82 -0.02
vn 0.54 -0.84 0.02
vn 0.61 -0.79 -0.02
vn 0.71 -0.71 -0.02
vn 0.68 -0.74 0.02
vn 0.74 -0.68 -0.02
vn 0.82 -0.57 -0.02
vn 0.79 -0.61 0.02
vn 0.84 -0.54 -0.02
vn 0.91 -0.42 -0.02
vn 0.89 -0.46 0.02
vn 0.92 -0.38 -0.02
vn 0.97 -0.26 -0.02
vn 0.95 -0.3 0.02
vn 0.98 -0.22 -0.02
vn 1 -0.09 -0.02
vn 0.99 -0.13 0.02
vn 1 -0.04 -0.02
vn 1 0.09 -0.02
vn 1 0.04 0.02
vn 0.99 0.13 -0.02
vn 0.97 0.26 -0.02
vn 0.98 0.22 0.02
vn 0.95 0.3 -0.02
vn 0.91 0.42 -0.02
vn 0.92 0.38 0.02
vn 0.89 0.46 -0.02
vn 0.82 0.57 -0.02
vn 0.84 0.54 0.02
vn 0.79 0.61 -0.02
vn 0.71 0.71 -0.02
vn 0.74 0.68 0.02
vn 0.68 0.74 -0.02
vn 0.57 0.82 -0.02
vn 0.61 0.79 0.02
vn 0.54 0.84 -0.02
vn 0.42 0.91 -0.02
vn 0.46 0.89 0.02
vn 0.38 0.92 -0.02
vn 0.26 0.97 -0.02
vn 0.3 0.95 0.02
vn 0.04 1 -0.02
vn 0.09 1 0
vn 0.13 0.99 -0.02
vn 0.22 0.98 -0.02
vn 0.87 -0.08 -0.48
vn 0.87 -0.08 -0.48
vn 0.85 -0.23 -0.48
vn 0.85 -0.23 -0.48
vn 0.79 -0.37 -0.48
vn 0.79 -0.37 -0.48
vn 0.72 -0.5 -0.48
vn 0.62 -0.62 -0.48
vn 0.5 -0.72 -0.48
vn 0.37 -0.79 -0.48
vn 0.37 -0.79 -0.48
vn 0.23 -0.85 -0.48
vn 0.23 -0.85 -0.48
vn 0.08 -0.87 -0.48
vn 0.08 -0.87 -0.48
vn -0.08 -0.87 -0.48
vn -0.08 -0.87 -0.48
vn -0.23 -0.85 -0.48
vn -0.23 -0.85 -0.48
vn -0.37 -0.79 -0.48
vn -0.37 -0.79 -0.48
vn -0.5 -0.72 -0.48
vn -0.62 -0.62 -0.48
vn -0.72 -0.5 -0.48
vn -0.79 -0.37 -0.48
vn -0.79 -0.37 -0.48
vn -0.85 -0.23 -0.48
vn -0.85 -0.23 -0.48
vn -0.87 -0.08 -0.48
vn -0.87 -0.08 -0.48
vn -0.13 0.75 0.64
vn -0.16 0.96 0.24
vn -0.16 0.96 0.24
vn -0.25 0.94 0.24
vn -0.33 0.91 0.24
vn -0.33 0.91 0.24
vn -0.41 0.88 0.24
vn -0.41 0.88 0.24
vn -0.48 0.84 0.24
vn -0.55 0.8 0.24
vn -0.62 0.75 0.24
vn -0.68 0.69 0.24
vn -0.74 0.63 0.24
vn -0.74 0.63 0.24
vn -0.79 0.56 0.24
vn -0.79 0.56 0.24
vn -0.84 0.49 0.24
vn -0.88 0.41 0.24
vn -0.88 0.41 0.24
vn -0.91 0.34 0.24
vn -0.94 0.26 0.24
vn -0.94 0.26 0.24
vn -0.95 0.17 0.24
vn -0.97 0.09 0.24
vn -0.97 0.09 0.24
vn -0.97 0 0.24
vn -0.97 0 0.24
vn -0.97 -0.08 0.24
vn -0.96 -0.16 0.24
vn -0.96 -0.16 0.24
vn -0.94 -0.25 0.24
vn -0.91 -0.33 0.24
vn -0.91 -0.33 0.24
vn -0.88 -0.41 0.24
vn -0.88 -0.41 0.24
vn -0.84 -0.48 0.24
vn -0.8 -0.55 0.24
vn -0.75 -0.62 0.24
vn -0.69 -0.68 0.24
vn -0.63 -0.74 0.24
vn -0.63 -0.74 0.24
vn -0.56 -0.79 0.24
vn -0.56 -0.79 0.24
vn -0.49 -0.84 0.24
vn -0.41 -0.88 0.24
vn -0.41 -0.88 0.24
vn -0.34 -0.91 0.24
vn -0.26 -0.94 0.24
vn -0.26 -0.94 0.24
vn -0.17 -0.95 0.24
vn -0.09 -0.97 0.24
vn -0.09 -0.97 0.24
vn -0 -0.97 0.24
vn -0 -0.97 0.24
vn 0.08 -0.97 0.24
vn -0.19 0.74 0.64
vn -0.26 0.72 0.64
vn -0.32 0.69 0.64
vn -0.38 0.66 0.64
vn -0.44 0.63 0.64
vn -0.49 0.59 0.64
vn -0.49 0.59 0.64
vn -0.54 0.54 0.64
vn -0.58 0.49 0.64
vn -0.62 0.44 0.64
vn -0.66 0.39 0.64
vn -0.69 0.33 0.64
vn -0.72 0.26 0.64
vn -0.72 0.26 0.64
vn -0.74 0.2 0.64
vn -0.75 0.14 0.64
vn -0.76 0.07 0.64
vn -0.77 0 0.64
vn -0.76 -0.06 0.64
vn -0.75 -0.13 0.64
vn -0.74 -0.19 0.64
vn -0.72 -0.26 0.64
vn -0.69 -0.32 0.64
vn -0.66 -0.38 0.64
vn -0.63 -0.44 0.64
vn -0.59 -0.49 0.64
vn -0.59 -0.49 0.64
vn -0.54 -0.54 0.64
vn -0.49 -0.58 0.64
vn -0.44 -0.62 0.64
vn -0.39 -0.66 0.64
vn -0.33 -0.69 0.64
vn -0.26 -0.72 0.64
vn -0.26 -0.72 0.64
vn -0.2 -0.74 0.64
vn -0.14 -0.75 0.64
vn -0.07 -0.76 0.64
vn -0 -0.77 0.64
vn 0.06 -0.76 0.64
vn 0.13 -0.75 0.64
vn 0.16 -0.96 0.24
vn 0.16 -0.96 0.24
vn 0.25 -0.94 0.24
vn 0.33 -0.91 0.24
vn 0.33 -0.91 0.24
vn 0.41 -0.88 0.24
vn 0.41 -0.88 0.24
vn 0.48 -0.84 0.24
vn 0.55 -0.8 0.24
vn 0.62 -0.75 0.24
vn 0.68 -0.69 0.24
vn 0.74 -0.63 0.24
vn 0.74 -0.63 0.24
vn 0.79 -0.56 0.24
vn 0.79 -0.56 0.24
vn 0.84 -0.49 0.24
vn 0.88 -0.41 0.24
vn 0.88 -0.41 0.24
vn 0.91 -0.34 0.24
vn 0.94 -0.26 0.24
vn 0.94 -0.26 0.24
vn 0.95 -0.17 0.24
vn 0.97 -0.09 0.24
vn 0.97 -0.09 0.24
vn 0.97 -0 0.24
vn 0.97 -0 0.24
vn 0.97 0.08 0.24
vn 0.96 0.16 0.24
vn 0.96 0.16 0.24
vn 0.94 0.25 0.24
vn 0.91 0.33 0.24
vn 0.91 0.33 0.24
vn 0.88 0.41 0.24
vn 0.88 0.41 0.24
vn 0.84 0.48 0.24
vn 0.8 0.55 0.24
vn 0.75 0.62 0.24
vn 0.69 0.68 0.24
vn 0.63 0.74 0.24
vn 0.63 0.74 0.24
vn 0.56 0.79 0.24
vn 0.56 0.79 0.24
vn 0.49 0.84 0.24
vn 0.41 0.88 0.24
vn 0.41 0.88 0.24
vn 0.34 0.91 0.24
vn 0.26 0.94 0.24
vn 0.26 0.94 0.24
vn 0.17 0.95 0.24
vn 0.09 0.97 0.24
vn 0.09 0.97 0.24
vn 0 0.97 0.24
vn 0 0.97 0.24
vn -0.08 0.97 0.24
vn 0.19 -0.74 0.64
vn 0.26 -0.72 0.64
vn 0.32 -0.69 0.64
vn 0.38 -0.66 0.64
vn 0.44 -0.63 0.64
vn 0.49 -0.59 0.64
vn 0.49 -0.59 0.64
vn 0.54 -0.54 0.64
vn 0.58 -0.49 0.64
vn 0.62 -0.44 0.64
vn 0.66 -0.39 0.64
vn 0.69 -0.33 0.64
vn 0.72 -0.26 0.64
vn 0.72 -0.26 0.64
vn 0.74 -0.2 0.64
vn 0.75 -0.14 0.64
vn 0.76 -0.07 0.64
vn 0.77 -0 0.64
vn 0.76 0.06 0.64
vn 0.75 0.13 0.64
vn 0.74 0.19 0.64
vn 0.72 0.26 0.64
vn 0.69 0.32 0.64
vn 0.66 0.38 0.64
vn 0.63 0.44 0.64
vn 0.59 0.49 0.64
vn 0.59 0.49 0.64
vn 0.54 0.54 0.64
vn 0.49 0.58 0.64
vn 0.44 0.62 0.64
vn 0.39 0.66 0.64
vn 0.33 0.69 0.64
vn 0.26 0.72 0.64
vn 0.26 0.72 0.64
vn 0.2 0.74 0.64
vn 0.14 0.75 0.64
vn 0.07 0.76 0.64
vn 0 0.77 0.64
vn -0.06 0.76 0.64
vn 0.17 -0.99 0.02
vn 0.17 -0.99 0.02
vn 0.25 -0.97 0.02
vn 0.25 -0.97 0.02
vn 0.34 -0.94 0.02
vn 0.34 -0.94 0.02
vn 0.42 -0.91 0.02
vn 0.42 -0.91 0.02
vn 0.5 -0.87 0.02
vn 0.5 -0.87 0.02
vn 0.57 -0.82 0.02
vn 0.57 -0.82 0.02
vn 0.64 -0.77 0.02
vn 0.65 -0.76 0.02
vn 0.7 -0.71 0.02
vn 0.71 -0.7 0.02
vn 0.76 -0.65 0.02
vn 0.77 -0.64 0.02
vn 0.82 -0.58 0.02
vn 0.82 -0.57 0.02
vn 0.86 -0.5 0.02
vn 0.87 -0.49 0.02
vn 0.9 -0.43 0.02
vn 0.91 -0.41 0.02
vn 0.94 -0.35 0.02
vn 0.94 -0.33 0.02
vn 0.96 -0.26 0.02
vn 0.97 -0.25 0.02
vn 0.98 -0.18 0.02
vn 0.99 -0.16 0.02
vn 1 -0.09 0.02
vn 1 -0.07 0.02
vn 1 -0 0.02
vn 1 0.02 0.02
vn 1 0.08 0.02
vn 0.99 0.11 0.02
vn 0.99 0.17 0.02
vn 0.98 0.2 0.02
vn 0.97 0.25 0.02
vn 0.96 0.28 0.02
vn 0.94 0.34 0.02
vn 0.93 0.37 0.02
vn 0.91 0.42 0.02
vn 0.89 0.45 0.02
vn 0.87 0.5 0.02
vn 0.85 0.53 0.02
vn 0.82 0.57 0.02
vn 0.8 0.6 0.02
vn 0.77 0.64 0.02
vn 0.74 0.67 0.02
vn 0.71 0.7 0.02
vn 0.68 0.73 0.02
vn -0.06 1 0.02
vn -0.08 1 0.02
vn 0.02 1 0.02
vn 0 1 0.02
vn 0.13 0.99 0.02
vn 0.09 1 0.01
vn 0.21 0.98 0.02
vn 0.18 0.98 0.02
vn 0.3 0.95 0.02
vn 0.26 0.96 0.01
vn 0.38 0.92 0.02
vn 0.35 0.94 0.02
vn 0.46 0.89 0.02
vn 0.43 0.9 0.01
vn 0.54 0.84 0.02
vn 0.5 0.86 0.02
vn 0.61 0.79 0.02
vn 0.58 0.82 0.01
vn 0.65 0.76 0.02
vn -0.17 0.99 0.02
vn -0.17 0.99 0.02
vn -0.25 0.97 0.02
vn -0.25 0.97 0.02
vn -0.34 0.94 0.02
vn -0.34 0.94 0.02
vn -0.42 0.91 0.02
vn -0.42 0.91 0.02
vn -0.5 0.87 0.02
vn -0.5 0.87 0.02
vn -0.57 0.82 0.02
vn -0.57 0.82 0.02
vn -0.64 0.77 0.02
vn -0.65 0.76 0.02
vn -0.7 0.71 0.02
vn -0.71 0.7 0.02
vn -0.76 0.65 0.02
vn -0.77 0.64 0.02
vn -0.82 0.58 0.02
vn -0.82 0.57 0.02
vn -0.86 0.5 0.02
vn -0.87 0.49 0.02
vn -0.9 0.43 0.02
vn -0.91 0.41 0.02
vn -0.94 0.35 0.02
vn -0.94 0.33 0.02
vn -0.96 0.26 0.02
vn -0.97 0.25 0.02
vn -0.98 0.18 0.02
vn -0.99 0.16 0.02
vn -1 0.09 0.02
vn -1 0.07 0.02
vn -1 0 0.02
vn -1 -0.02 0.02
vn -1 -0.08 0.02
vn -0.99 -0.11 0.02
vn -0.99 -0.17 0.02
vn -0.98 -0.2 0.02
vn -0.97 -0.25 0.02
vn -0.96 -0.28 0.02
vn -0.94 -0.34 0.02
vn -0.93 -0.37 0.02
vn -0.91 -0.42 0.02
vn -0.89 -0.45 0.02
vn -0.87 -0.5 0.02
vn -0.85 -0.53 0.02
vn -0.82 -0.57 0.02
vn -0.8 -0.6 0.02
vn -0.77 -0.64 0.02
vn -0.74 -0.67 0.02
vn -0.71 -0.7 0.02
vn -0.68 -0.73 0.02
vn -0.65 -0.76 0.02
vn -0.61 -0.79 0.01
vn 0.06 -1 0.02
vn 0.08 -1 0.02
vn -0.02 -1 0.02
vn -0 -1 0.02
vn -0.13 -0.99 0.02
vn -0.09 -1 0.01
vn -0.21 -0.98 0.02
vn -0.18 -0.98 0.02
vn -0.3 -0.95 0.02
vn -0.26 -0.96 0.01
vn -0.38 -0.92 0.02
vn -0.35 -0.94 0.02
vn -0.46 -0.89 0.02
vn -0.43 -0.9 0.01
vn -0.54 -0.84 0.02
vn -0.5 -0.86 0.02
vn -0.58 -0.82 0.02
vn 0.08 1 -0
vn 0.05 1 -0
vn 0.05 1 0
vn 0.05 1 -0
vn 0.06 1 0
vn 0.06 1 0
vn 0.05 1 -0
vn 0.04 1 0.01
vn 0.06 1 -0
vn 0.06 1 -0.01
vn 0.07 1 0
vn 0.08 1 -0
vn 0.08 1 -0
vn 0.08 1 -0
vn 0.07 1 -0
vn 0.07 1 -0
vn 0.08 1 -0
vn 0.08 1 0
vn 0.08 1 -0
vn 0.14 0.99 0
vn 0.07 1 0
vn 0.08 1 -0
vn 0.09 1 -0.01
vn 0.09 1 0
vn 0.11 0.99 -0
vn 0.11 0.99 -0
vn 0.13 0.99 -0
vn 0.12 0.99 -0
vn 0.12 0.99 -0.01
vn 0.12 0.99 -0.01
vn 0.13 0.99 -0.01
vn 0.13 0.99 -0
vn 0.14 0.99 0
vn 0.15 0.99 -0
vn 0.15 0.99 -0
vn 0.15 0.99 0
vn 0.15 0.99 0
vn 0.15 0.99 -0
vn 0.15 0.99 -0
vn 0.15 0.99 0
vn 0.15 0.99 -0
vn 0.15 0.99 0
vn 0.15 0.99 -0
vn 0.12 0.99 -0
vn 0.12 0.99 -0
vn 0.13 0.99 0
vn 0.13 0.99 -0
vn 0.13 0.99 0
vn 0.12 0.99 0
vn 0.12 0.99 0
vn 0.14 0.99 -0
vn 0.13 0.99 0.01
vn 0.12 0.99 0.01
vn 0.12 0.99 0.01
vn 0.12 0.99 0
vn 0.15 0.99 0
vn 0.14 0.99 -0
vn 0.13 0.99 0
vn 0.14 0.99 0
vn 0.1 0.99 -0
vn 0.08 1 -0
vn 0.08 1 0
vn 0.08 1 -0
vn 0.08 1 0
vn 0.08 1 -0
vn 0.08 1 0
vn 0.08 1 0
vn 0.08 1 0
vn 0.07 1 0
vn 0.06 1 0
vn 0.06 1 0
vn 0.06 1 0
vn 0.06 1 0
vn 0.07 1 -0.01
vn 0.06 1 -0
vn 0.12 0.99 0.01
vn 0.09 1 -0
vn 0.09 1 0.01
vn 0.08 1 0.01
vn 0.05 1 -0
vn 0.05 1 0
vn 0.05 1 0
vn -0.08 1 -0
vn -0.05 1 0
vn -0.05 1 -0
vn -0.05 1 0
vn 0.06 1 -0
vn 0.06 1 0.01
vn 0.05 1 0.02
vn 0.03 1 -0.02
vn 0.02 1 0.01
vn 0.01 1 -0.01
vn -0 1 -0.01
vn -0.01 1 -0.01
vn -0.02 1 0.02
vn -0.03 1 -0.02
vn -0.06 1 0.02
vn -0.06 1 0.01
vn -0.06 1 0
vn -0.04 1 -0.01
vn -0.06 1 -0
vn -0.07 1 -0.01
vn -0.06 1 0
vn -0.06 1 0.01
vn -0.07 1 -0
vn -0.08 1 0
vn -0.08 1 0
vn -0.08 1 0
vn -0.07 1 0
vn -0.07 1 0
vn -0.08 1 0
vn -0.08 1 -0
vn -0.08 1 0
vn -0.15 0.99 -0
vn -0.14 0.99 -0
vn -0.07 1 -0
vn -0.08 1 0
vn -0.09 1 0.01
vn -0.09 1 -0
vn -0.11 0.99 0
vn -0.11 0.99 -0
vn -0.12 0.99 0
vn -0.13 0.99 0
vn -0.12 0.99 -0.01
vn -0.12 0.99 -0.01
vn -0.13 0.99 -0.01
vn -0.14 0.99 0
vn -0.12 0.99 0
vn -0.13 0.99 -0
vn -0.12 0.99 -0
vn -0.12 0.99 -0
vn -0.12 0.99 -0
vn -0.13 0.99 0
vn -0.13 0.99 0
vn -0.13 0.99 0
vn -0.12 0.99 0
vn -0.12 0.99 0
vn -0.12 0.99 0.01
vn -0.12 0.99 0.01
vn -0.13 0.99 0.01
vn -0.15 0.99 -0
vn -0.14 0.99 0
vn -0.13 0.99 -0
vn -0.14 0.99 -0
vn -0.1 0.99 0
vn -0.16 0.99 -0
vn -0.16 0.99 -0
vn -0.16 0.99 0
vn -0.16 0.99 0
vn -0.15 0.99 0
vn -0.15 0.99 0
vn -0.14 0.99 -0
vn -0.13 0.99 0
vn -0.08 1 -0
vn -0.08 1 0
vn -0.08 1 -0
vn -0.08 1 -0
vn -0.08 1 0
vn -0.08 1 -0
vn -0.08 1 -0
vn -0.08 1 -0
vn -0.07 1 -0
vn -0.06 1 -0
vn -0.06 1 -0
vn -0.06 1 -0
vn -0.07 1 0
vn -0.06 1 0
vn -0.12 0.99 -0.01
vn -0.09 1 0
vn -0.09 1 -0.01
vn -0.08 1 -0.01
vn -0.05 1 0
vn -0.05 1 -0
vn -0.05 1 -0
vn -0.06 1 0
vn -0.06 1 -0.01
vn -0.05 1 -0.02
vn -0.03 1 0.02
vn -0.02 1 -0.01
vn -0.01 1 0.01
vn 0 1 0.01
vn 0.01 1 0.01
vn 0.02 1 -0.02
vn 0.03 1 0.02
vn 0.06 1 -0.02
vn 0.06 1 -0.01
vn 0.06 1 -0
vn 0.95 -0.33 0
vn 0.68 -0.74 0
vn 0.24 -0.97 0
vn 0.23 -0.97 0
vn -0.19 -0.69 -0.69
vn -0.19 -0.69 -0.69
vn -0.51 -0.51 -0.69
vn -0.69 -0.19 -0.69
vn -0.69 0.19 -0.69
vn -0.51 0.51 -0.69
vn -0.19 0.69 -0.69
vn -0.14 -0.7 -0.7
vn -0.4 -0.59 -0.7
vn -0.59 -0.4 -0.7
vn -0.59 -0.4 -0.7
vn -0.7 -0.14 -0.7
vn -0.7 -0.14 -0.7
vn -0.7 0.14 -0.7
vn -0.59 0.4 -0.7
vn -0.59 0.4 -0.7
vn -0.4 0.59 -0.7
vn -0.4 0.59 -0.7
vn -0.14 0.7 -0.7
vn -0.2 0.98 -0
vn -0.56 0.83 -0
vn -0.83 0.56 -0
vn -0.98 0.2 -0
vn -1 -0.04 0
vn -0.98 -0.19 -0.07
vn -0.97 -0.24 0
vn -0.83 -0.56 0
vn -0.56 -0.83 0
vn -0.2 -0.98 0
vn -0.27 0.3 -0.91
vn 0.29 0.31 -0.9
vn 0.29 0.32 -0.9
vn -0.29 0.3 -0.91
vn -0.27 0.35 -0.9
vn -0.14 0.35 -0.93
vn -0.14 0.34 -0.93
vn -0.03 0.34 -0.94
vn -0.03 0.34 -0.94
vn 0.04 0.34 -0.94
vn 0.04 0.34 -0.94
vn 0.15 0.34 -0.93
vn 0.15 0.35 -0.93
vn 0.27 0.35 -0.9
vn -0.7 0.32 -0.64
vn -0.7 0.32 -0.64
vn -0.78 0.29 -0.56
vn -0.76 0.33 -0.56
vn -0.86 0.35 -0.37
vn -0.87 0.34 -0.37
vn -0.89 0.36 -0.26
vn -0.93 0.35 0.11
vn -0.89 0.44 0.09
vn -0.92 0.23 0.32
vn -0.89 0.34 0.29
vn 0.89 0.36 -0.26
vn 0.89 0.36 -0.27
vn 0.85 0.36 -0.37
vn 0.86 0.35 -0.37
vn 0.76 0.33 -0.56
vn 0.77 0.29 -0.57
vn 0.7 0.32 -0.64
vn 0.93 0.35 0.1
vn 0.93 0.34 0.1
vn 0.9 0.34 0.26
vn 0.91 0.34 0.26
vn 0.88 0.33 0.34
vn 0.88 0.33 0.34
vn 0.86 0.33 0.39
vn 0.86 0.33 0.39
vn 0.51 0.39 0.77
vn -0.61 0.38 0.69
vn 0.62 0.39 0.68
vn 0.62 0.4 0.68
vn 0.62 0.39 0.68
vn -0.49 0.37 0.79
vn -0.49 0.38 0.79
vn -0.61 0.39 0.69
vn -0.61 0.38 0.69
vn 0.51 0.38 0.77
vn 0.41 0.37 0.83
vn 0.38 0.21 0.9
vn 0.31 0.35 0.88
vn 0.13 0.34 0.93
vn 0.13 0.34 0.93
vn -0.07 0.34 0.94
vn -0.07 0.34 0.94
vn -0.22 0.35 0.91
vn -0.22 0.35 0.91
vn -0.36 0.36 0.86
vn -0.35 0.24 0.91
vn -0.4 0.37 0.84
vn -0.75 -0 -0.66
vn 0.96 -0 -0.27
vn 1 -0 -0.02
vn 0.99 0.02 -0.11
vn 0.99 -0.02 -0.16
vn 0.94 0.02 -0.33
vn 0.94 0.01 -0.34
vn 0.93 -0.02 -0.38
vn 0.85 0.02 -0.53
vn 0.82 -0.01 -0.57
vn 0.77 -0 -0.63
vn 0.75 -0 -0.66
vn 0.75 -0 -0.66
vn 0.74 0 -0.68
vn 0.7 0.01 -0.72
vn 0.65 -0.03 -0.76
vn 0.53 0.03 -0.85
vn 0.49 -0 -0.87
vn 0.34 0.01 -0.94
vn 0.38 0.06 -0.92
vn 0.12 -0.11 -0.99
vn 0.19 -0 -0.98
vn 0.3 0.17 -0.94
vn -0.3 -0 -0.95
vn 0.17 0.04 -0.98
vn 0.05 -0 -1
vn 0 0 -1
vn -0.04 -0 -1
vn -0.1 0.02 -1
vn -0.16 -0.01 -0.99
vn -0.3 0.02 -0.96
vn -0.3 0.02 -0.95
vn -0.37 0.01 -0.93
vn -0.4 0 -0.92
vn -0.5 0.01 -0.86
vn -0.5 0.01 -0.87
vn -0.69 -0.01 -0.73
vn -0.67 0.01 -0.75
vn -0.75 0 -0.66
vn -0.83 -0 -0.56
vn -0.82 0.01 -0.57
vn -0.93 -0.01 -0.37
vn -0.96 -0 -0.27
vn -0.93 0 -0.38
vn -0.96 0 -0.28
vn -0.96 0 -0.27
vn -0.97 0 -0.24
vn -0.99 0.01 -0.15
vn -0.99 -0.02 -0.11
vn -1 -0 -0.02
vn -0.98 -0.2 0
vn 0.24 -0.66 -0.71
vn 0.23 -0.6 -0.77
vn 0.21 -0.68 -0.71
vn 0.15 -0.69 -0.71
vn 0.15 -0.66 -0.74
vn 0.1 -0.7 -0.71
vn 0.05 -0.71 -0.71
vn 0.15 -0.7 -0.7
vn 0.15 -0.7 -0.7
vn 0.05 -0.71 -0.71
vn 0.05 -0.71 -0.71
vn 0.17 -0.7 -0.7
vn 0.17 -0.7 -0.7
vn -0.39 -0.59 -0.71
vn -0.47 -0.53 -0.71
vn -0.4 -0.43 -0.81
vn -0.51 -0.49 -0.71
vn -0.55 -0.44 -0.71
vn -0.48 -0.35 -0.81
vn -0.59 -0.39 -0.71
vn -0.62 -0.34 -0.71
vn -0.65 -0.35 -0.68
vn -0.63 -0.28 -0.72
vn -0.65 -0.28 -0.71
vn -0.68 -0.2 -0.71
vn -0.53 -0.17 -0.83
vn -0.69 -0.16 -0.71
vn -0.69 -0.13 -0.71
vn -0.75 -0.08 -0.65
vn -0.57 -0.08 -0.82
vn -0.71 -0.03 -0.71
vn -0.71 0.05 -0.71
vn -0.59 0.03 -0.81
vn -0.7 0.09 -0.71
vn -0.69 0.17 -0.71
vn -0.58 0.13 -0.8
vn -0.67 0.22 -0.71
vn -0.65 0.29 -0.71
vn -0.56 0.24 -0.79
vn -0.62 0.34 -0.71
vn -0.59 0.4 -0.71
vn -0.52 0.35 -0.78
vn -0.55 0.44 -0.71
vn -0.51 0.5 -0.71
vn -0.46 0.45 -0.77
vn -0.47 0.53 -0.71
vn -0.41 0.58 -0.71
vn -0.39 0.53 -0.75
vn -0.36 0.61 -0.71
vn -0.3 0.64 -0.71
vn -0.29 0.61 -0.74
vn -0.25 0.66 -0.71
vn -0.19 0.68 -0.71
vn -0.18 0.67 -0.72
vn -0.13 0.7 -0.71
vn -0.06 0.71 -0.71
vn 0.06 0.71 -0.71
vn 0.13 0.7 -0.71
vn 0.18 0.67 -0.72
vn 0.19 0.68 -0.71
vn 0.25 0.66 -0.71
vn 0.29 0.61 -0.74
vn 0.31 0.64 -0.71
vn 0.36 0.61 -0.71
vn 0.38 0.54 -0.75
vn 0.42 0.57 -0.71
vn 0.47 0.53 -0.71
vn 0.46 0.46 -0.76
vn 0.51 0.49 -0.71
vn 0.55 0.44 -0.71
vn 0.53 0.36 -0.77
vn 0.59 0.39 -0.71
vn 0.62 0.34 -0.71
vn 0.57 0.26 -0.78
vn 0.65 0.28 -0.71
vn 0.67 0.22 -0.71
vn 0.6 0.15 -0.78
vn 0.69 0.16 -0.71
vn 0.7 0.09 -0.71
vn 0.61 0.04 -0.79
vn 0.71 0.03 -0.71
vn 0.71 -0.03 -0.71
vn 0.6 -0.07 -0.8
vn 0.7 -0.09 -0.71
vn 0.69 -0.16 -0.71
vn 0.58 -0.17 -0.8
vn 0.67 -0.22 -0.71
vn 0.65 -0.28 -0.71
vn 0.53 -0.27 -0.8
vn 0.62 -0.33 -0.71
vn 0.59 -0.39 -0.71
vn 0.48 -0.35 -0.81
vn 0.55 -0.44 -0.71
vn 0.51 -0.49 -0.71
vn 0.4 -0.43 -0.81
vn 0.47 -0.53 -0.71
vn 0.39 -0.59 -0.71
vn 0.06 -1 0
vn 0.06 -1 0
vn 0.12 -0.99 0
vn 0.06 -1 0
vn 0.06 -1 -0
vn 0.24 -0.97 0
vn -0.28 -0.96 0
vn -0.21 -0.98 0
vn -0.01 -1 -0
vn 0.06 -1 0
vn 0.01 -1 0
vn -0.06 -1 -0
vn 0.28 -0.96 0.01
vn 0.21 -0.98 0
vn -0.28 -0.96 0
vn -0.26 -0.97 0
vn -0.27 -0.96 0.03
vn -0.27 -0.96 -0.01
vn -0.28 -0.96 0.01
vn -0.28 -0.96 0.01
vn -0.26 -0.97 0
vn -0.26 -0.97 0
vn -0.25 -0.97 -0
vn -0.27 -0.96 -0.01
vn -0.28 -0.96 0
vn -0.28 -0.96 0.01
vn -0.25 -0.97 0
vn -0.26 -0.96 -0
vn -0.27 -0.96 0
vn -0.27 -0.96 -0
vn -0.27 -0.96 -0.01
vn -0.27 -0.96 -0.01
vn -0.22 -0.98 -0
vn -0.25 -0.97 -0
vn -0.25 -0.97 -0
vn -0.23 -0.97 0
vn -0.24 -0.97 0.02
vn -0.22 -0.97 -0
vn -0.22 -0.97 -0
vn -0.22 -0.97 -0.02
vn -0.36 -0.84 -0.4
vn -0.22 -0.98 -0.02
vn -0.22 -0.98 -0.01
vn -0.22 -0.98 -0.01
vn -0.25 -0.97 -0
vn -0.29 -0.96 0
vn -0.27 -0.96 -0
vn -0.29 -0.96 -0
vn -0.17 -0.98 -0.02
vn -0.18 -0.98 -0.02
vn -0.17 -0.98 -0.01
vn -0.17 -0.99 0.02
vn -0.16 -0.99 0
vn -0.17 -0.99 0.01
vn -0.2 -0.98 0
vn -0.2 -0.98 -0
vn -0.18 -0.98 0
vn -0.18 -0.98 0.01
vn -0.17 -0.98 -0
vn -0.15 -0.99 0
vn -0.17 -0.99 -0
vn -0.17 -0.98 -0.01
vn -0.19 -0.98 -0
vn -0.2 -0.98 0
vn -0.19 -0.98 -0
vn -0.2 -0.98 -0
vn -0.24 -0.97 0.04
vn -0.22 -0.98 -0
vn -0.22 -0.98 0
vn -0.22 -0.98 0
vn -0.23 -0.97 0
vn -0.21 -0.98 0.01
vn -0.23 -0.97 0.02
vn -0.24 -0.97 0.01
vn -0.27 -0.96 0
vn -0.27 -0.96 0
vn -0.19 -0.98 0
vn -0.19 -0.98 0
vn -0.2 -0.98 0
vn -0.33 -0.94 -0
vn -0.33 -0.94 0
vn -0.33 -0.95 -0.01
vn -0.3 -0.95 0
vn -0.33 -0.94 -0
vn -0.36 -0.93 -0.01
vn -0.36 -0.93 -0.01
vn -0.39 -0.92 0
vn -0.36 -0.93 0.01
vn -0.36 -0.93 0.01
vn -0.33 -0.94 0
vn -0.35 -0.94 0.01
vn -0.34 -0.94 0
vn -0.33 -0.94 0
vn -0.32 -0.95 0
vn -0.33 -0.94 -0.02
vn -0.34 -0.94 -0.01
vn -0.33 -0.94 -0.02
vn -0.34 -0.94 -0
vn -0.33 -0.94 -0.02
vn -0.33 -0.94 -0.01
vn -0.31 -0.95 0
vn -0.31 -0.95 0
vn -0.31 -0.95 0
vn -0.3 -0.95 -0
vn -0.3 -0.95 0
vn -0.15 -0.99 -0
vn -0.16 -0.99 0
vn -0.18 -0.98 -0
vn -0.04 -1 0.01
vn -0.05 -1 -0.02
vn -0.04 -1 0
vn -0.03 -1 -0.02
vn -0.07 -1 -0.01
vn -0.01 -1 0
vn -0.01 -1 0
vn -0.05 -1 -0.03
vn -0.15 -0.99 0.05
vn -0.08 -1 -0
vn -0.08 -1 0.01
vn -0.1 -1 0.01
vn -0.09 -1 0.02
vn -0.09 -1 0.02
vn -0.07 -1 0.02
vn -0.02 -1 0
vn -0.08 -1 0.01
vn -0.05 -1 0.04
vn -0.05 -1 0.04
vn -0.05 -1 0.02
vn -0.05 -1 0.03
vn -0.05 -1 0
vn -0.05 -1 -0
vn -0.17 -0.98 0
vn -0.16 -0.99 -0
vn -0.13 -0.99 0
vn -0.13 -0.99 0.03
vn -0.13 -0.99 0.03
vn -0.13 -0.99 0.01
vn -0.13 -0.99 0.01
vn -0.13 -0.99 0
vn -0.13 -0.99 0
vn -0.13 -0.99 -0
vn -0.13 -0.99 -0
vn -0.13 -0.99 -0.01
vn -0.15 -0.99 -0.07
vn -0.13 -0.99 -0.02
vn -0.15 -0.94 -0.3
vn -0.12 -0.99 -0
vn -0.07 -1 -0.02
vn -0.03 -1 -0.04
vn -0.05 -1 -0.04
vn -0.05 -1 -0.01
vn -0.04 -1 -0
vn -0.04 -1 -0
vn -0.04 -1 -0
vn -0.03 -1 0.01
vn -0.03 -1 0
vn -0.01 -1 -0
vn 0.04 -1 0.05
vn 0.04 -1 0
vn 0 -1 0
vn -0.01 -1 -0
vn 0.11 -0.99 0.03
vn 0.08 -1 0.02
vn 0.11 -0.99 0.04
vn 0.08 -1 0.01
vn 0.09 -0.99 0.09
vn 0.08 -1 0.02
vn 0.08 -1 0.02
vn 0.08 -1 0.02
vn 0.07 -1 0.01
vn 0.12 -0.99 0
vn 0.12 -0.99 0
vn 0.12 -0.99 0
vn 0.12 -0.99 -0
vn 0.12 -0.99 -0
vn 0.15 -0.99 0
vn 0 -1 -0
vn -0 -1 0
vn -0.07 -1 -0.01
vn -0.06 -0.99 -0.1
vn -0.07 -1 -0.04
vn 0.14 -0.99 -0.06
vn 0.04 -1 0
vn 0.03 -1 -0
vn 0.04 -1 0
vn 0.04 -1 0
vn 0.04 -1 0.02
vn 0.04 -1 0.01
vn 0.04 -1 0.04
vn 0.04 -1 0
vn 0.04 -1 0
vn 0.04 -1 -0.01
vn 0.04 -1 -0
vn 0.04 -1 -0.03
vn 0.04 -1 -0.02
vn 0.1 -0.99 -0.04
vn 0.07 -1 -0.02
vn 0.04 -1 -0
vn 0.01 -1 0
vn 0.02 -1 -0
vn 0 -1 0
vn 0 -1 -0
vn -0 -1 0
vn -0 -1 0
vn -0.01 -1 -0
vn 0.03 -1 0.02
vn 0.11 -0.99 -0.04
vn 0.11 -0.99 -0.01
vn 0.12 -0.99 -0
vn 0.11 -0.99 0
vn 0.11 -0.99 0.01
vn 0.06 -1 0.01
vn 0.09 -1 -0.02
vn 0.13 -0.99 -0.06
vn 0.02 -1 -0.01
vn 0.01 -1 -0
vn 0.01 -1 -0
vn 0.01 -1 0
vn 0.02 -1 -0
vn 0.02 -1 0
vn 0.02 -1 -0
vn 0.01 -1 -0
vn 0 -1 0
vn -0 -1 -0
vn -0 -1 -0
vn -0.01 -1 0
vn -0.01 -1 -0
vn -0.01 -1 0
vn -0.02 -1 0
vn -0.01 -1 0
vn -0.02 -1 -0
vn -0.02 -1 -0
vn -0.02 -1 -0
vn 0.01 -1 0
vn -0.02 -1 0
vn -0.02 -1 0
vn -0.01 -1 -0
vn -0.01 -1 0
vn -0 -1 -0
vn -0 -1 -0
vn 0 -1 0
vn 0 -1 -0
vn 0.01 -1 0
vn 0.01 -1 -0
vn 0.01 -1 0
vn 0.01 -1 -0
vn 0.01 -1 -0
vn 0.01 -1 0
vn 0.01 -1 0
vn 0.07 -1 0
vn 0.15 -0.99 -0
vn 0.16 -0.99 0
vn 0.21 -0.98 -0.01
vn 0.25 -0.97 -0.01
vn 0.23 -0.97 -0.02
vn 0.22 -0.98 -0.03
vn 0.29 -0.96 0.03
vn 0.19 -0.98 -0.03
vn 0.22 -0.98 -0.01
vn 0.18 -0.98 0
vn 0.17 -0.99 -0
vn 0.16 -0.99 -0
vn 0.16 -0.99 -0
vn 0.18 -0.98 -0
vn 0.18 -0.98 -0
vn 0.17 -0.99 0
vn 0.21 -0.98 -0
vn 0.21 -0.98 -0
vn 0.2 -0.98 0
vn 0.21 -0.98 0
vn 0.21 -0.98 -0
vn 0.2 -0.98 0
vn 0.14 -0.99 0
vn 0.17 -0.99 0
vn 0.2 -0.98 -0
vn 0.2 -0.98 0
vn 0.2 -0.98 0.02
vn 0.2 -0.98 0.02
vn 0.2 -0.98 0
vn 0.21 -0.98 0.01
vn 0.22 -0.98 0.02
vn 0.23 -0.97 0.02
vn 0.28 -0.96 0
vn 0.28 -0.96 0
vn 0.28 -0.96 0.01
vn 0.28 -0.96 0
vn 0.26 -0.96 0.01
vn 0.25 -0.97 0.01
vn 0.25 -0.97 -0
vn 0.26 -0.97 0
vn 0.26 -0.97 0
vn 0.26 -0.97 0
vn 0.26 -0.97 -0
vn 0.21 -0.98 -0.01
vn 0.21 -0.98 0
vn 0.22 -0.98 -0.01
vn 0.22 -0.98 0
vn 0.23 -0.97 -0
vn 0.23 -0.97 0
vn 0.23 -0.97 0
vn 0.26 -0.97 -0
vn 0.26 -0.97 -0
vn 0.25 -0.97 0
vn 0.25 -0.97 -0
vn 0.24 -0.97 0
vn 0.24 -0.97 -0
vn 0.23 -0.97 0
vn 0.23 -0.97 0
vn 0.28 -0.96 -0
vn 0.29 -0.96 -0
vn 0.28 -0.96 -0.03
vn 0.29 -0.96 -0.01
vn 0.29 -0.96 0
vn 0.27 -0.96 -0
vn 0.27 -0.96 -0.01
vn 0.24 -0.97 -0
vn 0.24 -0.97 0
vn 0.24 -0.97 -0
vn 0.23 -0.97 0
vn 0.23 -0.97 0
vn 0.23 -0.97 0
vn 0.23 -0.97 -0
vn 0.23 -0.97 -0
vn 0.23 -0.97 -0
vn 0.25 -0.97 -0.01
vn 0.25 -0.97 -0
vn 0.25 -0.97 -0
vn 0.25 -0.97 0.01
vn 0.27 -0.96 -0.02
vn 0.26 -0.97 0.01
vn 0.28 -0.96 -0
vn 0.27 -0.96 0.01
vn 0.28 -0.96 -0
vn 0.28 -0.96 0
vn 0.28 -0.96 0
vn 0.34 -0.94 0
vn 0.32 -0.95 0.01
vn 0.32 -0.95 0
vn 0.33 -0.95 -0
vn 0.33 -0.94 0.02
vn 0.31 -0.92 0.26
vn 0.34 -0.94 0.08
vn 0.34 -0.94 0.01
vn 0.3 -0.95 0
vn 0.31 -0.95 -0
vn 0.36 -0.93 0.01
vn 0.33 -0.94 0.03
vn 0.35 -0.94 0.01
vn 0.37 -0.93 0.01
vn 0.38 -0.93 0
vn 0.39 -0.92 0
vn 0.38 -0.92 -0
vn 0.38 -0.93 -0
vn 0.35 -0.94 0.01
vn 0.36 -0.93 0
vn 0.37 -0.93 -0.01
vn 0.36 -0.93 -0.01
vn 0.36 -0.93 -0.01
vn 0.34 -0.94 -0
vn 0.32 -0.95 -0
vn -0.26 -0.97 0
vn -0.71 -0.71 0
vn -0.97 -0.26 0
vn -0.97 0.26 -0
vn -0.71 0.71 -0
vn -0.26 0.97 -0
vn -0.51 -0.14 -0.85
vn -0.37 -0.37 -0.85
vn -0.14 -0.51 -0.85
vn -0.14 0.51 -0.85
vn -0.37 0.37 -0.85
vn -0.51 0.14 -0.85
vn -0.37 -0.37 -0.85
vn -0.26 -0.97 0
vn -0.71 -0.71 0
vn -0.97 -0.26 0
vn -0.71 0.71 -0
vn -0.26 0.97 -0
vn -0.37 0.37 -0.85
vn 0 -1 0
vn 0 1 -0
vn 0.26 0.97 -0
vn 0.71 0.71 -0
vn 0.97 0.26 -0
vn 0.97 -0.26 0
vn 0.71 -0.71 0
vn 0.26 -0.97 0
vn -0.01 -1 0
vn -0.01 -1 0
vn -0.01 -1 -0
vn -0.01 -1 -0
vn 0.01 -1 -0
vn 0.01 -1 -0
vn 0.01 -1 0
vn 0.01 -1 0
vn -0.01 -1 0
vn -0.01 -1 -0
vn -0.01 -1 -0
vn 0 -1 -0
vn 0.01 -1 0
vn 0.01 -1 0
vn 0.01 -1 -0
vn 0.35 -0.94 -0
vn 0.34 -0.94 -0.01
vn 0.31 -0.95 -0.01
vn 0.31 -0.95 0.01
vn 0.33 -0.95 -0.01
vn 0.32 -0.95 0
vn 0.34 -0.94 -0
vn 0.34 -0.94 -0
vn 0.35 -0.94 0
vn 0.3 -0.95 -0
vn 0.3 -0.95 -0
vn 0.3 -0.96 0
vn 0.33 -0.94 -0.03
vn 0.33 -0.95 0
vn 0.3 -0.96 0
vn 0.29 -0.96 -0
vn 0.29 -0.96 -0
vn 0.3 -0.95 0
vn 0.3 -0.95 -0
vn 0.31 -0.95 0
vn 0.31 -0.95 0
vn 0.33 -0.94 -0
vn 0.32 -0.95 0.01
vn 0.34 -0.94 -0.01
vn 0.34 -0.94 0.01
vn 0.34 -0.94 0
vn 0.35 -0.94 -0.01
vn 0.35 -0.94 0.01
vn 0.35 -0.94 0
vn 0.36 -0.93 -0
vn 0.36 -0.93 0
vn 0.36 -0.93 0
vn 0.36 -0.93 0
vn 0.33 -0.94 -0
vn 0.33 -0.94 -0.01
vn 0.33 -0.94 -0.04
vn 0.31 -0.95 -0
vn 0.32 -0.95 -0.01
vn 0.33 -0.95 -0.03
vn 0.33 -0.94 0
vn 0.33 -0.94 -0.01
vn 0.33 -0.94 -0.01
vn 0.09 -1 -0
vn 0.09 -1 -0.01
vn 0.08 -1 -0.04
vn 0.07 -1 -0
vn 0.07 -1 -0.01
vn 0.08 -1 -0.02
vn 0.08 -1 0
vn 0.09 -1 -0.01
vn 0.09 -1 -0.01
vn -0.09 -1 -0
vn -0.07 -1 -0
vn -0.07 -1 -0
vn -0.08 -1 -0
vn -0.08 -1 0
vn -0.08 -1 0
vn -0.07 -1 0
vn -0.07 -1 0
vn -0.1 -0.99 -0
vn -0.1 -1 -0
vn -0.1 -1 0
vn -0.1 -0.99 0
vn -0.1 -1 0
vn -0.09 -1 -0
vn 0.27 -0.96 0
vn 0.27 -0.96 -0
vn 0.27 -0.96 0
vn 0.27 -0.96 -0
vn 0.27 -0.96 0
vn 0.27 -0.96 -0
vn 0.26 -0.96 0
vn 0.27 -0.96 -0
vn 0.26 -0.97 0
vn 0.25 -0.97 0.01
vn 0.26 -0.97 -0
vn 0.24 -0.97 0
vn 0.24 -0.97 -0
vn 0.23 -0.97 0
vn 0.24 -0.97 -0
vn 0.23 -0.97 0
vn 0.23 -0.97 -0
vn 0.22 -0.98 0
vn 0.22 -0.97 -0
vn 0.22 -0.98 0
vn 0.22 -0.98 -0
vn 0.22 -0.98 0
vn 0.22 -0.98 0
vn 0.22 -0.98 -0
vn 0.22 -0.98 -0
vn 0.22 -0.97 0
vn 0.22 -0.98 -0
vn 0.23 -0.97 0
vn 0.23 -0.97 0
vn 0.23 -0.97 -0
vn 0.24 -0.97 0
vn 0.24 -0.97 0.01
vn 0.24 -0.97 0.01
vn 0.25 -0.97 0
vn 0.26 -0.97 -0
vn 0.26 -0.97 0
vn 0.26 -0.96 -0
vn 0.26 -0.96 0
vn 0.27 -0.96 -0
vn 0.27 -0.96 0
vn 0.26 -0.97 -0
vn 0.26 -0.96 0
vn 0.26 -0.97 -0
vn 0.25 -0.97 -0
vn 0.25 -0.97 0
vn 0.23 -0.97 -0
vn 0.24 -0.97 -0.01
vn 0.23 -0.97 -0
vn 0.22 -0.98 0
vn 0.22 -0.97 -0.01
vn 0.22 -0.97 -0
vn 0.22 -0.98 0
vn 0.22 -0.98 -0
vn 0.22 -0.98 0
vn 0.19 -0.98 0
vn 0.14 -0.99 0
vn 0.14 -0.99 0.01
vn 0.16 -0.99 0
vn 0.17 -0.99 0
vn 0.17 -0.99 0
vn 0.18 -0.98 -0
vn 0.18 -0.98 0
vn 0.19 -0.98 -0
vn 0.19 -0.98 0
vn 0.19 -0.98 -0
vn 0.1 -1 -0
vn 0.11 -0.99 -0
vn 0.1 -1 0
vn 0.09 -1 -0
vn 0.09 -1 0
vn 0.07 -1 -0
vn 0.08 -1 -0
vn 0.06 -1 0
vn 0.07 -1 -0.01
vn 0.06 -1 -0
vn 0.05 -1 0
vn 0.09 -1 -0.02
vn 0.08 -1 0
vn 0.05 -1 0
vn 0.05 -1 -0
vn 0.05 -1 -0
vn 0.05 -1 -0
vn 0.06 -1 0
vn 0.06 -1 0
vn 0.07 -1 -0
vn 0.08 -1 0
vn 0.08 -1 0
vn 0.09 -1 -0
vn 0.09 -1 0.01
vn 0.1 -1 0
vn 0.11 -0.99 -0
vn 0.11 -0.99 0.01
vn 0.11 -0.99 0
vn 0.11 -0.99 -0
vn 0.11 -0.99 0
vn 0.11 -0.99 0
vn 0.11 -0.99 0
vn -0.01 -1 -0
vn -0 -1 0
vn -0 -1 0
vn 0 -1 -0
vn 0.01 -1 0
vn 0.01 -1 0
vn 0.02 -1 -0
vn 0.01 -1 0
vn 0.02 -1 -0
vn 0.02 -1 0.01
vn 0.02 -1 -0
vn 0.02 -1 0
vn 0.02 -1 -0
vn 0.02 -1 0
vn 0.02 -1 -0
vn 0.02 -1 -0
vn 0.02 -1 0
vn 0.01 -1 -0
vn 0.02 -1 -0
vn -0.01 -1 0
vn -0.01 -1 -0
vn -0.02 -1 0
vn -0.02 -1 -0
vn -0.03 -1 0
vn -0.02 -1 -0
vn -0.03 -1 0
vn -0.03 -1 -0
vn -0.03 -1 0
vn -0.03 -1 -0
vn -0.03 -1 0
vn -0.03 -1 -0
vn -0.03 -1 -0
vn -0.02 -1 0
vn -0.02 -1 0
vn -0.01 -1 -0
vn -0.01 -1 0
vn -0.01 -1 0
vn 0 -1 -0
vn -0 -1 0
vn 0.01 -1 -0
vn 0.01 -1 0.01
vn 0.01 -1 0
vn 0.02 -1 -0
vn 0.02 -1 0
vn 0.02 -1 -0
vn 0.01 -1 0
vn 0.01 -1 -0
vn 0 -1 -0
vn 0 -1 0
vn -0 -1 -0
vn -0 -1 0
vn -0.01 -1 -0
vn -0.01 -1 -0
vn -0.02 -1 0
vn -0.02 -1 -0
vn -0.03 -1 0
vn -0.03 -1 -0
vn -0.03 -1 0
vn -0.1 -1 0
vn -0.09 -1 0
vn -0.11 -0.99 -0
vn -0.11 -0.99 0
vn -0.12 -0.99 -0
vn -0.12 -0.99 0
vn -0.12 -0.99 -0
vn -0.12 -0.99 -0
vn -0.12 -0.99 0
vn -0.11 -0.99 -0
vn -0.11 -0.99 0
vn -0.1 -0.99 -0.01
vn -0.11 -0.99 0
vn -0.09 -1 -0
vn -0.09 -1 0
vn -0.08 -1 -0
vn -0.08 -1 -0
vn -0.09 -1 -0
vn -0.09 -1 -0
vn -0.08 -1 -0
vn -0.07 -1 0
vn -0.07 -1 -0
vn -0.06 -1 0
vn -0.06 -1 -0
vn -0.05 -1 0
vn -0.05 -1 0
vn -0.06 -1 -0
vn -0.06 -1 0
vn -0.06 -1 -0
vn -0.07 -1 0.01
vn -0.07 -1 -0
vn -0.08 -1 0
vn -0.19 -0.98 0
vn -0.15 -0.99 0.03
vn -0.19 -0.98 0
vn -0.18 -0.98 -0
vn -0.17 -0.98 0
vn -0.17 -0.99 0
vn -0.16 -0.99 -0
vn -0.16 -0.99 -0
vn -0.16 -0.99 0
vn -0.15 -0.99 -0
vn -0.15 -0.99 0
vn -0.15 -0.99 -0
vn -0.14 -0.99 0
vn -0.14 -0.99 0
vn -0.15 -0.99 -0
vn -0.15 -0.99 0
vn -0.16 -0.99 -0
vn -0.15 -0.99 0
vn -0.16 -0.99 -0
vn -0.16 -0.99 0
vn -0.18 -0.98 -0
vn -0.17 -0.98 -0
vn -0.19 -0.98 0
vn -0.19 -0.98 -0.01
vn -0.2 -0.98 0
vn -0.2 -0.98 -0.01
vn -0.21 -0.98 0
vn -0.21 -0.98 -0
vn -0.21 -0.98 0
vn -0.21 -0.98 0
vn -0.23 -0.97 0.01
vn -0.24 -0.97 -0
vn -0.24 -0.97 0.02
vn -0.24 -0.97 -0.01
vn -0.26 -0.97 0.01
vn -0.25 -0.97 0
vn -0.24 -0.97 -0
vn -0.24 -0.97 0
vn -0.24 -0.97 -0
vn -0.24 -0.97 0
vn -0.25 -0.97 -0
vn -0.25 -0.97 -0
vn -0.26 -0.96 0
vn -0.27 -0.96 -0
vn -0.28 -0.96 -0
vn -0.29 -0.96 0
vn -0.29 -0.96 -0
vn -0.3 -0.95 0
vn -0.3 -0.95 -0
vn -0.3 -0.95 0
vn -0.3 -0.95 0
vn -0.3 -0.95 -0
vn -0.3 -0.95 -0
vn -0.3 -0.95 0
vn -0.3 -0.95 -0
vn -0.3 -0.95 -0
vn -0.29 -0.96 0
vn -0.28 -0.96 0
vn -0.28 -0.96 -0
vn -0.27 -0.96 0
vn -0.36 -0.93 0
vn -0.35 -0.94 0
vn -0.35 -0.94 0
vn -0.35 -0.94 0
vn -0.34 -0.94 -0
vn -0.32 -0.95 0
vn -0.32 -0.95 0
vn -0.33 -0.94 -0
vn -0.33 -0.94 0
vn -0.33 -0.94 0
vn -0.36 -0.93 -0
vn -0.36 -0.93 0
vn 0.07 1 0.04
vn 0.07 1 0.03
vn 0.19 0.98 0.06
vn 0.1 0.99 -0
vn 0.08 1 0
vn 0.18 0.98 -0
vn 0.35 0.94 -0
vn 0.52 0.86 -0
vn 0.66 0.75 -0
vn 0.79 0.62 -0
vn 0.89 0.46 -0
vn 0.96 0.3 -0
vn 0.99 0.12 -0
vn 1 -0.06 0
vn 0.97 -0.24 0
vn 0.91 -0.42 0
vn 0.82 -0.57 0
vn 0.7 -0.71 0
vn 0.56 -0.83 0
vn 0.46 -0.89 0
vn -0.46 -0.89 0
vn -0.18 0.98 0.05
vn -0.07 1 0.03
vn -0.08 1 0
vn -0.1 1 -0
vn -0.56 -0.83 0
vn -0.7 -0.71 0
vn -0.82 -0.57 0
vn -0.91 -0.42 0
vn -0.97 -0.24 0
vn -1 -0.06 0
vn -0.99 0.12 -0
vn -0.96 0.3 -0
vn -0.89 0.46 -0
vn -0.79 0.62 -0
vn -0.66 0.75 -0
vn -0.52 0.86 -0
vn -0.35 0.94 -0
vn -0.19 0.98 -0
vn -0.19 0.98 0.07
vn 0 0 1
vn -0 -0 1
vn 0.14 0.99 -0
vn 0.13 0.99 -0
vn 0.13 0.99 -0.01
vn 0.14 0.99 -0
vn 0.23 0.97 -0
vn 0.4 0.92 -0
vn 0.56 0.83 -0
vn 0.7 0.72 -0
vn 0.81 0.58 -0
vn 0.9 0.43 -0
vn 0.96 0.26 -0
vn 1 0.09 -0
vn 1 -0.09 0
vn 0.96 -0.26 0
vn 0.9 -0.43 0
vn 0.81 -0.58 0
vn 0.7 -0.72 0
vn 0.56 -0.83 0
vn 0.46 -0.89 0
vn -0.46 -0.89 0
vn -0.13 0.99 -0.01
vn -0.13 0.99 -0.01
vn -0.56 -0.83 0
vn -0.7 -0.72 0
vn -0.81 -0.58 0
vn -0.9 -0.43 0
vn -0.96 -0.26 0
vn -1 -0.09 0
vn -1 0.09 -0
vn -0.96 0.26 -0
vn -0.9 0.43 -0
vn -0.81 0.58 -0
vn -0.7 0.72 -0
vn -0.56 0.83 -0
vn -0.4 0.92 -0
vn -0.23 0.97 -0
vn -0.14 0.99 -0
vn -0.13 0.99 -0
vn -0.16 0.99 0
vn -0.46 -0.89 0
vn -0.56 -0.83 0
vn -0.69 -0.72 0
vn -0.81 -0.59 0
vn -0.9 -0.44 0
vn -0.96 -0.27 0
vn -0.99 -0.1 0
vn -1 0.07 -0
vn -0.97 0.25 -0
vn -0.91 0.41 -0
vn -0.82 0.57 -0
vn -0.71 0.7 -0
vn -0.58 0.81 -0
vn -0.43 0.9 -0
vn -0.26 0.96 -0
vn -0.16 0.99 -0
vn -0.17 0.99 0
vn -0.01 -1 0
vn -0.02 -1 0.01
vn -0.13 -0.99 -0.05
vn -0.12 -0.99 0
vn -0.21 -0.98 0
vn -0.29 -0.96 -0.03
vn -0.51 -0.86 0
vn -0.46 -0.88 0.09
vn -0.43 -0.9 -0.01
vn -0.38 -0.92 0
vn -0.3 -0.95 0
vn -0.01 1 -0
vn -0.06 1 0.01
vn -0.54 -0.84 0
vn -0.61 -0.79 -0
vn -0.61 -0.79 -0.01
vn -0.68 -0.73 0
vn -0.74 -0.67 0
vn -0.75 -0.66 -0.01
vn -0.8 -0.6 0
vn -0.85 -0.53 0
vn -0.85 -0.52 -0.02
vn -0.89 -0.45 0
vn -0.93 -0.37 0
vn -0.93 -0.36 -0.03
vn -0.96 -0.28 0
vn -0.98 -0.2 0
vn -0.98 -0.18 -0.03
vn -0.99 -0.11 0
vn -1 -0.02 0
vn -1 -0 -0.04
vn -1 0.07 -0
vn -0.98 0.18 -0
vn -0.99 0.16 -0.06
vn -0.97 0.25 -0
vn -0.93 0.36 -0
vn -0.94 0.33 -0.07
vn -0.91 0.41 -0
vn -0.85 0.52 -0
vn -0.87 0.49 -0.07
vn -0.82 0.57 -0
vn -0.75 0.67 -0
vn -0.77 0.64 -0.08
vn -0.71 0.7 -0
vn -0.61 0.79 -0
vn -0.64 0.76 -0.09
vn -0.57 0.82 -0
vn -0.46 0.89 -0
vn -0.5 0.86 -0.1
vn -0.04 1 0.06
vn -0.06 1 0.03
vn -0.17 0.98 -0.06
vn -0.13 0.99 -0
vn -0.25 0.97 -0
vn -0.29 0.95 -0.05
vn -0.34 0.94 -0
vn -0.42 0.91 -0
vn -0.13 0.99 0
vn -0.14 0.99 0
vn -0.15 0.99 -0
vn -0.23 0.97 0
vn -0.23 0.97 -0
vn -0.4 0.92 -0
vn -0.55 0.83 -0
vn -0.69 0.72 -0
vn -0.81 0.59 -0
vn -0.9 0.44 -0
vn -0.96 0.28 -0
vn -0.99 0.11 -0
vn -1 -0.07 0
vn -0.97 -0.24 0
vn -0.91 -0.41 0
vn -0.83 -0.56 0
vn -0.72 -0.7 0
vn -0.59 -0.81 0
vn -0.49 -0.87 0
vn 0.49 -0.87 0
vn 0.59 -0.81 0
vn 0.72 -0.7 0
vn 0.83 -0.56 0
vn 0.91 -0.41 0
vn 0.97 -0.24 0
vn 1 -0.07 0
vn 0.99 0.11 -0
vn 0.96 0.28 -0
vn 0.9 0.44 -0
vn 0.81 0.59 -0
vn 0.69 0.72 -0
vn 0.55 0.83 -0
vn 0.4 0.92 -0
vn 0.23 0.97 -0
vn 0.23 0.97 0
vn 0.14 0.99 -0
vn 0.13 0.99 0
vn -0.16 0.99 -0
vn -0.16 0.99 -0
vn -0.16 0.99 -0
vn -0.16 0.99 -0.01
vn -0.16 0.99 -0
vn -0.26 0.97 -0
vn -0.42 0.91 -0
vn -0.57 0.82 -0
vn -0.7 0.71 -0
vn -0.82 0.58 -0
vn -0.9 0.43 -0
vn -0.96 0.27 -0
vn -1 0.1 -0
vn -1 -0.08 0
vn -0.97 -0.25 0
vn -0.91 -0.41 0
vn -0.83 -0.56 0
vn -0.72 -0.7 0
vn -0.58 -0.81 0
vn -0.49 -0.87 0
vn -0.55 -0.84 0
vn 0.51 -0.86 0
vn 0.09 0.99 -0.06
vn 0.07 0.99 -0.14
vn 0.09 0.99 -0.07
vn 0.11 0.99 -0.04
vn 0.12 0.99 -0.02
vn 0.15 0.99 0
vn -0.15 0.99 -0.04
vn -0.14 0.99 0
vn -0.11 0.99 -0.03
vn -0.09 0.99 -0.07
vn -0.09 0.99 -0.08
vn -0.02 1 0
vn 0.01 1 -0
vn -0.51 -0.85 -0.08
vn -0.63 -0.78 0.05
vn -0.66 -0.75 0
vn -0.87 -0.5 0
vn -0.88 -0.47 0.08
vn -0.83 -0.55 0
vn -0.76 -0.65 0
vn -0.78 -0.62 0.08
vn -0.72 -0.69 0
vn -0.99 -0.16 0
vn -0.99 -0.13 0.06
vn -0.97 -0.22 0
vn -0.94 -0.34 0
vn -0.95 -0.31 0.07
vn -0.92 -0.39 0
vn -0.98 0.2 0.04
vn -0.99 0.13 -0
vn -1 0.02 -0
vn -1 0.05 0.06
vn -1 -0.04 0
vn -0.93 0.38 0.03
vn -0.95 0.31 -0
vn -0.97 0.22 -0
vn -0.84 0.54 0.03
vn -0.88 0.47 -0
vn -0.92 0.39 -0
vn -0.73 0.68 0.03
vn -0.78 0.62 -0
vn -0.83 0.55 -0
vn -0.6 0.8 0.02
vn -0.66 0.75 -0
vn -0.72 0.69 -0
vn -0.44 0.9 0.02
vn -0.51 0.86 -0
vn -0.59 0.81 -0
vn -0.18 0.98 -0
vn -0.26 0.96 -0
vn -0.27 0.96 0.01
vn -0.35 0.94 -0
vn -0.43 0.9 -0
vn 0.27 0.96 0.01
vn 0.26 0.96 -0
vn 0.18 0.98 -0
vn 0.44 0.9 0.02
vn 0.43 0.9 -0
vn 0.35 0.94 -0
vn 0.6 0.8 0.02
vn 0.59 0.81 -0
vn 0.51 0.86 -0
vn 0.73 0.68 0.03
vn 0.72 0.69 -0
vn 0.66 0.75 -0
vn 0.84 0.54 0.03
vn 0.83 0.55 -0
vn 0.78 0.62 -0
vn 0.93 0.38 0.03
vn 0.92 0.39 -0
vn 0.88 0.47 -0
vn 0.98 0.2 0.04
vn 0.97 0.22 -0
vn 0.95 0.31 -0
vn 1 0.02 0.04
vn 1 0.05 -0
vn 0.99 0.13 -0
vn 0.99 -0.16 0.04
vn 0.99 -0.13 0
vn 1 -0.04 0
vn 0.94 -0.34 0.05
vn 0.95 -0.31 0
vn 0.97 -0.22 0
vn 0.86 -0.5 0.05
vn 0.88 -0.47 0
vn 0.92 -0.39 0
vn 0.55 -0.84 -0.05
vn 0.66 -0.75 0.09
vn 0.63 -0.78 0
vn 0.72 -0.69 0
vn 0.76 -0.65 0.05
vn 0.78 -0.62 0
vn 0.83 -0.55 0
vn 0.16 0.99 0
vn 0.16 0.99 0
vn 0.16 0.99 -0
vn 0.26 0.96 -0
vn 0.43 0.9 -0
vn 0.58 0.81 -0
vn 0.71 0.7 -0
vn 0.82 0.57 -0
vn 0.91 0.41 -0
vn 0.97 0.25 -0
vn 1 0.07 -0
vn 0.99 -0.1 0
vn 0.96 -0.27 0
vn 0.9 -0.44 0
vn 0.81 -0.59 0
vn 0.69 -0.72 0
vn 0.56 -0.83 0
vn 0.46 -0.89 0
vn 0.49 -0.87 0
vn 0.16 0.99 -0
vn 0.58 -0.81 0
vn 0.72 -0.7 0
vn 0.83 -0.56 0
vn 0.91 -0.41 0
vn 0.97 -0.25 0
vn 1 -0.08 0
vn 1 0.1 -0
vn 0.96 0.27 -0
vn 0.9 0.43 -0
vn 0.82 0.58 -0
vn 0.7 0.71 -0
vn 0.57 0.82 -0
vn 0.42 0.91 -0
vn 0.26 0.97 -0
vn 0.16 0.99 -0
vn 0.16 0.99 -0
vn -0.53 -0.85 0
vn -0.69 -0.73 0
vn -0.82 -0.58 0
vn -0.91 -0.4 0
vn -0.98 -0.22 0
vn -1 -0.02 0
vn -0.98 0.18 -0
vn -0.93 0.37 -0
vn -0.84 0.55 -0
vn -0.71 0.7 -0
vn -0.56 0.83 -0
vn -0.39 0.92 -0
vn -0.2 0.98 -0
vn 0.2 0.98 -0
vn 0.39 0.92 -0
vn 0.56 0.83 -0
vn 0.71 0.7 -0
vn 0.84 0.55 -0
vn 0.93 0.37 -0
vn 0.98 0.18 -0
vn 1 -0.02 0
vn 0.98 -0.22 0
vn 0.91 -0.4 0
vn 0.82 -0.58 0
vn 0.69 -0.73 0
vn 0.53 -0.85 0
vn 0.01 1 -0
vn 0.51 -0.86 0
vn 0.29 -0.95 -0.1
vn 0.25 -0.97 0
vn 0.17 -0.99 0
vn 0.11 -0.99 -0.1
vn 0.06 -1 0.03
vn 0.01 -1 0
vn 0.02 1 0
vn 0.02 1 0
vn 0.05 1 -0
vn 0.13 0.99 0.01
vn 0.13 0.99 -0
vn 0.21 0.98 -0
vn 0.29 0.96 -0.02
vn 0.3 0.95 -0
vn 0.38 0.92 -0
vn 0.46 0.89 -0.01
vn 0.61 0.79 -0.01
vn 0.61 0.79 -0
vn 0.54 0.84 -0
vn 0.47 0.89 -0
vn 0.68 0.73 -0
vn 0.74 0.67 -0
vn 0.75 0.66 -0.01
vn 0.8 0.6 -0
vn 0.85 0.53 -0
vn 0.85 0.52 -0.02
vn 0.89 0.45 -0
vn 0.93 0.37 -0
vn 0.93 0.36 -0.03
vn 0.96 0.28 -0
vn 0.98 0.2 -0
vn 0.98 0.18 -0.03
vn 0.99 0.11 -0
vn 1 0.02 -0
vn 1 -0 -0.04
vn 1 -0.07 0
vn 0.98 -0.18 0
vn 0.99 -0.16 -0.06
vn 0.97 -0.25 0
vn 0.93 -0.36 0
vn 0.94 -0.33 -0.07
vn 0.91 -0.41 0
vn 0.85 -0.52 0
vn 0.87 -0.49 -0.07
vn 0.82 -0.57 0
vn 0.75 -0.67 0
vn 0.77 -0.64 -0.08
vn 0.71 -0.7 0
vn 0.61 -0.79 0
vn 0.64 -0.76 -0.09
vn 0.57 -0.82 0
vn 0.5 -0.87 0.01
vn 0.43 -0.9 -0.02
vn 0.42 -0.91 0
vn 0.34 -0.94 0
vn 0.51 0.14 -0.85
vn 0.37 0.37 -0.85
vn 0.14 0.51 -0.85
vn 0.14 -0.51 -0.85
vn 0.37 -0.37 -0.85
vn 0.51 -0.14 -0.85
vn 0.26 0.97 -0
vn 0.71 0.71 -0
vn 0.71 -0.71 0
vn 0.26 -0.97 0
vn 0.37 0.37 -0.85
vn 0.37 -0.37 -0.85
vn 0.97 -0.26 0
vn -0.06 -1 0
vn -0.06 -1 -0
vn -0.12 -0.99 0
vn -0.06 -1 0
vn -0.06 -1 0
vn -0.24 -0.97 0
vn -0.17 -0.7 -0.7
vn -0.05 -0.71 -0.71
vn -0.05 -0.71 -0.71
vn -0.15 -0.7 -0.7
vn -0.15 -0.7 -0.7
vn -0.05 -0.71 -0.71
vn -0.1 -0.7 -0.71
vn -0.14 -0.66 -0.74
vn -0.25 -0.66 -0.71
vn -0.23 -0.61 -0.76
vn -0.21 -0.68 -0.71
vn -0.15 -0.69 -0.71
vn 0.2 -0.98 0
vn 0.56 -0.83 0
vn 0.83 -0.56 0
vn 0.98 -0.2 0
vn 0.98 0.2 -0
vn 0.83 0.56 -0
vn 0.56 0.83 -0
vn 0.2 0.98 -0
vn 0.99 0 0.1
vn 0.94 0.02 0.35
vn 0.97 -0 0.26
vn 0.99 0.02 0.15
vn 0.99 -0.02 0.1
vn 1 0 0.02
vn 0.83 0.02 0.56
vn 0.87 -0.02 0.5
vn 0.93 0.03 0.36
vn 0.95 0 0.33
vn 0.92 0.04 0.39
vn 0.7 0 0.72
vn 0.46 0.01 0.89
vn 0.5 0.03 0.86
vn 0.58 -0.01 0.82
vn 0.69 0.02 0.72
vn 0.68 0.01 0.73
vn 0.75 0 0.66
vn 0.78 -0 0.62
vn 0.35 -0 0.94
vn 0.3 0.03 0.95
vn 0.15 -0.04 0.99
vn 0.1 -0 1
vn -0 0 1
vn -0.08 -0 1
vn -0.12 0.02 0.99
vn -0.25 -0.01 0.97
vn -0.34 0.03 0.94
vn -0.69 -0 0.73
vn -0.55 0 0.83
vn -0.53 0.02 0.85
vn -0.45 0 0.89
vn -0.37 0.01 0.93
vn -0.94 0.01 0.35
vn -0.9 -0 0.44
vn -0.85 0.02 0.53
vn -0.82 -0.01 0.57
vn -0.71 0.02 0.7
vn -0.75 0.07 0.66
vn -0.69 0 0.72
vn -0.99 0 0.11
vn -0.99 0 0.11
vn -0.99 -0 0.11
vn -0.97 0 0.25
vn -0.95 -0.01 0.31
vn -0.94 -0 0.33
vn 0.97 -0.24 0
vn 0.95 -0.04 -0.32
vn 0.14 0.7 -0.7
vn 0.4 0.59 -0.7
vn 0.4 0.59 -0.7
vn 0.59 0.4 -0.7
vn 0.59 0.4 -0.7
vn 0.7 0.14 -0.7
vn 0.7 -0.14 -0.7
vn 0.7 -0.14 -0.7
vn 0.59 -0.4 -0.7
vn 0.59 -0.4 -0.7
vn 0.4 -0.59 -0.7
vn 0.14 -0.7 -0.7
vn 0.19 0.69 -0.69
vn 0.51 0.51 -0.69
vn 0.69 0.19 -0.69
vn 0.69 -0.19 -0.69
vn 0.51 -0.51 -0.69
vn 0.19 -0.69 -0.69
vn 0.19 -0.69 -0.69
vn -0.24 -0.97 0
vn -0.68 -0.74 0
vn -0.95 -0.33 0
vn -0.23 -0.97 0
vn -0.1 0.45 0.89
vn -0.31 0.95 0.05
vn -0.28 0.95 0.14
vn -0.22 0.95 0.22
vn -0.46 0.76 0.46
vn -0.31 0.95 -0.05
vn -0.28 0.95 -0.14
vn -0.22 0.95 -0.22
vn -0.14 0.95 -0.28
vn -0.05 0.95 -0.31
vn -0.58 0.76 0.3
vn -0.65 0.76 0.1
vn -0.65 0.76 -0.1
vn -0.58 0.76 -0.3
vn -0.46 0.76 -0.46
vn -0.3 0.76 -0.58
vn -0.1 0.76 -0.65
vn -0.24 0.45 0.86
vn -0.13 0.52 0.85
vn -0.1 0.76 0.65
vn -0.05 0.95 0.31
vn -0.14 0.95 0.28
vn -0.3 0.76 0.58
vn -0.41 0.45 0.8
vn -0.62 0.49 0.62
vn -0.54 0.45 0.71
vn -0.83 0.45 -0.33
vn -0.88 0.45 -0.14
vn -0.88 0.45 0.14
vn -0.83 0.45 0.33
vn -0.76 0.53 0.39
vn -0.77 0.45 0.46
vn -0.64 0.45 0.62
vn -0.7 0.57 -0.42
vn -0.8 0.45 -0.41
vn -0.64 0.45 -0.62
vn -0.62 0.49 -0.62
vn -0.54 0.45 -0.71
vn -0.41 0.45 -0.8
vn -0.41 0.45 -0.8
vn -0.14 0.45 -0.88
vn -0.09 0.54 -0.84
vn -0.24 0.45 -0.86
vn -0.99 -0 -0.11
vn -0.96 0.23 -0.15
vn -0.96 -0.02 -0.28
vn -0.92 0.04 -0.38
vn -0.93 -0 -0.37
vn -0.86 -0 -0.51
vn -0.68 -0.5 -0.54
vn -0.72 -0 -0.69
vn -0.61 -0 -0.8
vn -0.53 -0.1 -0.84
vn -0.44 0.28 -0.86
vn -0.38 0.04 -0.92
vn -0.28 -0.02 -0.96
vn -0.27 -0 -0.96
vn -0.11 -0 -0.99
vn 0.11 0 -0.99
vn 0.28 -0 -0.96
vn 0.27 -0.03 -0.96
vn 0.38 0.04 -0.92
vn 0.44 0.28 -0.86
vn 0.53 -0.1 -0.84
vn 0.99 -0 -0.16
vn 0.61 -0 -0.8
vn 0.72 -0 -0.69
vn 0.68 -0.5 -0.54
vn 0.86 -0 -0.51
vn 0.92 -0 -0.38
vn 0.93 0.03 -0.37
vn 0.96 -0.02 -0.28
vn 0.94 0.32 -0.11
vn -0.24 -0.97 -0.04
vn -0.18 -0.97 -0.17
vn -0.19 -0.97 -0.15
vn -0.24 -0.96 -0.14
vn -0.23 -0.97 -0.12
vn -0.22 -0.97 -0.05
vn -0.17 -0.96 -0.23
vn -0.16 -0.97 -0.19
vn -0.08 -0.97 -0.23
vn 0 -0.97 -0.25
vn 0.08 -0.97 -0.23
vn 0.16 -0.97 -0.19
vn 0.21 -0.97 -0.12
vn 0.24 -0.97 -0.04
vn -0.93 -0.32 -0.16
vn -0.93 -0.32 -0.16
vn -0.61 -0.32 -0.73
vn -0.61 -0.32 -0.73
vn -0.8 -0.32 -0.5
vn -0.79 -0.42 -0.45
vn -0.86 -0.34 -0.37
vn -0.88 -0.33 -0.34
vn -0.43 -0.33 -0.84
vn -0.36 -0.39 -0.85
vn -0.31 -0.45 -0.84
vn -0.26 -0.33 -0.91
vn 0 -0.32 -0.95
vn -0.07 -0.56 -0.83
vn 0.08 -0.33 -0.94
vn 0.32 -0.32 -0.89
vn 0.23 -0.52 -0.82
vn 0.36 -0.39 -0.85
vn 0.43 -0.33 -0.84
vn 0.61 -0.32 -0.73
vn 0.61 -0.32 -0.73
vn 0.82 -0.32 -0.47
vn 0.76 -0.44 -0.48
vn 0.93 -0.32 -0.16
vn 0.93 -0.32 -0.16
vn 0.88 -0.33 -0.34
vn 0.87 -0.34 -0.37
vn 0.67 -0.73 -0.12
vn 0.59 -0.73 -0.34
vn 0.44 -0.73 -0.52
vn 0.23 -0.73 -0.64
vn 0 -0.73 -0.68
vn -0.23 -0.73 -0.64
vn -0.44 -0.73 -0.52
vn -0.59 -0.73 -0.34
vn -0.67 -0.73 -0.12
vn 1 0 0.05
vn 0.79 0.6 0.15
vn 0.96 0.2 0.18
vn 0.98 0.02 0.21
vn 0.98 0.09 0.19
vn 0.98 0.03 0.17
vn 0.98 0.07 0.18
vn -0.99 0 0.16
vn -0.99 -0.03 0.16
vn -0.02 1 -0
vn -0.03 1 -0.01
vn -0.03 1 -0
vn -0.02 1 0
vn -0.02 1 0
vn -0.02 1 0.01
vn -1 0 0.07
vn -1 -0.01 0.07
vn 0.1 0.45 -0.89
vn 0.31 0.95 -0.05
vn 0.28 0.95 -0.14
vn 0.22 0.95 -0.22
vn 0.46 0.76 -0.46
vn 0.31 0.95 0.05
vn 0.28 0.95 0.14
vn 0.22 0.95 0.22
vn 0.14 0.95 0.28
vn 0.05 0.95 0.31
vn 0.58 0.76 -0.3
vn 0.65 0.76 -0.1
vn 0.65 0.76 0.1
vn 0.58 0.76 0.3
vn 0.46 0.76 0.46
vn 0.3 0.76 0.58
vn 0.1 0.76 0.65
vn 0.24 0.45 -0.86
vn 0.13 0.52 -0.85
vn 0.1 0.76 -0.65
vn 0.05 0.95 -0.31
vn 0.14 0.95 -0.28
vn 0.3 0.76 -0.58
vn 0.41 0.45 -0.8
vn 0.62 0.49 -0.62
vn 0.54 0.45 -0.71
vn 0.83 0.45 0.33
vn 0.88 0.45 0.14
vn 0.88 0.45 -0.14
vn 0.83 0.45 -0.33
vn 0.76 0.53 -0.39
vn 0.77 0.45 -0.46
vn 0.64 0.45 -0.62
vn 0.7 0.57 0.42
vn 0.8 0.45 0.41
vn 0.64 0.45 0.62
vn 0.62 0.49 0.62
vn 0.54 0.45 0.71
vn 0.41 0.45 0.8
vn 0.14 0.45 0.88
vn 0.09 0.54 0.84
vn 0.24 0.45 0.86
vn 0.99 0 0.11
vn 0.96 0.23 0.15
vn 0.96 -0.02 0.28
vn 0.92 0.04 0.38
vn 0.93 0 0.37
vn 0.86 0 0.51
vn 0.68 -0.5 0.54
vn 0.72 0 0.69
vn 0.61 0 0.8
vn 0.53 -0.1 0.84
vn 0.44 0.28 0.86
vn 0.38 0.04 0.92
vn 0.28 -0.02 0.96
vn 0.27 0 0.96
vn 0.11 0 0.99
vn -0.11 -0 0.99
vn -0.28 0 0.96
vn -0.27 -0.03 0.96
vn -0.38 0.04 0.92
vn -0.44 0.28 0.86
vn -0.53 -0.1 0.84
vn -0.99 0 0.16
vn -0.61 0 0.8
vn -0.72 0 0.69
vn -0.68 -0.5 0.54
vn -0.86 0 0.51
vn -0.92 0 0.38
vn -0.93 0.03 0.37
vn -0.96 -0.02 0.28
vn -0.94 0.32 0.11
vn 0.24 -0.97 0.04
vn 0.21 -0.97 0.12
vn 0.16 -0.97 0.19
vn 0.08 -0.97 0.23
vn 0 -0.97 0.25
vn 0.03 -0.94 0.34
vn -0.06 -0.98 0.17
vn -0.07 -0.95 0.29
vn -0.14 -0.98 0.17
vn -0.15 -0.97 0.18
vn -0.22 -0.97 0.13
vn -0.18 -0.98 0.08
vn -0.28 -0.96 0.05
vn -0.24 -0.97 0.02
vn 0.93 -0.32 0.16
vn 0.61 -0.32 0.73
vn 0.8 -0.32 0.5
vn 0.79 -0.42 0.45
vn 0.86 -0.34 0.37
vn 0.88 -0.33 0.34
vn 0.43 -0.33 0.84
vn 0.36 -0.39 0.85
vn 0.31 -0.45 0.84
vn 0.26 -0.33 0.91
vn 0 -0.32 0.95
vn 0.07 -0.56 0.83
vn -0.08 -0.33 0.94
vn -0.32 -0.32 0.89
vn -0.23 -0.52 0.82
vn -0.36 -0.39 0.85
vn -0.43 -0.33 0.84
vn -0.61 -0.32 0.73
vn -0.82 -0.32 0.47
vn -0.76 -0.44 0.48
vn -0.93 -0.32 0.16
vn -0.88 -0.33 0.34
vn -0.87 -0.34 0.37
vn -0.67 -0.73 0.12
vn -0.59 -0.73 0.34
vn -0.44 -0.73 0.52
vn -0.23 -0.73 0.64
vn 0 -0.73 0.68
vn 0.23 -0.73 0.64
vn 0.44 -0.73 0.52
vn 0.59 -0.73 0.34
vn 0.67 -0.73 0.12
vn -0.89 -0.33 0.32
vn -0.86 -0.4 0.32
vn -0.8 -0.52 0.29
vn -0.67 -0.7 0.24
vn -0.6 -0.77 0.24
vn -0.13 -0.99 0.05
vn -0.22 -0.97 0.1
vn -0.35 -0.93 0.13
vn -0.5 -0.85 0.18
vn -0.32 0.16 -0.93
vn 0.27 0.33 -0.9
vn 0.28 0.09 -0.96
vn 0.27 0.03 -0.96
vn 0.22 0.02 -0.98
vn 0.27 0.01 -0.96
vn 0.23 -0.08 -0.97
vn 0.1 0.05 -0.99
vn 0.05 -0 -1
vn -0.09 0 -1
vn -0.06 0.08 -1
vn -0.23 0.02 -0.97
vn -0.23 -0.06 -0.97
vn -0.27 0.01 -0.96
vn -0.23 -0.12 -0.96
vn -0.32 0.01 -0.95
vn -0.32 0.03 -0.95
vn 0.05 -1 0.02
vn 0.18 -0.98 0.09
vn 0.22 -0.97 0.08
vn 0.18 -0.98 0.09
vn 0.33 -0.93 0.13
vn 0.6 -0.77 0.22
vn 0.46 -0.86 0.22
vn 0.89 -0.33 0.32
vn 0.85 -0.4 0.33
vn 0.8 -0.52 0.3
vn 0.66 -0.71 0.24
vn -0.32 -0.33 -0.89
vn -0.32 -0.4 -0.86
vn -0.29 -0.52 -0.8
vn -0.24 -0.7 -0.67
vn -0.24 -0.77 -0.6
vn -0.05 -0.99 -0.13
vn -0.1 -0.97 -0.22
vn -0.13 -0.93 -0.35
vn -0.18 -0.85 -0.5
vn 0.93 0.16 -0.32
vn 0.96 0.01 -0.27
vn 0.99 -0 -0.12
vn 0.97 0.13 -0.2
vn 0.97 -0.24 -0.09
vn 0.96 0.01 -0.27
vn 0.96 -0.12 -0.24
vn 0.95 0.01 -0.32
vn 0.95 0.03 -0.32
vn -0.02 -1 0.05
vn -0.09 -0.98 0.18
vn -0.08 -0.97 0.22
vn -0.09 -0.98 0.18
vn -0.13 -0.93 0.33
vn -0.22 -0.77 0.6
vn -0.66 -0.31 0.68
vn -0.32 -0.38 0.87
vn -0.33 -0.55 0.77
vn -0.32 -0.4 0.86
vn -0.24 -0.71 0.66
vn -0.22 -0.86 0.46
vn 0.89 -0.33 -0.32
vn 0.86 -0.4 -0.32
vn 0.8 -0.52 -0.29
vn 0.67 -0.7 -0.24
vn 0.6 -0.77 -0.24
vn 0.13 -0.99 -0.05
vn 0.22 -0.97 -0.1
vn 0.35 -0.93 -0.13
vn 0.5 -0.85 -0.18
vn 0.32 0.16 0.93
vn -0.27 0.33 0.9
vn -0.28 0.09 0.96
vn -0.27 0.03 0.96
vn -0.22 0.02 0.98
vn -0.27 0.01 0.96
vn -0.23 -0.08 0.97
vn -0.1 0.05 0.99
vn -0.05 -0 1
vn 0.09 0 1
vn 0.06 0.08 1
vn 0.23 0.02 0.97
vn 0.23 -0.06 0.97
vn 0.27 0.01 0.96
vn 0.23 -0.12 0.96
vn 0.32 0.01 0.95
vn 0.32 0.03 0.95
vn -0.05 -1 -0.02
vn -0.18 -0.98 -0.09
vn -0.22 -0.97 -0.08
vn -0.18 -0.98 -0.09
vn -0.33 -0.93 -0.13
vn -0.6 -0.77 -0.22
vn -0.46 -0.86 -0.22
vn -0.89 -0.33 -0.32
vn -0.85 -0.4 -0.33
vn -0.8 -0.52 -0.3
vn -0.66 -0.71 -0.24
vn 0.32 -0.33 0.89
vn 0.32 -0.4 0.86
vn 0.29 -0.52 0.8
vn 0.24 -0.7 0.67
vn 0.24 -0.77 0.6
vn 0.05 -0.99 0.13
vn 0.1 -0.97 0.22
vn 0.13 -0.93 0.35
vn 0.18 -0.85 0.5
vn -0.93 0.16 0.32
vn -0.79 0.6 -0.15
vn -0.96 0.2 -0.18
vn -0.98 0.02 -0.21
vn -0.98 0.08 -0.19
vn -0.98 0.03 -0.17
vn -0.98 0.07 -0.18
vn -0.97 0.02 0.22
vn -1 -0.04 0.02
vn -0.97 0.11 0.19
vn -0.97 -0.24 0.09
vn -0.96 0.01 0.27
vn -0.96 -0.12 0.23
vn -0.95 0.01 0.32
vn -0.95 0.03 0.32
vn 0.02 -1 -0.05
vn 0.09 -0.98 -0.18
vn 0.08 -0.97 -0.22
vn 0.09 -0.98 -0.18
vn 0.13 -0.93 -0.34
vn 0.22 -0.77 -0.6
vn 0.22 -0.86 -0.46
vn 0.32 -0.33 -0.89
vn 0.33 -0.4 -0.85
vn 0.3 -0.52 -0.8
vn 0.24 -0.71 -0.67
vn -0.93 -0.17 0.34
vn -0.93 -0.17 0.34
vn 0.92 -0.17 0.34
vn -0.99 -0 -0.16
vn -0.99 -0.03 -0.16
vn -0.34 -0.17 -0.93
vn -0.34 -0.17 -0.93
vn -0.34 -0.17 -0.93
vn -0.34 -0.17 -0.93
vn -0.34 -0.17 0.92
vn -0.34 -0.17 0.92
vn -0.34 -0.17 0.92
vn -0.34 -0.17 0.92
vn 0.93 -0.17 -0.34
vn -0.92 -0.17 -0.34
vn 0.34 -0.17 0.93
vn 0.34 -0.17 0.93
vn 0.34 -0.17 0.93
vn 0.34 -0.17 0.93
vn 0.34 -0.17 -0.92
vn 0.34 -0.17 -0.92
vn 0.34 -0.17 -0.92
vn 0.34 -0.17 -0.92
vn 0.05 -1 -0.05
vn 0.07 -1 -0.02
vn 0.07 -1 0.02
vn -0.05 -1 0.05
vn 0 -1 -0.09
vn -0.05 -1 -0.05
vn -0.09 -1 0
vn 0.05 -1 0.05
vn 0.02 -1 0.07
vn -0.02 -1 0.07
vn 0.02 1 -0
vn 0.03 1 -0.01
vn 0.01 1 0.01
vn 0.03 1 -0.01
vn 0.03 1 0.01
vn 0.03 1 0
vn 0.02 1 0
vn 0.01 1 0
vn 0.02 1 -0
vn 0.02 1 -0
vn 0.02 1 -0.01
vn -0.02 1 -0
vn -0.02 1 -0
vn -0.02 1 0
vn -0.03 1 0.01
vn -0.01 1 -0.01
vn -0.03 1 0.01
vn -0.55 -0.16 -0.82
vn -0.51 -0.15 -0.85
vn -0.68 -0.14 -0.72
vn -0.84 -0.12 -0.53
vn -0.86 -0.1 -0.5
vn -0.99 -0.06 -0.12
vn -1 -0.04 -0.09
vn -1 -0.04 0.06
vn -1 -0.04 0.06
vn -0.88 -0.1 0.46
vn -0.87 -0.12 0.49
vn -0.96 -0.07 0.25
vn -0.73 -0.14 0.67
vn -0.54 -0.15 0.83
vn -0.56 -0.16 0.81
vn 0.55 -0.16 0.82
vn 0.51 -0.15 0.85
vn 0.68 -0.14 0.72
vn 0.84 -0.12 0.53
vn 0.86 -0.1 0.51
vn 0.99 -0.06 0.12
vn 0.99 -0.04 0.09
vn 1 -0.04 -0.06
vn 1 -0.04 -0.06
vn 0.88 -0.1 -0.46
vn 0.87 -0.12 -0.49
vn 0.96 -0.07 -0.25
vn 0.73 -0.14 -0.67
vn 0.54 -0.15 -0.83
vn 0.56 -0.16 -0.81
vn 1 -0.01 -0.08
vn 1 -0.01 -0.08
vn 1 0.01 0.06
vn 1 -0.02 0.06
vn -1 -0.01 -0.07
vn -1 0 -0.07
vn -1 -0 -0
vn 0.27 -0.13 0.96
vn 0.24 -0.49 0.84
vn 0.26 -0.05 0.96
vn 0.26 -0.02 0.97
vn 0.26 -0.03 0.96
vn -0.27 -0.08 0.96
vn -0.26 -0.04 0.96
vn 0.26 -0.01 0.97
vn 0.16 0.28 0.95
vn 0.09 -0 1
vn -0.09 0 1
vn -0.17 -0.03 0.98
vn -0.17 0.32 0.93
vn -0.26 -0.03 0.96
vn -0.26 -0.02 0.96
vn -0.27 -0.13 0.96
vn -0.26 -0.22 0.94
vn -0.23 -0.53 0.82
vn 0.99 -0.03 0.16
vn 0.99 0 0.17
vn 0.99 -0 -0.16
vn 0.99 -0.03 -0.16
vn 0.93 -0.09 0.36
vn 0.93 -0.07 -0.36
vn 0.94 -0 -0.35
vn 0.98 0.06 -0.17
vn 0.98 -0.11 -0.18
vn 0.99 -0.03 -0.17
vn 0.99 0 -0.17
vn 0.98 -0.06 -0.18
vn 0.98 -0.05 -0.18
vn 0.99 -0 0.17
vn 0.98 -0.03 0.17
vn 0.98 -0.06 0.18
vn 0.94 -0.02 0.35
vn 0.98 -0.05 0.18
vn 0.98 -0.09 0.18
vn 0.98 0.05 0.17
vn 0.94 -0 0.35
vn 0.94 -0 0.35
vn -0.27 -0.13 -0.96
vn -0.24 -0.49 -0.84
vn -0.26 -0.05 -0.96
vn -0.26 -0.02 -0.97
vn -0.26 -0.03 -0.96
vn 0.27 -0.08 -0.96
vn 0.26 -0.04 -0.96
vn -0.26 -0.01 -0.97
vn -0.16 0.28 -0.94
vn -0.09 0 -1
vn 0.09 -0 -1
vn 0.17 -0.03 -0.98
vn 0.17 0.32 -0.93
vn 0.26 -0.03 -0.96
vn 0.26 -0.03 -0.96
vn 0.27 -0.13 -0.96
vn 0.26 -0.22 -0.94
vn 0.23 -0.54 -0.81
vn -0.93 -0.09 -0.36
vn -1 -0 -0
vn -0.98 -0.06 -0.18
vn -0.99 -0 -0.17
vn -0.98 -0.03 -0.17
vn -0.94 -0.02 -0.35
vn -0.98 -0.05 -0.18
vn -0.98 -0.09 -0.18
vn -0.98 0.05 -0.17
vn -0.94 -0 -0.35
vn -0.94 -0 -0.35
vn -0.93 -0.07 0.36
vn -0.94 -0 0.35
vn -0.98 0.06 0.17
vn -0.98 -0.11 0.18
vn -0.99 -0.03 0.17
vn -0.99 0 0.17
vn -0.98 -0.06 0.18
vn -0.98 -0.05 0.18
vn -0.99 0 0.15
vn -0.97 0.21 0.12
vn -0.96 0 0.27
vn -0.94 0 0.34
vn -0.94 -0 0.33
vn -0.94 -0 0.33
vn 0.17 0.19 -0.97
vn 0.33 0.17 -0.93
vn 0.15 0.49 -0.86
vn 0.14 0.55 -0.82
vn 0.15 0.49 -0.86
vn -0.2 0.98 0.04
vn -0.15 0.99 0.03
vn -0.55 0.83 0.1
vn -0.44 0.9 0.08
vn 0.02 0.98 0.19
vn 0.02 0.98 0.17
vn 0.06 0.98 0.21
vn 0.04 0.99 0.16
vn 0.05 0.83 0.55
vn 0.05 0.85 0.52
vn 0.15 0.81 0.57
vn 0.13 0.87 0.48
vn -0.51 0.69 -0.51
vn -0.69 0.69 -0.19
vn -0.69 0.69 0.19
vn -0.51 0.69 0.51
vn -0.19 0.69 0.69
vn -0.97 -0 -0.26
vn -0.71 -0 -0.71
vn -0.26 -0 -0.97
vn 0.26 -0 -0.97
vn 0.71 -0 -0.71
vn 0.97 -0 -0.26
vn -0.99 -0 -0.15
vn -0.96 0.21 -0.17
vn -1 -0 -0.03
vn -0.72 0 -0.7
vn -0.72 -0 -0.7
vn -0.72 0 -0.7
vn -0.46 -0.05 0.88
vn -0.46 -0.01 0.89
vn -0.4 -0 0.92
vn -0.39 -0 0.92
vn -0.38 0 0.93
vn -0.38 -0 0.92
vn -0.38 -0 0.92
vn -0.39 0 0.92
vn -0.4 -0 0.92
vn -0.42 -0.01 0.91
vn -0.44 -0.03 0.9
vn -0.46 -0.01 0.89
vn -0.41 0.03 0.91
vn -0.43 -0.01 0.9
vn -0.43 -0.02 0.9
vn -0.45 0 0.89
vn 0.69 0 0.72
vn 0.69 -0 0.72
vn 0.69 0 0.72
vn -0.7 0 0.72
vn -0.7 -0 0.72
vn 0.9 -0.01 0.43
vn 0.93 0 0.38
vn 0.92 -0 0.4
vn 0.92 -0 0.39
vn 0.92 -0 0.4
vn 0.92 -0 0.38
vn 0.92 -0 0.38
vn 0.92 0 0.39
vn 0.89 0 0.45
vn 0.9 -0.01 0.43
vn 0.9 -0.02 0.44
vn 0.91 -0.01 0.42
vn 0.9 -0.02 0.43
vn 0.9 -0.03 0.44
vn 0.89 -0.07 0.45
vn 0.88 -0.11 0.47
vn 0.86 -0.18 0.48
vn 0.87 -0.15 0.48
vn 0.81 0.11 0.58
vn 0.71 -0.28 0.65
vn 0.47 0.7 0.54
vn 0.72 0 -0.69
vn 0.72 0 -0.69
vn 0.97 -0 -0.24
vn 0.88 0.47 -0.06
vn 0.96 -0.24 -0.14
vn 0.97 0.17 0.15
vn 0.98 0 0.18
vn 0.72 0 0.7
vn 0.72 0 0.7
vn 0.72 -0 0.7
vn 0.46 -0.05 -0.88
vn 0.46 -0.01 -0.89
vn 0.4 -0 -0.92
vn 0.39 -0 -0.92
vn 0.38 -0 -0.93
vn 0.38 -0 -0.92
vn 0.38 -0 -0.92
vn 0.39 0 -0.92
vn 0.4 -0 -0.92
vn 0.42 -0.01 -0.91
vn 0.44 -0.03 -0.9
vn 0.46 -0.01 -0.89
vn 0.41 0.03 -0.91
vn 0.43 -0.01 -0.9
vn 0.43 -0.02 -0.9
vn 0.45 0 -0.89
vn -0.69 0 -0.72
vn -0.69 -0 -0.72
vn -0.69 0 -0.72
vn 0.7 0 -0.72
vn 0.7 -0 -0.72
vn 0.7 0 -0.72
vn -0.9 -0.01 -0.43
vn -0.93 -0 -0.38
vn -0.92 -0 -0.4
vn -0.92 -0 -0.39
vn -0.92 -0 -0.4
vn -0.92 -0 -0.38
vn -0.92 -0 -0.38
vn -0.92 0 -0.39
vn -0.89 0 -0.45
vn -0.9 -0.01 -0.43
vn -0.9 -0.02 -0.44
vn -0.91 -0.01 -0.42
vn -0.9 -0.02 -0.43
vn -0.9 -0.03 -0.44
vn -0.89 -0.07 -0.45
vn -0.88 -0.11 -0.47
vn -0.86 -0.18 -0.48
vn -0.87 -0.15 -0.48
vn -0.81 0.11 -0.58
vn -0.71 -0.28 -0.65
vn -0.47 0.7 -0.54
vn -0.72 0 0.69
vn -0.72 0 0.69
vn -0.72 -0 0.69
vn -0.65 0.54 -0.54
vn -0.64 0.54 -0.54
vn -0.52 0.73 -0.44
vn -0.41 0.84 -0.35
vn 0.55 0.52 0.66
vn 0.57 0.45 0.69
vn 0.05 1 0.06
vn 0.16 0.97 0.18
vn 0.51 0.62 0.6
vn 0.39 0.79 0.47
vn 0.37 0.82 0.44
vn 0.18 0.96 0.2
vn 0.52 0.72 -0.46
vn 0.42 0.83 -0.36
vn 0.65 0.53 -0.54
vn 0.65 0.54 -0.54
vn -0.54 0.55 0.64
vn -0.56 0.52 0.65
vn -0.37 0.82 0.44
vn -0.04 1 0.05
vn -0.08 0.99 0.09
vn -0.16 0.97 0.2
vn -0.2 0.95 0.24
vn -0.35 0.84 0.41
vn 0.64 0.54 0.54
vn 0.65 0.54 0.54
vn 0.52 0.73 0.44
vn 0.41 0.84 0.35
vn -0.55 0.52 -0.66
vn -0.57 0.45 -0.69
vn -0.15 0.97 -0.18
vn -0.12 0.98 -0.13
vn -0.5 0.62 -0.6
vn -0.39 0.79 -0.47
vn -0.36 0.82 -0.44
vn -0.24 0.93 -0.28
vn 0.2 0.95 -0.24
vn 0.12 0.98 -0.15
vn 0.08 0.99 -0.09
vn 0.56 0.52 -0.65
vn 0.54 0.55 -0.64
vn 0.47 0.68 -0.56
vn 0.43 0.74 -0.51
vn 0.35 0.84 -0.41
vn 0.33 0.86 -0.39
vn 0.25 0.92 -0.29
vn -0.66 0.5 0.56
vn -0.64 0.54 0.54
vn -0.57 0.67 0.48
vn -0.42 0.83 0.36
vn -0.52 0.72 0.46
vn -0 1 0
vn -0 1 -0
vn -0.94 -0 -0.34
vn -0.94 -0 -0.34
vn -0.94 -0 -0.33
vn -0.72 0.34 -0.61
vn -0.72 0.34 -0.61
vn -0.49 0.63 0.6
vn -0.49 0.66 0.56
vn -0.62 0.67 0.41
vn -0.65 0.71 0.28
vn -0.72 0.65 0.24
vn -0.73 0.67 0.09
vn -0.76 0.65 -0
vn -0.67 0.71 -0.22
vn -0.77 0.49 -0.41
vn -0.35 0.7 -0.62
vn -0.72 0.5 -0.48
vn -0.62 0.72 -0.32
vn -0.77 0.63 -0.11
vn -0.8 0.59 -0.09
vn -0.68 0.68 -0.28
vn -0.56 0.77 -0.31
vn -0.62 0.54 -0.57
vn 0.6 0.34 0.72
vn -0.68 0.64 0.36
vn -0.39 0.68 0.62
vn -0.16 0.96 0.24
vn -0.04 0.97 0.24
vn -0.15 0.93 0.32
vn -0.18 0.93 0.31
vn -0.49 0.86 0.14
vn 0.06 0.95 0.3
vn 0.19 0.86 0.47
vn 0.8 0.59 -0.13
vn -0.54 0.73 0.42
vn -0.34 0.76 0.55
vn -0.24 0.8 0.55
vn -0.03 0.71 0.7
vn 0.16 0.75 0.65
vn 0.28 0.68 0.67
vn 0.25 0.69 0.67
vn 0.49 0.51 0.7
vn -0.12 0.99 0.08
vn -0.01 1 0.05
vn -0.05 1 0.08
vn -0.26 0.95 0.16
vn -0.01 1 0.01
vn -0.16 0.97 0.16
vn -0.08 0.99 0.06
vn -0.4 0.87 0.3
vn -0.62 0.63 0.46
vn -0.62 0.63 0.46
vn -0.46 0.63 0.62
vn -0.46 0.63 0.62
vn -0.21 0.94 0.27
vn -0.22 0.93 0.29
vn -0.33 0.87 0.37
vn -0.15 0.98 0.16
vn -0.09 0.99 0.12
vn -0.34 0 0.94
vn -0.34 -0 0.94
vn -0.33 0 0.94
vn -0.33 -0 0.94
vn 0.72 0.34 -0.6
vn 0.72 0.34 -0.6
vn 0.87 0.32 0.39
vn 0.67 0.72 -0.2
vn 0.91 0.24 -0.33
vn 0.66 0.53 -0.53
vn 0.63 0.75 0.21
vn 0.72 0.67 0.17
vn 0.79 0.61 -0.05
vn 0.36 0.64 0.68
vn 0.36 0.64 0.68
vn 0.49 0.67 0.56
vn 0.48 0.68 0.56
vn 0.65 0.66 0.38
vn 0.65 0.71 -0.28
vn 0.65 0.68 -0.34
vn 0.8 0.58 -0.13
vn 0.74 0.67 -0.09
vn 0.68 0.73 0.07
vn 0.02 1 0.02
vn 0.46 0.63 0.62
vn 0.62 0.63 0.47
vn 0.25 0.95 0.19
vn 0.4 0.87 0.3
vn 0.06 0.99 0.08
vn 0.46 0.63 0.62
vn 0.21 0.94 0.28
vn 0.33 0.87 0.38
vn 0.16 0.97 0.17
vn 0.1 0.99 0.12
vn 0.02 1 0.06
vn 0.16 0.97 0.17
vn 0.08 0.99 0.06
vn 0.13 0.99 0.09
vn -0.61 0.34 0.72
vn 0.48 0.86 0.15
vn 0.17 0.93 0.33
vn 0.17 0.93 0.33
vn -0.46 0.62 0.64
vn -0.24 0.7 0.68
vn -0.14 0.75 0.64
vn 0.12 0.72 0.69
vn 0.25 0.79 0.56
vn 0.39 0.75 0.53
vn 0.45 0.74 0.5
vn 0.61 0.63 0.47
vn -0.62 0.51 0.59
vn -0.03 0.56 0.83
vn -0.7 0.71 0.06
vn -0.17 0.87 0.46
vn -0.04 0.96 0.29
vn 0.07 0.96 0.27
vn 0.09 0.98 0.16
vn 0.94 -0 -0.34
vn 0.94 -0 -0.33
vn 0.94 -0 -0.33
vn 0.72 0.34 0.61
vn 0.51 0.83 -0.21
vn 0.4 0.64 -0.66
vn 0.48 0.69 -0.54
vn 0.59 0.64 -0.49
vn 0.63 0.68 -0.37
vn 0.73 0.63 -0.28
vn 0.71 0.68 -0.19
vn 0.76 0.65 -0.04
vn 0.72 0.69 0.03
vn 0.61 0.65 0.46
vn 0.7 0.58 0.41
vn 0.57 0.53 0.62
vn 0.83 0.52 0.19
vn 0.74 0.67 0.1
vn 0.66 0.68 0.33
vn 0.62 0.72 0.32
vn -0.6 0.34 -0.72
vn -0.6 0.34 -0.72
vn 0.01 0.97 -0.24
vn 0.59 0.78 -0.2
vn 0.37 0.84 -0.38
vn 0.33 0.85 -0.41
vn 0.63 0.63 -0.45
vn -0.47 0.81 -0.34
vn -0.1 0.92 -0.38
vn -0.03 0.92 -0.39
vn 0.03 0.95 -0.3
vn 0.15 0.94 -0.32
vn 0.25 0.69 -0.68
vn -0.12 0.76 -0.64
vn -0.08 0.75 -0.66
vn -0.24 0.71 -0.66
vn -0.25 0.71 -0.66
vn -0.36 0.6 -0.71
vn -0.56 0.52 -0.64
vn 0.6 0.62 -0.5
vn 0.41 0.62 -0.67
vn 0.05 0.91 -0.41
vn 0.11 0.99 -0.07
vn 0.01 1 -0.05
vn 0.05 1 -0.08
vn 0.25 0.96 -0.15
vn 0.01 1 -0.01
vn 0.16 0.97 -0.16
vn 0.08 0.99 -0.06
vn 0.4 0.87 -0.3
vn 0.4 0.87 -0.3
vn 0.62 0.63 -0.46
vn 0.46 0.63 -0.62
vn 0.46 0.63 -0.62
vn 0.21 0.94 -0.27
vn 0.22 0.93 -0.29
vn 0.33 0.87 -0.37
vn 0.15 0.98 -0.16
vn 0.09 0.99 -0.12
vn -0.33 -0 -0.94
vn -0.33 -0 -0.94
vn -0.34 -0 -0.94
vn -0.33 0 -0.94
vn 0.61 0.34 -0.72
vn 0.61 0.34 -0.72
vn 0.54 0.55 -0.64
vn -0.59 0.63 -0.5
vn -0.52 0.69 -0.5
vn 0.21 0.59 -0.78
vn 0.05 0.66 -0.75
vn -0.06 0.76 -0.65
vn -0.05 0.76 -0.65
vn -0.12 0.77 -0.63
vn -0.27 0.66 -0.7
vn -0.4 0.65 -0.65
vn 0.62 0.51 -0.59
vn 0.35 0.57 -0.74
vn 0.45 0.68 -0.57
vn 0.44 0.74 -0.51
vn 0.42 0.58 -0.7
vn 0.34 0.63 -0.7
vn 0.28 0.76 -0.59
vn 0.17 0.83 -0.53
vn 0.18 0.85 -0.5
vn 0.12 0.91 -0.39
vn -0.01 0.97 -0.25
vn 0.01 0.98 -0.21
vn -0.16 0.94 -0.3
vn -0.3 0.86 -0.41
vn -0.33 0.86 -0.4
vn -0.47 0.75 -0.47
vn -0.72 0.34 0.6
vn -0.72 0.34 0.6
vn -0.74 0.67 0.09
vn -0.73 0.69 0.05
vn -0.75 0.66 -0.02
vn -0.62 0.72 0.32
vn -0.75 0.56 0.35
vn -0.7 0.65 0.28
vn -0.6 0.78 0.19
vn -0.77 0.49 0.41
vn -0.71 0.68 -0.19
vn -0.79 0.61 -0.12
vn -0.62 0.73 -0.29
vn -0.65 0.71 -0.28
vn -0.6 0.63 -0.49
vn -0.35 0.74 -0.58
vn -0.49 0.67 -0.56
vn -0.36 0.64 -0.68
vn -0.93 0.17 -0.33
vn -0.86 0.49 -0.15
vn -0.82 0.55 -0.15
vn -0.82 0.55 0.14
vn -0.83 0.53 0.14
vn -0.86 0.49 -0.15
vn -0.97 0.19 -0.17
vn -0.97 0.19 0.17
vn -0.87 0.47 0.15
vn -0.92 0.21 0.33
vn -0.73 0.35 -0.59
vn -0.83 0.55 -0.09
vn -0.72 0.62 0.31
vn -0.71 0.62 0.33
vn -0.57 0.56 0.6
vn -0.41 0.55 0.73
vn -0.78 0.43 -0.46
vn -0.82 0.53 -0.21
vn -0.78 0.63 0.03
vn -0.8 0.44 -0.4
vn -0.78 0.43 -0.47
vn -0.83 0.53 -0.17
vn -0.84 0.54 -0.09
vn -0.81 0.58 0.02
vn -0.76 0.61 0.25
vn -0.73 0.59 0.34
vn -0.68 0.6 0.43
vn -0.49 0.55 0.67
vn -0.54 0.56 0.63
vn -0.15 0.98 -0.12
vn -0.11 0.99 -0.1
vn -0.13 0.99 -0.11
vn -0.37 0.88 -0.31
vn -0.38 0.87 -0.31
vn -0.67 0.48 -0.57
vn -0.64 0.56 -0.53
vn -0.59 0.64 -0.49
vn -0.51 0.75 -0.43
vn -0.67 0.55 0.5
vn -0.23 0.61 0.76
vn 0.04 0.58 0.82
vn 0.09 0.58 0.81
vn 0.33 0.47 0.82
vn 0.52 0.43 0.74
vn -0.66 0.55 0.51
vn -0.61 0.56 0.57
vn -0.73 0.52 0.45
vn -0.44 0.6 0.67
vn -0.33 0.63 0.71
vn -0.34 0.6 0.72
vn -0.41 0.58 0.71
vn -0.06 0.61 0.79
vn 0.09 0.54 0.83
vn 0.24 0.52 0.82
vn 0.45 0.43 0.78
vn 0.47 0.42 0.78
vn 0.15 0.97 0.19
vn 0.57 0.46 0.68
vn 0.55 0.52 0.66
vn 0.5 0.62 0.6
vn 0.39 0.79 0.47
vn 0.42 0.75 0.51
vn 0.31 0.88 0.37
vn 0.14 0.97 0.17
vn 0.12 0.98 0.15
vn -0.5 0.54 0.67
vn -0.51 0.49 0.71
vn -0.7 0.5 0.52
vn -0.69 0.54 0.49
vn 0.33 0.21 0.92
vn 0.14 0.53 0.83
vn 0.15 0.47 0.87
vn 0.17 0.19 0.97
vn -0.17 0.19 0.97
vn -0.15 0.49 0.86
vn -0.33 0.17 0.93
vn 0.15 0.49 0.86
vn -0 0.56 0.83
vn -0.15 0.55 0.82
vn -0.15 0.49 0.86
vn 0.45 0.52 0.73
vn 0.81 0.58 -0.09
vn 0.82 0.47 -0.33
vn 0.74 0.43 -0.52
vn 0.5 0.55 0.67
vn 0.67 0.6 0.44
vn 0.71 0.63 0.33
vn 0.76 0.61 0.23
vn 0.82 0.58 -0.04
vn 0.57 0.56 0.6
vn 0.5 0.55 0.67
vn 0.69 0.6 0.4
vn 0.73 0.59 0.34
vn 0.77 0.6 0.2
vn 0.83 0.55 -0.09
vn 0.83 0.55 -0.03
vn 0.75 0.43 -0.51
vn 0.8 0.45 -0.4
vn 0.19 0.97 -0.15
vn 0.68 0.46 -0.57
vn 0.66 0.52 -0.55
vn 0.6 0.62 -0.5
vn 0.47 0.79 -0.39
vn 0.51 0.75 -0.42
vn 0.37 0.88 -0.31
vn 0.17 0.97 -0.14
vn 0.15 0.98 -0.12
vn 0.67 0.54 0.5
vn 0.71 0.49 0.51
vn 0.52 0.5 0.7
vn 0.49 0.54 0.69
vn -0.59 0.35 0.73
vn -0.21 0.53 0.82
vn 0.73 0.55 0.41
vn 0.6 0.56 0.57
vn 0.33 0.62 0.71
vn 0.31 0.62 0.72
vn -0.46 0.43 0.78
vn -0.45 0.43 0.78
vn -0.42 0.44 0.8
vn 0.03 0.63 0.78
vn -0.09 0.55 0.83
vn -0.09 0.56 0.82
vn -0.18 0.5 0.85
vn 0.15 0.62 0.77
vn 0.34 0.59 0.73
vn 0.45 0.6 0.67
vn 0.66 0.55 0.51
vn 0.64 0.55 0.53
vn -0.12 0.98 0.15
vn -0.1 0.99 0.11
vn -0.11 0.99 0.13
vn -0.31 0.88 0.37
vn -0.31 0.87 0.38
vn -0.57 0.48 0.67
vn -0.53 0.56 0.64
vn -0.49 0.64 0.59
vn -0.43 0.75 0.51
vn 0.93 0.17 0.33
vn 0.86 0.49 0.15
vn 0.86 0.49 0.15
vn 0.82 0.55 0.15
vn 0.82 0.55 -0.14
vn 0.83 0.53 -0.14
vn 0.97 0.19 0.17
vn 0.98 0.2 0
vn 0.95 0.27 -0.16
vn 0.87 0.47 -0.15
vn 0.92 0.21 -0.33
vn 0.73 0.35 0.59
vn 0.83 0.55 0.09
vn 0.72 0.62 -0.31
vn 0.71 0.62 -0.33
vn 0.57 0.56 -0.6
vn 0.41 0.55 -0.73
vn 0.78 0.43 0.46
vn 0.82 0.53 0.21
vn 0.78 0.63 -0.03
vn 0.8 0.44 0.41
vn 0.78 0.43 0.45
vn 0.83 0.53 0.19
vn 0.84 0.54 0.09
vn 0.8 0.59 -0.06
vn 0.73 0.6 -0.34
vn 0.76 0.58 -0.29
vn 0.52 0.55 -0.65
vn 0.49 0.52 -0.7
vn 0.62 0.59 -0.51
vn 0.15 0.98 0.12
vn 0.11 0.99 0.1
vn 0.13 0.99 0.11
vn 0.37 0.88 0.31
vn 0.38 0.87 0.31
vn 0.67 0.48 0.57
vn 0.64 0.56 0.53
vn 0.59 0.64 0.49
vn 0.51 0.75 0.43
vn 0.73 0.52 -0.45
vn -0.09 0.56 -0.83
vn -0.39 0.46 -0.8
vn -0.52 0.43 -0.74
vn 0.67 0.55 -0.5
vn 0.43 0.6 -0.67
vn 0.33 0.63 -0.71
vn 0.19 0.6 -0.78
vn -0.14 0.56 -0.81
vn 0.62 0.56 -0.56
vn 0.66 0.55 -0.52
vn 0.41 0.6 -0.68
vn 0.34 0.59 -0.73
vn 0.17 0.61 -0.78
vn -0.06 0.56 -0.83
vn -0.09 0.54 -0.83
vn -0.19 0.53 -0.83
vn -0.33 0.48 -0.81
vn -0.44 0.43 -0.79
vn -0.53 0.38 -0.75
vn -0.15 0.97 -0.19
vn -0.57 0.46 -0.68
vn -0.55 0.52 -0.65
vn -0.5 0.62 -0.6
vn -0.39 0.79 -0.47
vn -0.42 0.75 -0.51
vn -0.31 0.88 -0.37
vn -0.14 0.97 -0.17
vn -0.12 0.98 -0.15
vn 0.5 0.54 -0.67
vn 0.51 0.49 -0.71
vn 0.7 0.5 -0.52
vn 0.69 0.54 -0.49
vn -0.33 0.21 -0.92
vn -0.14 0.55 -0.82
vn -0.15 0.53 -0.83
vn -0.17 0.19 -0.97
vn -0.15 0.47 -0.87
vn -0.65 0.55 -0.52
vn 0.59 0.35 -0.73
vn 0.46 0.43 -0.78
vn -0.73 0.55 -0.41
vn -0.6 0.56 -0.57
vn -0.33 0.62 -0.71
vn -0.31 0.62 -0.72
vn 0.09 0.56 -0.82
vn 0.19 0.57 -0.8
vn -0.03 0.58 -0.81
vn 0.5 0.4 -0.77
vn 0.39 0.44 -0.81
vn 0.45 0.43 -0.78
vn 0.19 0.53 -0.83
vn 0.09 0.54 -0.84
vn 0.03 0.56 -0.83
vn -0.61 0.57 -0.55
vn -0.42 0.59 -0.69
vn -0.34 0.59 -0.73
vn -0.29 0.6 -0.75
vn -0.1 0.6 -0.8
vn 0.12 0.98 -0.15
vn 0.1 0.99 -0.11
vn 0.11 0.99 -0.13
vn 0.31 0.88 -0.37
vn 0.31 0.87 -0.38
vn 0.57 0.48 -0.67
vn 0.53 0.56 -0.64
vn 0.49 0.64 -0.59
vn 0.43 0.75 -0.51
vn -0.45 0.52 -0.73
vn -0.76 0.61 -0.23
vn -0.74 0.43 0.52
vn -0.82 0.47 0.33
vn -0.5 0.55 -0.67
vn -0.67 0.6 -0.44
vn -0.52 0.54 -0.66
vn -0.54 0.55 -0.64
vn -0.63 0.6 -0.5
vn -0.71 0.63 -0.33
vn -0.73 0.59 -0.34
vn -0.73 0.59 -0.34
vn -0.84 0.53 0.12
vn -0.83 0.55 0.06
vn -0.81 0.58 -0.04
vn -0.77 0.6 -0.21
vn -0.82 0.58 0.04
vn -0.81 0.58 0.09
vn -0.83 0.54 0.09
vn -0.75 0.43 0.51
vn -0.8 0.45 0.4
vn -0.19 0.97 0.15
vn -0.68 0.46 0.57
vn -0.66 0.52 0.55
vn -0.6 0.62 0.5
vn -0.47 0.79 0.39
vn -0.51 0.75 0.42
vn -0.37 0.88 0.31
vn -0.17 0.97 0.14
vn -0.15 0.98 0.12
vn -0.73 0.67 -0.13
vn -0.73 0.67 0.13
vn -0.72 0.68 0.12
vn -0.7 0.7 0.12
vn -0.7 0.71 0.12
vn -0.68 0.73 0.12
vn -0.64 0.76 0.11
vn -0.59 0.8 0.1
vn -0.63 0.77 -0.11
vn -0.66 0.74 -0.11
vn -0.7 0.7 -0.12
vn -0.69 0.72 -0.12
vn -0.72 0.68 -0.13
vn -0.78 0.61 -0.18
vn -0.5 0.73 0.48
vn -0.4 0.61 0.69
vn -0.5 0.55 0.67
vn -0.43 0.72 0.54
vn -0.35 0.83 0.44
vn -0.33 0.86 0.39
vn -0.16 0.98 -0.11
vn -0.08 1 -0.02
vn -0.12 0.99 0.01
vn -0.1 0.99 0.04
vn -0.13 0.99 -0.03
vn -0.92 0.1 -0.39
vn -0.42 0.87 -0.24
vn -0.57 0.75 -0.35
vn -0.54 0.79 -0.3
vn -0.67 0.63 -0.4
vn -0.68 0.6 -0.41
vn -0.77 0.47 -0.44
vn -0.52 0.83 0.21
vn -0.52 0.83 0.21
vn -0.74 0.6 0.3
vn -0.71 0.63 0.31
vn -0.1 0.99 0.13
vn -0.13 0.97 0.2
vn -0.24 0.97 0.07
vn -0.32 0.94 0.13
vn -0.34 0.94 -0.03
vn -0.56 0.83 -0.07
vn -0.62 0.78 -0.07
vn -0.63 0.78 -0.07
vn -0.97 0.25 -0.02
vn -0.38 0.7 0.6
vn -0.01 0.99 0.17
vn -0.15 0.99 0.07
vn -0.17 0.98 0.13
vn -0.14 0.96 0.23
vn -0.25 0.45 0.85
vn 0.39 0.75 0.53
vn 0.24 0.87 0.42
vn 0.07 0.83 0.55
vn 0.03 0.94 0.35
vn 0.39 0.11 0.92
vn 0.01 1 0.1
vn 0.09 0.98 0.18
vn 0.38 0.69 0.61
vn 0.23 0.79 0.56
vn 0.07 0.79 0.61
vn -0.62 0.62 0.48
vn -0.64 0.6 0.48
vn -0.42 0.83 0.36
vn -0.56 0.73 0.39
vn -0.39 0.86 0.33
vn -0.01 0.99 0.16
vn -0.13 0.94 0.33
vn -0.21 0.83 0.52
vn -0.21 0.83 0.52
vn -0.28 0.67 0.69
vn 0.1 0.68 0.73
vn 0.07 0.47 0.88
vn 0.3 0.69 0.65
vn 0.3 0.54 0.79
vn 0.49 0.54 0.68
vn 0.47 0.51 0.72
vn -0.1 0.99 0.13
vn -0.29 0.86 0.41
vn -0.47 0.6 0.65
vn -0.45 0.63 0.63
vn -0.65 0.6 0.46
vn -0.63 0.63 0.45
vn -0.56 0.73 0.4
vn -0.41 0.86 0.29
vn -0.4 0.73 0.56
vn -0.13 0.99 0.1
vn -0.13 0.99 0.1
vn -0.17 0.74 0.65
vn -0 0.71 0.71
vn -0.06 0.71 0.7
vn -0.18 0.73 0.67
vn -0.18 0.71 0.68
vn -0.18 0.45 0.87
vn -0.13 0.68 0.72
vn -0.13 0.67 0.73
vn 0.06 0.71 0.71
vn 0.13 0.67 0.73
vn 0.12 0.68 0.72
vn 0.12 0.71 0.7
vn 0.11 0.73 0.68
vn 0.09 0.77 0.64
vn 0.24 0.28 0.93
vn 0.17 0.76 0.63
vn 0.6 0.7 0.38
vn 0.17 0.99 0.01
vn 0.07 0.99 0.15
vn 0.13 0.98 0.17
vn 0.23 0.96 0.14
vn 0.85 0.45 0.25
vn 0.53 0.75 -0.39
vn 0.42 0.87 -0.24
vn 0.55 0.83 -0.07
vn 0.35 0.94 -0.03
vn 0.92 0.11 -0.39
vn 0.1 1 -0.01
vn 0.18 0.98 -0.09
vn 0.61 0.69 -0.38
vn 0.56 0.79 -0.23
vn 0.61 0.79 -0.07
vn 0.48 0.62 0.62
vn 0.48 0.6 0.64
vn 0.36 0.83 0.42
vn 0.39 0.73 0.56
vn 0.33 0.86 0.39
vn 0.16 0.99 0.01
vn 0.33 0.94 0.13
vn 0.52 0.83 0.21
vn 0.52 0.83 0.21
vn 0.69 0.67 0.28
vn 0.73 0.68 -0.1
vn 0.88 0.47 -0.07
vn 0.65 0.69 -0.3
vn 0.79 0.54 -0.3
vn 0.68 0.54 -0.49
vn 0.72 0.51 -0.47
vn 0.13 0.99 0.1
vn 0.41 0.86 0.29
vn 0.65 0.6 0.47
vn 0.63 0.63 0.45
vn 0.46 0.6 0.65
vn 0.45 0.63 0.63
vn 0.4 0.73 0.56
vn 0.29 0.86 0.41
vn 0.56 0.73 0.4
vn 0.1 0.99 0.13
vn 0.1 0.99 0.13
vn -0.18 0.61 0.78
vn 0.48 0.72 0.5
vn 0.69 0.61 0.4
vn 0.67 0.55 0.5
vn 0.54 0.72 0.43
vn 0.44 0.83 0.35
vn 0.39 0.86 0.33
vn -0.11 0.98 0.16
vn -0.02 1 0.08
vn 0.01 0.99 0.12
vn 0.04 0.99 0.1
vn -0.03 0.99 0.13
vn -0.39 0.1 0.92
vn -0.24 0.87 0.42
vn -0.35 0.75 0.57
vn -0.3 0.79 0.54
vn -0.4 0.63 0.67
vn -0.41 0.6 0.68
vn -0.44 0.47 0.77
vn 0.21 0.83 0.52
vn 0.21 0.83 0.52
vn 0.3 0.6 0.74
vn 0.31 0.63 0.71
vn 0.13 0.99 0.1
vn 0.2 0.97 0.13
vn 0.07 0.97 0.24
vn 0.13 0.94 0.32
vn -0.03 0.94 0.34
vn -0.07 0.83 0.56
vn -0.07 0.78 0.62
vn -0.07 0.78 0.63
vn -0.02 0.25 0.97
vn 0.63 0.77 0.11
vn 0.69 0.72 0.12
vn 0.72 0.68 0.13
vn 0.73 0.67 0.13
vn 0.72 0.68 -0.12
vn 0.73 0.67 -0.13
vn 0.7 0.71 -0.12
vn 0.68 0.73 -0.11
vn 0.64 0.77 -0.09
vn 0.66 0.74 0.12
vn 0.7 0.7 0.12
vn 0.71 0.71 -0.06
vn 0.93 0.28 -0.24
vn 0.63 0.76 -0.17
vn 0.78 0.61 0.18
vn 0.5 0.73 -0.48
vn 0.4 0.61 -0.69
vn 0.5 0.55 -0.67
vn 0.43 0.72 -0.54
vn 0.35 0.83 -0.44
vn 0.33 0.86 -0.39
vn 0.16 0.98 0.11
vn 0.08 1 0.02
vn 0.12 0.99 -0.01
vn 0.1 0.99 -0.04
vn 0.13 0.99 0.03
vn 0.92 0.1 0.39
vn 0.42 0.87 0.24
vn 0.57 0.75 0.35
vn 0.54 0.79 0.3
vn 0.67 0.63 0.4
vn 0.68 0.6 0.41
vn 0.77 0.47 0.44
vn 0.52 0.83 -0.21
vn 0.52 0.83 -0.21
vn 0.74 0.6 -0.3
vn 0.71 0.63 -0.31
vn 0.1 0.99 -0.13
vn 0.13 0.97 -0.2
vn 0.24 0.97 -0.07
vn 0.32 0.94 -0.13
vn 0.34 0.94 0.03
vn 0.56 0.83 0.07
vn 0.62 0.78 0.07
vn 0.63 0.78 0.07
vn 0.97 0.25 0.02
vn -0.23 0.8 -0.56
vn -0.08 0.98 -0.18
vn 0.13 0.96 -0.23
vn 0.18 0.98 -0.13
vn 0.15 0.99 -0.07
vn 0.42 0.83 -0.36
vn 0.46 0.75 -0.47
vn 0.61 0.63 -0.48
vn 0.21 0.29 -0.94
vn 0.37 0.7 -0.6
vn 0.53 0.66 -0.53
vn 0.53 0.79 -0.31
vn 0.43 0.87 -0.24
vn -0.44 0.64 -0.62
vn 0.01 0.99 -0.16
vn -0.01 1 -0.09
vn -0.38 0.1 -0.92
vn -0.24 0.87 -0.42
vn -0.35 0.75 -0.56
vn -0.06 0.79 -0.61
vn -0.07 0.83 -0.55
vn -0.03 0.94 -0.35
vn 0.01 0.99 -0.16
vn 0.13 0.94 -0.32
vn 0.21 0.83 -0.52
vn 0.21 0.83 -0.52
vn 0.26 0.73 -0.63
vn -0.11 0.61 -0.79
vn -0.12 0.63 -0.77
vn -0.37 0.58 -0.73
vn -0.35 0.54 -0.76
vn -0.48 0.54 -0.69
vn -0.47 0.51 -0.72
vn 0.1 0.99 -0.13
vn 0.29 0.86 -0.41
vn 0.63 0.63 -0.45
vn 0.47 0.6 -0.65
vn 0.45 0.63 -0.63
vn 0.41 0.86 -0.29
vn 0.4 0.73 -0.56
vn 0.13 0.99 -0.1
vn 0.13 0.99 -0.1
vn 0.13 0.67 -0.73
vn 0.11 0.77 -0.63
vn 0.12 0.74 -0.66
vn 0.12 0.7 -0.7
vn 0.11 0.72 -0.69
vn 0.12 0.68 -0.72
vn -0.13 0.67 -0.73
vn -0.12 0.68 -0.72
vn -0.12 0.7 -0.7
vn -0.12 0.71 -0.7
vn -0.12 0.73 -0.68
vn -0.11 0.76 -0.64
vn -0.1 0.8 -0.59
vn 0.18 0.61 -0.78
vn -0.48 0.72 -0.5
vn -0.69 0.61 -0.4
vn -0.67 0.55 -0.5
vn -0.54 0.72 -0.43
vn -0.44 0.83 -0.35
vn -0.39 0.86 -0.33
vn 0.11 0.98 -0.16
vn 0.02 1 -0.08
vn -0.01 0.99 -0.12
vn -0.04 0.99 -0.1
vn 0.03 0.99 -0.13
vn 0.39 0.1 -0.92
vn 0.24 0.87 -0.42
vn 0.35 0.75 -0.57
vn 0.3 0.79 -0.54
vn 0.4 0.63 -0.67
vn 0.41 0.6 -0.68
vn 0.44 0.47 -0.77
vn -0.21 0.83 -0.52
vn -0.21 0.83 -0.52
vn -0.3 0.6 -0.74
vn -0.31 0.63 -0.71
vn -0.13 0.99 -0.1
vn -0.2 0.97 -0.13
vn -0.07 0.97 -0.24
vn -0.13 0.94 -0.32
vn 0.03 0.94 -0.34
vn 0.07 0.83 -0.56
vn 0.07 0.78 -0.62
vn 0.07 0.78 -0.63
vn 0.02 0.25 -0.97
vn -0.6 0.7 -0.38
vn -0.17 0.99 -0.01
vn -0.07 0.99 -0.15
vn -0.13 0.98 -0.17
vn -0.23 0.96 -0.14
vn -0.85 0.45 -0.25
vn -0.53 0.75 0.39
vn -0.42 0.87 0.24
vn -0.55 0.83 0.07
vn -0.35 0.94 0.03
vn -0.92 0.11 0.39
vn -0.1 1 0.01
vn -0.18 0.98 0.09
vn -0.61 0.69 0.38
vn -0.56 0.79 0.23
vn -0.61 0.79 0.07
vn -0.48 0.62 -0.62
vn -0.48 0.6 -0.64
vn -0.36 0.83 -0.42
vn -0.39 0.73 -0.56
vn -0.33 0.86 -0.39
vn -0.16 0.99 -0.01
vn -0.33 0.94 -0.13
vn -0.52 0.83 -0.21
vn -0.52 0.83 -0.21
vn -0.69 0.67 -0.28
vn -0.73 0.68 0.1
vn -0.88 0.47 0.07
vn -0.65 0.69 0.3
vn -0.79 0.54 0.3
vn -0.68 0.54 0.49
vn -0.72 0.51 0.47
vn -0.55 0.83 -0.1
vn -0.44 0.89 -0.08
vn -0.2 0.98 -0.03
vn -0.15 0.99 -0.03
vn -0.13 0.87 0.48
vn -0.15 0.81 0.57
vn -0.05 0.85 0.52
vn -0.05 0.83 0.55
vn -0.04 0.99 0.16
vn -0.06 0.98 0.21
vn -0.02 0.98 0.19
vn -0.02 0.98 0.19
vn 0.15 0.99 0.03
vn 0.19 0.98 0.04
vn 0.17 0.98 -0.06
vn 0.16 0.99 -0.05
vn 0.18 0.98 -0.05
vn 0.18 0.98 -0.05
vn 0.14 0.99 -0.03
vn 0.19 0.98 -0.02
vn 0.21 0.98 -0.02
vn 0.18 0.98 -0.04
vn 0.94 0.19 -0.27
vn 0.89 0.37 -0.26
vn 0.44 0.89 0.08
vn 0.55 0.83 0.1
vn 0.55 0.83 -0.05
vn 0.52 0.85 -0.04
vn 0.56 0.82 -0.12
vn 0.81 -0.54 -0.21
vn 0.95 -0.19 -0.26
vn 0.96 0.09 -0.27
vn 0.18 0.98 -0.05
vn 0.18 0.98 -0.05
vn 0.18 0.98 -0.05
vn 0.93 0.27 -0.27
vn 0.92 0.3 -0.26
vn 0.91 0.32 -0.26
vn 0.18 0.98 -0.05
vn 0.18 0.98 -0.05
vn 0.18 0.98 -0.06
vn 0.74 0.64 -0.22
vn 0.51 0.84 -0.17
vn 0.03 0.99 -0.15
vn 0.04 0.98 -0.19
vn -0.03 0.98 -0.19
vn -0.03 0.99 -0.15
vn -0.08 0.9 -0.44
vn -0.1 0.83 -0.55
vn 0.1 0.83 -0.55
vn 0.08 0.89 -0.44
vn -0.12 0.99 -0.11
vn -0.08 0.99 -0.14
vn -0.46 0.6 -0.65
vn -0.45 0.63 -0.63
vn -0.11 0.99 -0.12
vn -0.5 -0.5 -0.7
vn -0.29 0.86 -0.41
vn -0.29 0.86 -0.41
vn -0.4 0.73 -0.56
vn -0.14 0.99 -0.08
vn -0.7 -0.5 -0.5
vn -0.41 0.86 -0.29
vn -0.56 0.73 -0.4
vn -0.63 0.63 -0.45
vn -0.65 0.6 -0.47
vn 0.19 0.69 0.69
vn 0.51 0.69 0.51
vn 0.69 0.69 0.19
vn 0.69 0.69 -0.19
vn 0.51 0.69 -0.51
vn -0.67 0.54 -0.5
vn -0.71 0.49 -0.51
vn -0.52 0.5 -0.7
vn -0.49 0.54 -0.69
vn -0.46 0.63 -0.62
vn -0.62 0.63 -0.47
vn -0.62 0.63 -0.47
vn -0.52 0.76 -0.39
vn -0.4 0.87 -0.3
vn -0.4 0.87 -0.3
vn -0.11 0.99 -0.07
vn -0.25 0.96 -0.14
vn -0.08 0.99 -0.06
vn -0.12 0.99 -0.11
vn -0.11 0.99 -0.12
vn -0.46 0.63 -0.62
vn -0.21 0.94 -0.28
vn -0.33 0.87 -0.38
vn -0.16 0.97 -0.17
vn -0.1 0.99 -0.12
vn -0.02 1 -0.02
vn -0.09 0.99 -0.11
vn -0.02 1 -0.06
vn -0.06 0.99 -0.08
vn 0.97 0 0.26
vn 0.71 0 0.71
vn 0.26 0 0.97
vn -0.26 0 0.97
vn -0.71 0 0.71
vn -0.97 0 0.26
vn -0.18 0.97 -0.18
vn -0.15 0.98 -0.12
vn -0.43 0.79 -0.43
vn -0.35 0.88 -0.31
vn -0.46 0.77 -0.44
vn -0.61 0.54 -0.58
vn -0.55 0.62 -0.55
vn -0.71 0.11 -0.69
vn -0.7 0.28 -0.66
vn -0.7 0.06 -0.71
vn -0.69 0.31 -0.65
vn -0.7 0.15 -0.7
vn -0.69 0.29 -0.66
vn -0.64 0.45 -0.62
vn -0.63 0.5 -0.6
vn -0.55 0.64 -0.54
vn -0.42 0.82 -0.39
vn -0.43 0.81 -0.41
vn -0.29 0.91 -0.28
vn -0.2 0.96 -0.2
vn -0.15 0.98 -0.13
vn -0.07 1 -0.07
vn 0.07 1 0.07
vn 0.18 0.96 0.22
vn 0.12 0.99 0.12
vn 0.28 0.91 0.3
vn 0.36 0.86 0.37
vn 0.41 0.8 0.43
vn 0.47 0.74 0.49
vn 0.54 0.62 0.56
vn 0.59 0.55 0.59
vn 0.62 0.44 0.65
vn 0.69 0.18 0.7
vn 0.71 0.3 0.63
vn 0.69 0.12 0.72
vn 0.67 0.2 0.71
vn 0.66 0.29 0.69
vn 0.58 0.56 0.6
vn 0.54 0.61 0.58
vn 0.42 0.8 0.43
vn 0.35 0.86 0.38
vn 0.3 0.9 0.31
vn 0.16 0.97 0.17
vn 0.19 0.96 0.19
vn 0.05 1 0.05
vn 0.06 1 0.06
vn -0.18 0.97 0.18
vn -0.12 0.98 0.15
vn -0.43 0.79 0.43
vn -0.31 0.88 0.35
vn -0.44 0.77 0.46
vn -0.58 0.54 0.61
vn -0.55 0.62 0.55
vn -0.69 0.11 0.71
vn -0.66 0.28 0.7
vn -0.71 0.06 0.7
vn -0.65 0.31 0.69
vn -0.7 0.15 0.7
vn -0.66 0.29 0.69
vn -0.62 0.45 0.64
vn -0.6 0.5 0.63
vn -0.54 0.64 0.55
vn -0.39 0.82 0.42
vn -0.41 0.81 0.43
vn -0.28 0.91 0.29
vn -0.2 0.96 0.2
vn -0.13 0.98 0.15
vn -0.07 1 0.07
vn 0.07 1 -0.07
vn 0.22 0.96 -0.18
vn 0.12 0.98 -0.12
vn 0.3 0.91 -0.29
vn 0.37 0.86 -0.36
vn 0.44 0.8 -0.41
vn 0.49 0.74 -0.47
vn 0.56 0.62 -0.54
vn 0.59 0.55 -0.59
vn 0.65 0.44 -0.62
vn 0.7 0.18 -0.69
vn 0.63 0.3 -0.71
vn 0.72 0.12 -0.69
vn 0.71 0.2 -0.67
vn 0.69 0.28 -0.66
vn 0.67 0.35 -0.65
vn 0.57 0.61 -0.55
vn 0.61 0.56 -0.57
vn 0.43 0.8 -0.42
vn 0.38 0.86 -0.35
vn 0.31 0.9 -0.3
vn 0.17 0.97 -0.17
vn 0.19 0.96 -0.19
vn 0.05 1 -0.05
vn 0.06 1 -0.06
vn 0.13 0.98 0.12
vn 0.35 0.88 0.31
vn 0.43 0.79 0.43
vn 0.2 0.97 0.17
vn 0.46 0.77 0.44
vn 0.61 0.54 0.58
vn 0.55 0.62 0.55
vn 0.71 0.11 0.69
vn 0.7 0.28 0.66
vn 0.7 0.06 0.71
vn 0.69 0.31 0.65
vn 0.7 0.15 0.7
vn 0.69 0.29 0.66
vn 0.64 0.45 0.62
vn 0.63 0.5 0.6
vn 0.55 0.64 0.54
vn 0.42 0.82 0.39
vn 0.43 0.81 0.41
vn 0.29 0.91 0.28
vn 0.2 0.96 0.2
vn 0.15 0.98 0.13
vn 0.07 1 0.07
vn -0.07 1 -0.07
vn -0.18 0.96 -0.22
vn -0.12 0.98 -0.12
vn -0.29 0.91 -0.3
vn -0.36 0.86 -0.37
vn -0.41 0.8 -0.44
vn -0.47 0.74 -0.49
vn -0.54 0.62 -0.56
vn -0.59 0.55 -0.59
vn -0.62 0.44 -0.65
vn -0.69 0.18 -0.7
vn -0.71 0.3 -0.63
vn -0.69 0.11 -0.72
vn -0.67 0.2 -0.71
vn -0.66 0.29 -0.69
vn -0.58 0.56 -0.6
vn -0.54 0.61 -0.58
vn -0.42 0.8 -0.44
vn -0.35 0.86 -0.38
vn -0.3 0.9 -0.31
vn -0.17 0.97 -0.17
vn -0.19 0.96 -0.19
vn -0.05 1 -0.05
vn -0.06 1 -0.06
vn 0.18 0.97 -0.18
vn 0.12 0.98 -0.15
vn 0.43 0.79 -0.43
vn 0.31 0.88 -0.35
vn 0.44 0.77 -0.46
vn 0.58 0.54 -0.61
vn 0.55 0.62 -0.55
vn 0.69 0.11 -0.71
vn 0.66 0.28 -0.7
vn 0.71 0.06 -0.7
vn 0.65 0.31 -0.69
vn 0.7 0.15 -0.7
vn 0.66 0.29 -0.69
vn 0.62 0.45 -0.64
vn 0.6 0.5 -0.63
vn 0.54 0.64 -0.55
vn 0.39 0.82 -0.42
vn 0.41 0.81 -0.43
vn 0.28 0.91 -0.29
vn 0.2 0.96 -0.2
vn 0.13 0.98 -0.15
vn 0.07 1 -0.07
vn -0.07 1 0.07
vn -0.22 0.96 0.18
vn -0.12 0.98 0.12
vn -0.3 0.91 0.29
vn -0.37 0.86 0.36
vn -0.44 0.8 0.41
vn -0.49 0.74 0.47
vn -0.56 0.62 0.54
vn -0.59 0.55 0.59
vn -0.65 0.44 0.62
vn -0.7 0.18 0.69
vn -0.64 0.29 0.71
vn -0.72 0.11 0.69
vn -0.71 0.2 0.67
vn -0.69 0.28 0.66
vn -0.6 0.56 0.58
vn -0.58 0.61 0.54
vn -0.44 0.8 0.42
vn -0.38 0.86 0.35
vn -0.31 0.9 0.3
vn -0.18 0.97 0.17
vn -0.19 0.96 0.19
vn -0.05 1 0.05
vn -0.06 1 0.06
vn 0.33 -0 0.94
vn 0.33 0 0.94
vn 0.34 -0 0.94
vn 0.33 0 0.94
vn 0.94 -0 0.34
vn 0.94 0 0.34
vn 0.94 -0 0.33
vn 0.34 -0 -0.94
vn 0.34 -0 -0.94
vn 0.33 0 -0.94
vn 0.33 -0 -0.94
vn 0 1 -0
vn 0 1 -0
vn 0 1 -0
vn -0 1 -0
vn 0 1 0
vn 0 1 0
vn 0 1 0
vn -0 1 0
vn -0 1 0
vn -0 1 0
vn 0 1 0
vn -0 1 0
vn 0 1 0
vn -0 1 -0
vn -0 1 0
vn -0 1 -0
vn -0 1 -0
vn -0.89 -0.06 0.45
vn -0.9 -0.03 0.44
vn -0.91 -0.02 0.42
vn -0.91 -0.03 0.41
vn -0.93 -0 0.38
vn -0.93 -0 0.38
vn -0.91 -0.05 0.42
vn -0.91 -0.05 0.42
vn -0.9 -0.01 0.44
vn -0.92 -0 0.39
vn -0.92 0 0.38
vn -0.93 -0 0.38
vn -0.9 -0.02 0.44
vn -0.9 -0.02 0.43
vn -0.91 0 0.42
vn -0.91 -0.02 0.41
vn -0.91 -0.02 0.41
vn -0.87 -0.13 0.47
vn -0.87 -0.13 0.47
vn -0.81 0.1 0.57
vn -0.72 -0.26 0.64
vn -0.51 0.63 0.58
vn 0.43 -0.11 0.9
vn 0.42 -0.02 0.91
vn 0.41 -0.03 0.91
vn 0.38 -0 0.93
vn 0.38 -0 0.93
vn 0.42 -0.05 0.91
vn 0.42 -0.05 0.91
vn 0.44 -0.01 0.9
vn 0.39 -0 0.92
vn 0.38 0 0.92
vn 0.38 -0 0.93
vn 0.43 -0.04 0.9
vn 0.43 -0.02 0.9
vn 0.42 0 0.91
vn 0.41 -0.02 0.91
vn 0.41 -0.02 0.91
vn 0.89 -0.06 -0.45
vn 0.9 -0.03 -0.44
vn 0.91 -0.02 -0.42
vn 0.91 -0.03 -0.41
vn 0.93 -0 -0.38
vn 0.93 -0 -0.38
vn 0.91 -0.05 -0.42
vn 0.91 -0.05 -0.42
vn 0.9 -0.01 -0.44
vn 0.92 -0 -0.39
vn 0.92 0 -0.38
vn 0.93 -0 -0.38
vn 0.9 -0.02 -0.44
vn 0.9 -0.02 -0.43
vn 0.91 -0 -0.42
vn 0.91 -0.02 -0.41
vn 0.91 -0.02 -0.41
vn 0.87 -0.13 -0.47
vn 0.87 -0.13 -0.47
vn 0.81 0.1 -0.57
vn 0.72 -0.26 -0.64
vn 0.51 0.63 -0.58
vn -0.43 -0.11 -0.9
vn -0.42 -0.02 -0.91
vn -0.41 -0.03 -0.91
vn -0.38 -0 -0.93
vn -0.38 -0 -0.93
vn -0.42 -0.05 -0.91
vn -0.42 -0.05 -0.91
vn -0.44 -0.01 -0.9
vn -0.39 -0 -0.92
vn -0.38 0 -0.92
vn -0.38 -0 -0.93
vn -0.43 -0.04 -0.9
vn -0.43 -0.02 -0.9
vn -0.42 -0 -0.91
vn -0.41 -0.02 -0.91
vn -0.41 -0.02 -0.91
vn 0.06 -1 -0.02
vn 0.08 -1 -0.02
vn 0.1 -0.99 -0.02
vn -0.01 -1 -0.02
vn 0.06 -1 -0.02
vn 0.06 -1 -0.02
vn 0.06 -1 -0.02
vn -0.05 -1 -0.02
vn -0.05 -1 -0.02
vn -0.17 0.98 -0.02
vn -0.22 0.98 -0.01
vn -0.26 0.96 -0.02
vn -0.39 0.92 -0.02
vn -0.35 0.94 -0.01
vn -0.43 0.9 -0.02
vn -0.56 0.83 -0.02
vn -0.52 0.86 -0.01
vn -0.59 0.81 -0.02
vn -0.7 0.72 -0.02
vn -0.66 0.75 -0.01
vn -0.73 0.68 -0.02
vn -0.79 0.61 -0.02
vn -0.82 0.57 -0.01
vn -0.84 0.54 -0.02
vn -0.91 0.41 -0.02
vn -0.89 0.46 -0.01
vn -0.93 0.37 -0.02
vn -0.96 0.29 -0.02
vn -0.97 0.24 -0.01
vn -0.98 0.2 -0.02
vn -1 0.06 -0.02
vn -0.99 0.1 -0.01
vn -1 0.01 -0.02
vn -1 -0.08 -0.02
vn -0.99 -0.13 -0.01
vn -0.98 -0.17 -0.02
vn -0.95 -0.31 -0.02
vn -0.96 -0.26 -0.01
vn -0.94 -0.35 -0.02
vn -0.9 -0.43 -0.02
vn -0.88 -0.48 -0.01
vn -0.86 -0.52 -0.02
vn -0.78 -0.63 -0.02
vn -0.81 -0.59 -0.01
vn -0.75 -0.66 -0.02
vn -0.68 -0.73 -0.02
vn -0.65 -0.76 -0.01
vn -0.61 -0.79 -0.02
vn -0.5 -0.87 -0.02
vn -0.54 -0.84 -0.01
vn -0.46 -0.89 -0.02
vn -0.37 -0.93 -0.02
vn -0.33 -0.94 -0.01
vn 0 -1 -0.02
vn -0.05 -1 -0.02
vn -0.1 -0.99 -0.02
vn -0.15 -0.99 -0.01
vn -0.2 -0.98 -0.02
vn -0.29 -0.96 -0.02
vn 1 -0.04 0
vn 0.93 -0.38 0
vn 0.91 -0.42 -0
vn 0.83 -0.55 0
vn 0.68 -0.74 0
vn 0.34 -0.94 0
vn 0.22 -0.97 -0.02
vn 0.4 -0.92 -0.01
vn 0.4 -0.92 -0.01
vn 0.61 -0.79 -0.02
vn 0.72 -0.69 -0.01
vn 0.76 -0.65 -0.01
vn 0.86 -0.51 -0.01
vn 0.89 -0.46 -0.01
vn 0.95 -0.32 -0.01
vn 1 -0.08 -0.01
vn 1 -0.08 -0.01
vn 0.99 0.11 -0
vn -0.1 -1 0
vn -0.47 -0.88 0
vn -0.67 -0.74 0
vn -0.78 -0.63 -0
vn -0.8 -0.6 0
vn -0.96 -0.28 0
vn 0.03 -1 -0.02
vn -0.16 -0.99 -0.02
vn -0.15 -0.99 -0.02
vn -0.39 -0.92 -0.01
vn -0.53 -0.85 -0.02
vn -0.57 -0.82 -0.01
vn -0.71 -0.71 -0.01
vn -0.74 -0.67 -0.01
vn -0.84 -0.54 -0.01
vn -0.95 -0.32 0
vn -0.95 -0.33 0
vn -0.99 -0.14 -0
vn 0.13 -0.99 0
vn 0.99 0.16 0
vn 0.99 0.16 -0
vn -1 -0.09 -0
vn -1 -0.09 0
vn 0.04 -0.25 -0.97
vn 0.07 -0.25 -0.97
vn 0.07 -0.25 -0.97
vn 0.09 -0.24 -0.97
vn 0.09 -0.24 -0.97
vn 0.11 -0.23 -0.97
vn 0.11 -0.23 -0.97
vn 0.13 -0.22 -0.97
vn 0.15 -0.21 -0.97
vn 0.17 -0.19 -0.97
vn 0.19 -0.17 -0.97
vn 0.2 -0.16 -0.97
vn 0.22 -0.14 -0.97
vn 0.23 -0.12 -0.97
vn 0.23 -0.12 -0.97
vn 0.24 -0.1 -0.97
vn 0.24 -0.1 -0.97
vn 0.25 -0.07 -0.97
vn 0.25 -0.05 -0.97
vn 0.25 -0.03 -0.97
vn 0.26 -0 -0.97
vn 0.26 -0 -0.97
vn 0.26 0.02 -0.97
vn 0.25 0.04 -0.97
vn 0.25 0.07 -0.97
vn 0.25 0.07 -0.97
vn 0.24 0.09 -0.97
vn 0.24 0.09 -0.97
vn 0.23 0.11 -0.97
vn 0.23 0.11 -0.97
vn 0.22 0.13 -0.97
vn 0.21 0.15 -0.97
vn 0.19 0.17 -0.97
vn 0.17 0.19 -0.97
vn 0.16 0.2 -0.97
vn 0.14 0.22 -0.97
vn 0.12 0.23 -0.97
vn 0.12 0.23 -0.97
vn 0.1 0.24 -0.97
vn 0.1 0.24 -0.97
vn 0.07 0.25 -0.97
vn 0.05 0.25 -0.97
vn 0.03 0.25 -0.97
vn 0 0.26 -0.97
vn 0 0.26 -0.97
vn -0.02 0.26 -0.97
vn 0.12 -0.69 -0.71
vn 0.18 -0.68 -0.71
vn 0.18 -0.68 -0.71
vn 0.25 -0.66 -0.71
vn 0.25 -0.66 -0.71
vn 0.31 -0.63 -0.71
vn 0.36 -0.6 -0.71
vn 0.36 -0.6 -0.71
vn 0.42 -0.56 -0.71
vn 0.47 -0.52 -0.71
vn 0.51 -0.48 -0.71
vn 0.51 -0.48 -0.71
vn 0.55 -0.43 -0.71
vn 0.55 -0.43 -0.71
vn 0.59 -0.38 -0.71
vn 0.59 -0.38 -0.71
vn 0.62 -0.32 -0.71
vn 0.62 -0.32 -0.71
vn 0.65 -0.26 -0.71
vn 0.67 -0.2 -0.71
vn 0.69 -0.14 -0.71
vn 0.7 -0.07 -0.71
vn 0.7 -0.07 -0.71
vn 0.7 -0.01 -0.71
vn 0.7 0.06 -0.71
vn 0.69 0.12 -0.71
vn 0.68 0.18 -0.71
vn 0.68 0.18 -0.71
vn 0.66 0.25 -0.71
vn 0.66 0.25 -0.71
vn 0.63 0.31 -0.71
vn 0.6 0.36 -0.71
vn 0.6 0.36 -0.71
vn 0.56 0.42 -0.71
vn 0.52 0.47 -0.71
vn 0.48 0.51 -0.71
vn 0.48 0.51 -0.71
vn 0.43 0.55 -0.71
vn 0.43 0.55 -0.71
vn 0.38 0.59 -0.71
vn 0.38 0.59 -0.71
vn 0.32 0.62 -0.71
vn 0.32 0.62 -0.71
vn 0.26 0.65 -0.71
vn 0.2 0.67 -0.71
vn 0.14 0.69 -0.71
vn 0.07 0.7 -0.71
vn 0.07 0.7 -0.71
vn 0.01 0.7 -0.71
vn -0.06 0.7 -0.71
vn 0.17 -0.95 -0.27
vn 0.17 -0.95 -0.27
vn 0.25 -0.93 -0.27
vn 0.25 -0.93 -0.27
vn 0.34 -0.9 -0.27
vn 0.42 -0.87 -0.27
vn 0.42 -0.87 -0.27
vn 0.5 -0.82 -0.27
vn 0.5 -0.82 -0.27
vn 0.57 -0.77 -0.27
vn 0.64 -0.72 -0.27
vn 0.7 -0.66 -0.27
vn 0.7 -0.66 -0.27
vn 0.76 -0.59 -0.27
vn 0.76 -0.59 -0.27
vn 0.81 -0.52 -0.27
vn 0.86 -0.44 -0.27
vn 0.89 -0.36 -0.27
vn 0.89 -0.36 -0.27
vn 0.92 -0.27 -0.27
vn 0.94 -0.19 -0.27
vn 0.96 -0.1 -0.27
vn 0.96 -0.01 -0.27
vn 0.96 0.08 -0.27
vn 0.95 0.17 -0.27
vn 0.95 0.17 -0.27
vn 0.93 0.25 -0.27
vn 0.93 0.25 -0.27
vn 0.9 0.34 -0.27
vn 0.87 0.42 -0.27
vn 0.87 0.42 -0.27
vn 0.82 0.5 -0.27
vn 0.82 0.5 -0.27
vn 0.77 0.57 -0.27
vn 0.72 0.64 -0.27
vn 0.66 0.7 -0.27
vn 0.66 0.7 -0.27
vn 0.59 0.76 -0.27
vn 0.59 0.76 -0.27
vn 0.52 0.81 -0.27
vn 0.44 0.86 -0.27
vn 0.36 0.89 -0.27
vn 0.36 0.89 -0.27
vn 0.27 0.92 -0.27
vn 0.19 0.94 -0.27
vn 0.1 0.96 -0.27
vn 0.01 0.96 -0.27
vn -0.08 0.96 -0.27
vn 0.24 -0.97 -0.02
vn 0.15 -0.99 -0.02
vn 0.17 -0.98 -0.02
vn 0.26 -0.96 -0.02
vn 0.24 -0.97 -0.02
vn 0.35 -0.94 -0.02
vn 0.39 -0.92 -0.01
vn 0.43 -0.9 -0.02
vn 0.52 -0.86 -0.02
vn 0.56 -0.83 -0.01
vn 0.59 -0.81 -0.02
vn 0.66 -0.75 -0.02
vn 0.7 -0.72 -0.01
vn 0.73 -0.68 -0.02
vn 0.79 -0.61 -0.02
vn 0.82 -0.57 -0.01
vn 0.84 -0.54 -0.02
vn 0.89 -0.46 -0.02
vn 0.91 -0.41 -0.01
vn 0.93 -0.37 -0.02
vn 0.96 -0.29 -0.02
vn 0.97 -0.24 -0.01
vn 0.98 -0.2 -0.02
vn 0.99 -0.1 -0.02
vn 1 -0.06 -0.01
vn 1 -0.01 -0.02
vn 0.99 0.13 -0.02
vn 1 0.08 -0.01
vn 0.98 0.17 -0.02
vn 0.96 0.26 -0.02
vn 0.95 0.31 -0.01
vn 0.94 0.35 -0.02
vn 0.88 0.48 -0.02
vn 0.9 0.43 -0.01
vn 0.86 0.52 -0.02
vn 0.81 0.59 -0.02
vn 0.78 0.63 -0.01
vn 0.75 0.66 -0.02
vn 0.65 0.76 -0.02
vn 0.68 0.73 -0.01
vn 0.61 0.79 -0.02
vn 0.54 0.84 -0.02
vn 0.5 0.87 -0.01
vn 0.46 0.89 -0.02
vn 0.33 0.94 -0.02
vn 0.37 0.93 -0.01
vn 0.29 0.96 -0.02
vn 0.15 0.99 -0.02
vn 0.2 0.98 -0.01
vn 0.1 0.99 -0.02
vn -0.03 1 -0.02
vn 0.01 1 -0.01
vn -0.08 1 -0.02
vn -0.04 0.25 -0.97
vn -0.07 0.25 -0.97
vn -0.07 0.25 -0.97
vn -0.09 0.24 -0.97
vn -0.09 0.24 -0.97
vn -0.11 0.23 -0.97
vn -0.11 0.23 -0.97
vn -0.13 0.22 -0.97
vn -0.15 0.21 -0.97
vn -0.17 0.19 -0.97
vn -0.19 0.17 -0.97
vn -0.2 0.16 -0.97
vn -0.22 0.14 -0.97
vn -0.23 0.12 -0.97
vn -0.23 0.12 -0.97
vn -0.24 0.1 -0.97
vn -0.24 0.1 -0.97
vn -0.25 0.07 -0.97
vn -0.25 0.05 -0.97
vn -0.25 0.03 -0.97
vn -0.26 0 -0.97
vn -0.26 0 -0.97
vn -0.26 -0.02 -0.97
vn -0.25 -0.04 -0.97
vn -0.25 -0.07 -0.97
vn -0.25 -0.07 -0.97
vn -0.24 -0.09 -0.97
vn -0.24 -0.09 -0.97
vn -0.23 -0.11 -0.97
vn -0.23 -0.11 -0.97
vn -0.22 -0.13 -0.97
vn -0.21 -0.15 -0.97
vn -0.19 -0.17 -0.97
vn -0.17 -0.19 -0.97
vn -0.16 -0.2 -0.97
vn -0.14 -0.22 -0.97
vn -0.12 -0.23 -0.97
vn -0.12 -0.23 -0.97
vn -0.1 -0.24 -0.97
vn -0.1 -0.24 -0.97
vn -0.07 -0.25 -0.97
vn -0.05 -0.25 -0.97
vn -0.03 -0.25 -0.97
vn -0 -0.26 -0.97
vn -0 -0.26 -0.97
vn 0.02 -0.26 -0.97
vn -0.12 0.69 -0.71
vn -0.18 0.68 -0.71
vn -0.18 0.68 -0.71
vn -0.25 0.66 -0.71
vn -0.25 0.66 -0.71
vn -0.31 0.63 -0.71
vn -0.36 0.6 -0.71
vn -0.36 0.6 -0.71
vn -0.42 0.56 -0.71
vn -0.47 0.52 -0.71
vn -0.51 0.48 -0.71
vn -0.51 0.48 -0.71
vn -0.55 0.43 -0.71
vn -0.55 0.43 -0.71
vn -0.59 0.38 -0.71
vn -0.59 0.38 -0.71
vn -0.62 0.32 -0.71
vn -0.62 0.32 -0.71
vn -0.65 0.26 -0.71
vn -0.67 0.2 -0.71
vn -0.69 0.14 -0.71
vn -0.7 0.07 -0.71
vn -0.7 0.07 -0.71
vn -0.7 0.01 -0.71
vn -0.7 -0.06 -0.71
vn -0.69 -0.12 -0.71
vn -0.68 -0.18 -0.71
vn -0.68 -0.18 -0.71
vn -0.66 -0.25 -0.71
vn -0.66 -0.25 -0.71
vn -0.63 -0.31 -0.71
vn -0.6 -0.36 -0.71
vn -0.6 -0.36 -0.71
vn -0.56 -0.42 -0.71
vn -0.52 -0.47 -0.71
vn -0.48 -0.51 -0.71
vn -0.48 -0.51 -0.71
vn -0.43 -0.55 -0.71
vn -0.43 -0.55 -0.71
vn -0.38 -0.59 -0.71
vn -0.38 -0.59 -0.71
vn -0.32 -0.62 -0.71
vn -0.32 -0.62 -0.71
vn -0.26 -0.65 -0.71
vn -0.2 -0.67 -0.71
vn -0.14 -0.69 -0.71
vn -0.07 -0.7 -0.71
vn -0.07 -0.7 -0.71
vn -0.01 -0.7 -0.71
vn 0.06 -0.7 -0.71
vn -0.17 0.95 -0.27
vn -0.17 0.95 -0.27
vn -0.25 0.93 -0.27
vn -0.25 0.93 -0.27
vn -0.34 0.9 -0.27
vn -0.42 0.87 -0.27
vn -0.42 0.87 -0.27
vn -0.5 0.82 -0.27
vn -0.5 0.82 -0.27
vn -0.57 0.77 -0.27
vn -0.64 0.72 -0.27
vn -0.7 0.66 -0.27
vn -0.7 0.66 -0.27
vn -0.76 0.59 -0.27
vn -0.76 0.59 -0.27
vn -0.81 0.52 -0.27
vn -0.86 0.44 -0.27
vn -0.89 0.36 -0.27
vn -0.89 0.36 -0.27
vn -0.92 0.27 -0.27
vn -0.94 0.19 -0.27
vn -0.96 0.1 -0.27
vn -0.96 0.01 -0.27
vn -0.96 -0.08 -0.27
vn -0.95 -0.17 -0.27
vn -0.95 -0.17 -0.27
vn -0.93 -0.25 -0.27
vn -0.93 -0.25 -0.27
vn -0.9 -0.34 -0.27
vn -0.87 -0.42 -0.27
vn -0.87 -0.42 -0.27
vn -0.82 -0.5 -0.27
vn -0.82 -0.5 -0.27
vn -0.77 -0.57 -0.27
vn -0.72 -0.64 -0.27
vn -0.66 -0.7 -0.27
vn -0.66 -0.7 -0.27
vn -0.59 -0.76 -0.27
vn -0.59 -0.76 -0.27
vn -0.52 -0.81 -0.27
vn -0.44 -0.86 -0.27
vn -0.36 -0.89 -0.27
vn -0.36 -0.89 -0.27
vn -0.27 -0.92 -0.27
vn -0.19 -0.94 -0.27
vn -0.1 -0.96 -0.27
vn -0.01 -0.96 -0.27
vn 0.08 -0.96 -0.27
vn -0.14 0.99 -0
vn -0.4 0.92 -0
vn 0.09 1 -0
vn 0.27 0.96 -0
vn 0.45 0.9 -0
vn 0.6 0.8 -0
vn 0.74 0.67 -0
vn 0.85 0.53 -0
vn 0.93 0.36 -0
vn 0.98 0.18 -0
vn 1 0 0
vn 0.98 -0.18 0
vn 0.93 -0.36 0
vn 0.85 -0.53 0
vn 0.74 -0.67 0
vn 0.6 -0.8 0
vn 0.45 -0.9 0
vn 0.27 -0.96 0
vn 0.09 -1 0
vn -0.09 -1 0
vn -0.27 -0.96 0
vn -0.44 -0.9 0
vn -0.6 -0.8 0
vn -0.73 -0.68 0
vn -0.84 -0.54 0
vn -0.93 -0.38 0
vn -0.98 -0.2 0
vn -1 -0.02 0
vn -0.99 0.16 -0
vn -0.94 0.34 -0
vn -0.87 0.5 -0
vn -0.76 0.65 -0
vn -0.63 0.78 -0
vn -0.48 0.88 -0
vn -0.31 0.95 -0
vn -0.14 0.99 -0
vn -0.09 1 -0
vn -0.27 0.96 -0
vn -0.44 0.9 -0
vn -0.6 0.8 -0
vn -0.73 0.68 -0
vn -0.84 0.54 -0
vn -0.93 0.38 -0
vn -0.98 0.2 -0
vn -1 0.02 -0
vn -0.99 -0.16 0
vn -0.94 -0.34 0
vn -0.87 -0.5 0
vn -0.76 -0.65 0
vn -0.63 -0.78 0
vn -0.48 -0.88 0
vn -0.31 -0.95 0
vn -0.14 -0.99 0
vn 0.07 -0.71 0.71
vn 0.19 -0.68 0.71
vn 0.32 -0.63 0.71
vn 0.43 -0.57 0.71
vn 0.52 -0.48 0.71
vn 0.6 -0.37 0.71
vn 0.66 -0.26 0.71
vn 0.7 -0.13 0.71
vn 0.71 0 0.71
vn 0.7 0.13 0.71
vn 0.66 0.26 0.71
vn 0.6 0.37 0.71
vn 0.52 0.48 0.71
vn 0.43 0.57 0.71
vn 0.32 0.63 0.71
vn 0.19 0.68 0.71
vn 0.07 0.71 0.71
vn -0.8 -0.59 0
vn -0.68 -0.73 0
vn -0.53 -0.85 0
vn -0.36 -0.93 0
vn -0.19 -0.98 0
vn 0.19 -0.98 0
vn 0.36 -0.93 0
vn 0.53 -0.85 0
vn 0.68 -0.73 0
vn 0.8 -0.59 0
vn 0.92 -0.4 0
vn 0.98 -0.22 0
vn 1 -0.04 0
vn 0.99 0.15 -0
vn 0.94 0.33 -0
vn 0.87 0.5 -0
vn 0.76 0.65 -0
vn 0.62 0.78 -0
vn 0.47 0.88 -0
vn 0.3 0.96 -0
vn 0.11 0.99 -0
vn -0.11 0.99 -0
vn -0.3 0.96 -0
vn -0.47 0.88 -0
vn -0.62 0.78 -0
vn -0.76 0.65 -0
vn -0.87 0.5 -0
vn -0.94 0.33 -0
vn -0.99 0.15 -0
vn -1 -0.04 0
vn -0.98 -0.22 0
vn -0.92 -0.4 0
vn -0.09 -1 0
vn -0.27 -0.96 0
vn -0.45 -0.9 0
vn -0.6 -0.8 0
vn -0.74 -0.67 0
vn -0.85 -0.53 0
vn -0.93 -0.36 0
vn -0.98 -0.18 0
vn -1 0 0
vn -0.98 0.18 -0
vn -0.93 0.36 -0
vn -0.85 0.53 -0
vn -0.74 0.67 -0
vn -0.6 0.8 -0
vn -0.45 0.9 -0
vn -0.27 0.96 -0
vn -0.09 1 -0
vn -0.07 0.71 0.71
vn -0.19 0.68 0.71
vn -0.32 0.63 0.71
vn -0.43 0.57 0.71
vn -0.52 0.48 0.71
vn -0.6 0.37 0.71
vn -0.66 0.26 0.71
vn -0.7 0.13 0.71
vn -0.71 0 0.71
vn -0.7 -0.13 0.71
vn -0.66 -0.26 0.71
vn -0.6 -0.37 0.71
vn -0.52 -0.48 0.71
vn -0.43 -0.57 0.71
vn -0.32 -0.63 0.71
vn -0.19 -0.68 0.71
vn -0.07 -0.71 0.71
vn 0.07 -1 0
vn 0.12 -0.91 0.41
vn 0.12 -0.84 0.53
vn 0.19 -0.98 0
vn 0.31 -0.95 0
vn 0.48 -0.88 0
vn 0.63 -0.78 0
vn 0.76 -0.65 0
vn 0.87 -0.5 0
vn 0.94 -0.34 0
vn 0.99 -0.16 0
vn 1 0.02 -0
vn 0.98 0.2 -0
vn 0.93 0.38 -0
vn 0.84 0.54 -0
vn 0.73 0.68 -0
vn 0.6 0.8 -0
vn 0.44 0.9 -0
vn 0.27 0.96 -0
vn 0.09 1 -0
vn 0.14 0.99 -0
vn 0.31 0.95 -0
vn 0.48 0.88 -0
vn 0.63 0.78 -0
vn 0.76 0.65 -0
vn 0.87 0.5 -0
vn 0.94 0.34 -0
vn 0.99 0.16 -0
vn 1 -0.02 0
vn 0.98 -0.2 0
vn 0.93 -0.38 0
vn 0.84 -0.54 0
vn 0.73 -0.68 0
vn 0.6 -0.8 0
vn 0.44 -0.9 0
vn 0.27 -0.96 0
vn 0.09 -1 0
vn 0.15 -0.99 0
vn 0.52 -0.85 0
vn 0.81 -0.59 0
vn 0.97 -0.23 0
vn -0.97 -0.23 0
vn -0.81 -0.59 0
vn -0.52 -0.85 0
vn -0.15 -0.99 0
vn 0.4 0.92 -0
vn 0.14 0.99 -0
vn -0.99 -0.16 0
vn -0.87 -0.5 0
vn -0.63 -0.78 0
vn 0.63 -0.78 0
vn 0.87 -0.5 0
vn 0.99 -0.16 0
vn 0.6 0.8 0
vn 0.97 0.22 -0
vn 0.73 0.68 -0
vn 0.8 0.59 0.09
vn 0.63 0.78 0
vn 0.61 0.79 -0
vn 0.3 0.95 -0
vn -0.97 0.22 -0
vn -0.8 0.6 -0
vn -0.73 0.68 0.05
vn -0.63 0.78 0
vn -0.3 0.95 -0
vn -0.61 0.79 -0
vn -0.6 0.8 0
vn -0.04 1 0
vn -0.05 1 -0
vn -0.05 1 -0
vn -0.05 1 -0
vn -0.05 1 -0
vn -0.03 1 -0.02
vn -0.03 1 -0.01
vn -0.02 1 -0
vn -0.02 1 0
vn -0.02 1 -0
vn -0.01 1 -0
vn -0.02 1 0
vn -0.02 1 0
vn -0.02 1 0
vn -0.02 1 0
vn -0.02 1 0
vn -0.02 1 0
vn -0.05 1 -0
vn -0.05 1 -0
vn -0.03 1 0
vn -0.03 1 0
vn -0.02 1 0
vn -0.02 1 0
vn 0.39 0 0.92
vn -0.57 0.01 0.82
vn 0.25 -0 0.97
vn 0.24 -0 0.97
vn 0.06 -0 1
vn -0 0 1
vn -0.13 -0.01 0.99
vn -0.21 0 0.98
vn -0.42 -0 0.91
vn -0.44 0 0.9
vn -0.62 -0 0.79
vn -0.79 0 0.61
vn -0.72 -0 0.7
vn -0.64 0 0.77
vn -0.99 0.05 0.12
vn -1 0 0.07
vn -0.99 0 0.15
vn -0.96 0.01 0.28
vn -0.96 0.02 0.27
vn -0.85 -0.01 0.53
vn -0.47 0.88 0.05
vn -0.61 0.79 0.04
vn -0.6 0.8 0.02
vn -0.2 0.98 0.01
vn -0.18 0.98 0.01
vn -0.67 0.74 0.03
vn -0.74 0.67 0.03
vn -0.85 0.52 0.04
vn -0.87 0.49 0.03
vn -0.95 0.3 0.04
vn -0.97 0.24 0.04
vn -0.99 0.11 0.04
vn -0.99 0.13 0.05
vn -1 0.07 0.05
vn -1 0.04 0.05
vn -1 0.08 0.04
vn -1 -0.03 0.04
vn 0.07 0.41 0.91
vn 0.08 0.25 0.96
vn 0.32 0.08 0.94
vn 0.08 -0.12 0.99
vn 0.17 0.03 0.98
vn 0.12 -0.18 0.98
vn 0.07 0.49 0.87
vn 0.07 0.6 0.79
vn 0.05 0.98 0.21
vn -0.75 0.45 0.49
vn 0.22 0.35 0.91
vn 0.23 0.35 0.91
vn 0.15 0.8 0.58
vn 0.14 0.61 0.78
vn 0.1 0.78 0.62
vn 0.1 0.79 0.61
vn 0.07 0.91 0.42
vn 0.07 0.98 0.21
vn 0.02 0.98 0.21
vn 0.23 0 0.97
vn 1 0 0.06
vn 0.98 0.14 0.13
vn 0.78 -0 0.62
vn 0.72 0.02 0.7
vn 0.84 -0.01 0.55
vn 0.95 0.01 0.3
vn 0.97 0 0.24
vn 1 -0 0.07
vn 0.43 -0 0.9
vn 0.42 -0 0.91
vn 0.61 0 0.79
vn 0.57 0.01 0.82
vn 0.64 0 0.77
vn 0.06 0.03 1
vn 0.2 -0.02 0.98
vn -0.07 0.01 1
vn -0.01 -0 1
vn -0.25 -0 0.97
vn -0.25 0 0.97
vn -1 -0 0.04
vn 1 0 0.05
vn -1 -0 -0.07
vn -0.96 0.04 -0.28
vn -0.99 -0.02 -0.11
vn -0.88 0.02 -0.47
vn -0.84 -0.01 -0.55
vn -0.58 0.01 -0.81
vn -0.55 0 -0.83
vn -0.19 -0 -0.98
vn -0.17 0.01 -0.99
vn 0.01 0 -1
vn 0.19 -0.02 -0.98
vn 0.07 0 -1
vn -0.01 0 -1
vn -0.03 -0 -1
vn 0.24 -0.01 -0.97
vn 0.47 0.01 -0.88
vn 0.54 -0.01 -0.84
vn 0.83 0.02 -0.56
vn 0.76 -0.03 -0.64
vn 0.91 0 -0.42
vn 0.96 -0 -0.29
vn 0.98 0.01 -0.18
vn 1 -0 -0.1
vn -0 1 -0
vn 0 1 -0
vn 0 1 0
vn 0.89 0.46 0.03
vn 0.97 0.24 0.04
vn 0.97 0.22 0.04
vn 0.86 0.5 0.04
vn 1 0.07 0.04
vn 1 0.04 0.05
vn 1 0.08 0.05
vn 0.1 1 0
vn 0.18 0.98 0.02
vn 0.27 0.96 0.01
vn 0.6 0.8 0.03
vn 0.77 0.64 0.04
vn 0.73 0.68 0.03
vn 0.67 0.74 0.03
vn 0.46 0.89 0.02
vn 0.41 0.91 0.01
vn 0.59 0.8 0.03
vn -0.17 0 0.99
vn -0.11 -0.09 0.99
vn 0.06 0 1
vn 0.35 0 0.94
vn 0.31 -0.09 0.95
vn 0.73 0.1 0.68
vn 0.69 -0.06 0.72
vn 0.96 0.05 0.28
vn 0.96 0 0.29
vn 0.2 0.63 0.75
vn 0.25 0.24 0.94
vn 0.85 0.45 0.26
vn 0.01 0.97 0.24
vn 0.08 0.97 0.24
vn 0.58 0.8 0.18
vn 0.4 0.91 0.12
vn 0.06 0.97 0.24
vn 0.17 0.97 0.18
vn 0.18 0.97 0.17
vn 0.2 0.97 0.13
vn 0.17 0.98 0.05
vn 0.95 0.06 0.29
vn 0.69 0.06 0.72
vn 0.69 0.06 0.72
vn 0.31 0.06 0.95
vn 0.24 0.3 0.92
vn 0.06 0.07 1
vn 0.22 0.46 0.86
vn 0.28 0.35 0.89
vn 0.65 0.35 0.67
vn 0.88 0.35 0.31
vn 0.93 0.23 0.28
vn 0.15 0.8 0.59
vn 0.22 0.74 0.63
vn 0.47 0.74 0.49
vn 0.62 0.74 0.25
vn 0.74 0.63 0.23
vn -0.76 -0 0.65
vn -0.58 -0.73 0.36
vn -0.51 -0.8 0.31
vn -0.66 0 0.75
vn -0.41 -0.64 0.65
vn -0.47 -0 0.88
vn 0.85 -0 0.53
vn 0.84 0.02 0.54
vn 0.53 -0.02 0.85
vn 0 1 -0.01
vn 0.01 1 -0
vn -0 1 0
vn -0 1 0.01
vn -0.02 1 0.01
vn 0 1 -0.01
vn -0.01 1 -0.01
vn -0.01 1 -0.03
vn 0.01 1 0
vn -0 1 -0
vn 0 1 -0
vn 0 1 0.02
vn 0.05 1 0.03
vn 0.03 0.99 0.13
vn -0.17 0.96 -0.23
vn -0 1 0
vn -0 1 -0
vn 0.19 0.69 0.69
vn 0.51 0.69 0.51
vn 0.69 0.69 0.19
vn 0.69 0.69 -0.19
vn 0.51 0.69 -0.51
vn 0.19 0.69 -0.69
vn -0.1 1 -0.02
vn -0.09 1 -0.01
vn -0.09 1 -0.01
vn -0.09 1 -0.01
vn -0.1 1 -0.01
vn -0.1 0.99 -0.01
vn -0.1 0.99 -0.01
vn -0.11 0.99 -0.02
vn -0.13 0.99 -0.02
vn -0.16 0.99 -0.03
vn -0.09 1 -0.03
vn -0.1 0.99 -0.03
vn -0.08 1 -0.04
vn -0.09 1 -0.04
vn -0.1 1 -0.01
vn -0.09 1 -0.01
vn -0.09 1 -0.01
vn -0.3 -0.81 -0.51
vn -0.64 -0 -0.77
vn -0.75 0 -0.66
vn -0.63 -0.66 -0.4
vn -0.88 -0 -0.48
vn -0.04 1 -0.08
vn 0.04 1 -0.08
vn 0.04 1 -0.09
vn 0.03 1 -0.09
vn 0.03 1 -0.09
vn 0.03 1 -0.09
vn 0.02 1 -0.09
vn -0.05 1 -0.09
vn -0.03 1 -0.09
vn -0.03 1 -0.09
vn -0.03 1 -0.09
vn -0.04 1 -0.09
vn -0.04 1 -0.08
vn -0.01 0.99 -0.11
vn -0 1 -0.09
vn 0 1 -0.08
vn 0 1 -0.09
vn 0 1 -0.09
vn 0 1 -0.1
vn 0 1 -0.1
vn 0.01 1 -0.01
vn -0.04 0.97 -0.25
vn -0.02 0.99 -0.15
vn 0.01 1 -0.09
vn 0.01 1 -0.09
vn 0.01 0.99 -0.1
vn 0.02 0.99 -0.11
vn 0.02 0.99 -0.14
vn 0.03 0.99 -0.16
vn 0.19 -0 -0.98
vn 0.11 0.12 -0.99
vn -0.96 0.06 -0.27
vn -0.93 0.19 -0.32
vn -0.99 -0 -0.11
vn -0.11 -0 -0.99
vn -0.29 -0.04 -0.96
vn -0.35 0.08 -0.93
vn -0.53 -0 -0.85
vn -0.74 0 -0.67
vn -0.67 0.17 -0.72
vn -0.86 -0.02 -0.52
vn 0.59 -0.72 -0.37
vn 0.76 -0 -0.65
vn 0.66 0 -0.75
vn 0.41 -0.64 -0.65
vn 0.47 -0 -0.88
vn 0.09 1 0.03
vn 0.13 0.99 0.01
vn 0.09 1 -0.03
vn 0.09 1 -0.03
vn 0.09 1 -0.03
vn 0.09 1 -0.03
vn 0.09 1 -0.04
vn 0.08 1 -0.04
vn 0.09 1 0
vn 0.04 1 0.01
vn 0.09 1 0.01
vn 0.1 0.99 0.01
vn 0.04 1 -0
vn 0.19 0.98 -0.04
vn 0.08 1 -0
vn 0.09 1 0.03
vn 0.11 0.99 0.02
vn 0.11 0.99 0.02
vn 0.07 1 0
vn 0.22 0.98 -0.01
vn 0.08 1 0.03
vn 0.08 1 0.03
vn 0.09 1 0.03
vn 0.09 1 0.02
vn 0.09 1 0.03
vn 0.09 1 0.02
vn 0.09 1 0.02
vn 0.09 1 0.02
vn 0.1 0.99 -0
vn 0.1 1 0
vn 0.08 0.99 -0.08
vn -0.17 -0 0.99
vn -0.11 -0.02 0.99
vn -0.55 0.03 0.83
vn -0.46 -0.02 0.89
vn -0.67 0 0.74
vn -0.83 0 0.55
vn -0.81 -0.01 0.58
vn -0.93 0 0.38
vn -0.99 -0.01 0.14
vn -0.99 0 0.17
vn 1 0 -0.02
vn 1 -0 -0.02
vn 0.23 0.97 -0.05
vn -0.23 0.97 -0.05
vn -0.19 0.97 -0.13
vn -0.2 0.97 -0.14
vn -0.21 0.98 -0.04
vn -0.15 0.97 -0.17
vn -0.15 0.94 -0.31
vn -0.1 0.98 -0.17
vn 0 0.96 -0.28
vn -0.02 0.99 -0.16
vn 0.09 0.95 -0.29
vn 0.08 0.98 -0.17
vn 0.2 0.96 -0.21
vn 0.21 0.95 -0.24
vn 0.16 0.98 -0.12
vn 0.28 0.95 -0.11
vn 0.13 0.99 -0.01
vn -0.04 -0 -1
vn 0.27 0 -0.96
vn 0.21 -0.16 -0.96
vn 0.43 -0 -0.9
vn 0.61 0.01 -0.79
vn 0.61 -0 -0.79
vn 0.78 -0 -0.63
vn 0.86 0.11 -0.5
vn 0.85 0.09 -0.52
vn 0.96 -0.11 -0.25
vn 0.97 -0.09 -0.23
vn 1 0 -0.06
vn 0.83 0.19 0.53
vn 0.48 0.42 0.77
vn 0.33 0.78 0.53
vn 0.33 0.79 0.52
vn 0.23 0.9 0.37
vn 0.12 0.98 0.19
vn 0.84 0.06 0.53
vn 0.84 0.13 0.53
vn 0.52 0.13 0.84
vn 0.53 0.08 0.84
vn 0.77 0.41 0.49
vn 0.75 0.45 0.48
vn 0.48 0.45 0.75
vn 0.42 0.6 0.68
vn 0.68 0.59 0.43
vn 0.54 0.77 0.34
vn 0.52 0.79 0.33
vn 0.21 0.97 0.13
vn 0.19 0.98 0.12
vn 0.04 0 -1
vn 0.04 -0 -1
vn -0.57 0 0.82
vn -0.56 -0.01 0.83
vn -0.83 0.01 0.56
vn -0.82 0 0.57
vn 0.82 0 0.57
vn 0.83 -0.01 0.56
vn 0.56 0.01 0.83
vn 0.57 0 0.82
vn -0.38 0.91 0.17
vn -0.73 0.61 0.32
vn -0.97 -0.05 0.25
vn -0.85 0.15 0.51
vn -0.18 0.98 0.08
vn -0.2 0.97 0.1
vn -0.18 0.97 0.14
vn -0.07 0.98 0.17
vn -0.13 0.99 0.09
vn -0.18 0.97 0.17
vn -0.13 0.98 0.16
vn -0.14 0.97 0.2
vn -0.1 0.98 0.19
vn -0.11 0.97 0.23
vn -0.23 0.91 0.34
vn -0.92 0.12 0.38
vn -0.81 -0.36 0.46
vn -0.83 0.16 0.54
vn -0.75 -0.05 0.65
vn -0.68 0.33 0.65
vn -0.65 -0.13 0.75
vn -0.54 0.35 0.76
vn -0.35 -0.67 0.65
vn -0.41 0.19 0.89
vn -0.81 0.48 0.35
vn -0.85 0.36 0.39
vn -0.78 0.36 0.51
vn -0.67 0.36 0.65
vn -0.54 0.36 0.76
vn -0.37 0.36 0.86
vn -0.38 0.55 0.74
vn -0.57 0.79 0.25
vn -0.59 0.76 0.27
vn -0.55 0.76 0.35
vn -0.47 0.76 0.45
vn -0.38 0.76 0.53
vn -0.27 0.76 0.59
vn -0.26 0.81 0.52
vn -0.19 0.97 0.13
vn -0.25 0.97 -0
vn -0.19 0.97 -0.13
vn -0.15 0.97 -0.17
vn -0.06 0.97 -0.24
vn 0.1 0.97 -0.21
vn 0.15 0.97 -0.17
vn 0.04 0 -1
vn 0.05 0 -1
vn -0.05 0.98 -0.2
vn -0.19 0.98 -0.07
vn -0.21 0.98 0.02
vn -0.2 0.98 0.02
vn -0.42 0.9 0.05
vn -0.6 0.8 0.03
vn -0.62 0.78 0.07
vn -0.8 0.6 0.09
vn -0.86 0.51 0.07
vn -0.88 0.47 0.09
vn -0.98 0.15 0.11
vn -0.66 -0.19 -0.73
vn -0.06 0.98 -0.2
vn -0.16 0.79 -0.59
vn -0.23 0.5 -0.83
vn -0.23 0.5 -0.83
vn -0.26 0.19 -0.95
vn -0.29 0.15 -0.95
vn -0.27 -0.05 -0.96
vn -0.27 -0.12 -0.96
vn -0.27 -0.11 -0.96
vn -1 -0.05 0.05
vn -0.98 -0.19 0.11
vn -0.92 -0.2 -0.35
vn -0.92 0.15 -0.35
vn -0.81 0.5 -0.31
vn -0.81 0.5 -0.31
vn -0.57 0.79 -0.21
vn -0.19 0.98 -0.07
vn -0.14 0.98 -0.15
vn -0.14 0.98 -0.15
vn -0.41 0.79 -0.45
vn -0.58 0.5 -0.64
vn -0.58 0.5 -0.64
vn -0.66 0.15 -0.73
vn -0.66 0.15 -0.73
vn -0.66 -0.2 -0.73
vn -0.93 -0.15 -0.33
vn -0.28 0 0.96
vn -0.29 0.04 0.96
vn -0.64 -0.05 0.77
vn -0.69 0.07 0.72
vn -0.81 0 0.59
vn -0.85 -0 0.52
vn -0.91 -0.04 0.42
vn -0.95 0.11 0.29
vn -0.99 0.02 0.16
vn -1 0.02 0.04
vn -1 -0.02 -0.08
vn -0.98 0.06 -0.17
vn -0.96 0 -0.27
vn -0.05 -0 1
vn -0.04 0 1
vn -1 -0 -0.05
vn -0.05 0.13 -0.99
vn -0.04 0.19 -0.98
vn -0.06 0.23 -0.97
vn -0.04 0.18 -0.98
vn -0.03 0.51 -0.86
vn -0.05 0.88 -0.47
vn -0.04 0.79 -0.61
vn -0.03 0.74 -0.67
vn -0.03 0.54 -0.84
vn -0.02 0.8 -0.6
vn -0.01 0.98 -0.2
vn -0.01 0.98 -0.18
vn -0.05 0 1
vn -0.75 0.63 0.2
vn -0.94 0.24 0.25
vn -0.26 0.45 0.85
vn -0.24 0.97 0.01
vn -0.24 0.97 0.08
vn -0.18 0.8 0.58
vn -0.12 0.91 0.4
vn -0.24 0.97 0.06
vn -0.18 0.97 0.17
vn -0.17 0.97 0.18
vn -0.13 0.97 0.2
vn -0.05 0.98 0.17
vn -0.29 0.06 0.95
vn -0.69 0.06 0.72
vn -0.7 0.23 0.67
vn -0.85 0.07 0.52
vn -0.96 0.06 0.29
vn -0.94 0.22 0.25
vn -1 0.07 0.04
vn -0.86 0.46 0.22
vn -0.89 0.35 0.28
vn -0.67 0.35 0.65
vn -0.31 0.35 0.88
vn -0.28 0.23 0.93
vn -0.59 0.8 0.15
vn -0.63 0.74 0.22
vn -0.49 0.74 0.47
vn -0.25 0.74 0.62
vn -0.23 0.63 0.74
vn -0.43 -0.32 -0.85
vn -0.86 -0.19 -0.47
vn -0.63 0.07 -0.77
vn -0.45 -0.03 -0.89
vn -0.45 0.01 -0.89
vn -0.45 -0.15 -0.88
vn -0.28 0.79 -0.55
vn -0.28 0.79 -0.55
vn -0.36 0.62 -0.7
vn -0.36 0.6 -0.71
vn -0.42 0.37 -0.83
vn -0.42 0.42 -0.81
vn -0.44 0.16 -0.88
vn -0.18 0.96 -0.2
vn -0.14 0.99 -0.07
vn -0.17 0.98 -0.09
vn -0.87 0.19 -0.45
vn -0.76 0.48 -0.42
vn -0.82 0.37 -0.43
vn -0.67 0.65 -0.35
vn -0.54 0.79 -0.3
vn -0.5 0.83 -0.26
vn -0.34 0.92 -0.18
vn -0.1 0.98 -0.2
vn -0.09 0.98 -0.19
vn -0.12 0.98 -0.13
vn -0.43 0.78 -0.44
vn -0.65 0.37 -0.67
vn -0.48 0.73 -0.49
vn -0.73 0.2 -0.65
vn 0.01 0.98 -0.21
vn -0.08 0.62 -0.78
vn -0.06 0.78 -0.62
vn -0.05 0.79 -0.61
vn -0.04 0.98 -0.22
vn -0.04 0.98 -0.22
vn -0.08 0.61 -0.79
vn -0.07 0.52 -0.85
vn -0.11 0.44 -0.89
vn -0.04 0.22 -0.97
vn -0.02 0.18 -0.98
vn -0.05 0.1 -0.99
vn 0.32 -0.17 -0.93
vn 0.1 -0.17 -0.98
vn 0.13 -0.18 -0.98
vn -0.07 0.07 -1
vn -0.05 0 -1
vn 0.53 -0.15 -0.83
vn 0.72 -0.07 -0.69
vn 0.95 -0.07 -0.3
vn 0.95 -0.18 -0.27
vn 0.96 -0.04 -0.26
vn 0.96 0.06 -0.27
vn 0.94 0.18 -0.3
vn 0.93 0.23 -0.27
vn 0.86 0.45 -0.23
vn 0.82 0.52 -0.24
vn 0.75 0.63 -0.2
vn 0.58 0.79 -0.2
vn 0.58 0.79 -0.21
vn 0.23 0.97 -0.01
vn 0.24 0.97 -0.07
vn 0.35 -0.09 -0.93
vn 0.35 0.18 -0.92
vn 0.35 0.18 -0.92
vn 0.3 0.51 -0.8
vn 0.3 0.51 -0.8
vn 0.22 0.79 -0.58
vn 0.07 0.98 -0.2
vn 0.73 -0.15 -0.66
vn 0.73 0.18 -0.66
vn 0.64 0.51 -0.58
vn 0.46 0.79 -0.41
vn 0.16 0.98 -0.14
vn -0.03 0.68 0.73
vn -0.04 0.64 0.77
vn -0.03 0.46 0.89
vn -0.04 0.07 1
vn -0.05 0.06 1
vn -0.04 0.24 0.97
vn -0.05 0.21 0.98
vn -0.04 0.49 0.87
vn -0.03 0.74 0.67
vn -0.03 0.8 0.6
vn -0.03 0.8 0.59
vn -0.02 0.88 0.48
vn -0.02 0.91 0.41
vn -0.01 0.96 0.29
vn -0.02 0.98 0.18
vn -0 1 0.1
vn 0.67 0.74 -0.03
vn 1 0.06 -0.04
vn 0.99 0.13 -0.05
vn 1 0.08 -0.04
vn 0.97 0.23 -0.04
vn 0.97 0.23 -0.04
vn 0.85 0.52 -0.03
vn 0.89 0.46 -0.02
vn 0.77 0.64 -0.03
vn 0.25 0.97 -0.01
vn 0.02 1 -0.05
vn 0.22 0.97 -0.02
vn 0.6 0.8 -0.02
vn 0.49 0.87 -0.04
vn 0.6 0.8 -0.03
vn 1 -0 -0.04
vn 0.65 0.19 -0.74
vn 0.47 -0.14 -0.87
vn 0.46 0.06 -0.88
vn 0.75 0.14 -0.64
vn 0.88 0 -0.47
vn 0.88 -0.12 -0.46
vn 0.83 0.37 -0.43
vn 0.82 0.38 -0.43
vn 0.72 0.58 -0.38
vn 0.59 0.75 -0.3
vn 0.22 0.97 -0.11
vn 0.46 0.14 -0.88
vn 0.43 0.36 -0.83
vn 0.43 0.38 -0.82
vn 0.31 0.74 -0.6
vn 0.31 0.75 -0.58
vn 0.11 0.97 -0.22
vn 0.11 0.97 -0.22
vn 0.52 0.68 -0.52
vn 0.66 0.38 -0.65
vn 0.47 0.75 -0.47
vn 0.18 0.97 -0.17
vn 0.24 0.19 0.95
vn 0.66 0.75 -0.09
vn 0.07 0.97 0.24
vn 0.15 0.97 0.18
vn 0.13 0.96 0.24
vn 0.24 0.97 0.09
vn 0.24 0.97 0.09
vn 0.25 0.97 -0.03
vn 0.25 0.97 -0.03
vn 1 0 0.1
vn 0.96 -0.26 -0.14
vn 0.91 -0.27 0.32
vn 0.99 0.02 0.14
vn 0.65 0.02 0.76
vn 0.44 -0.33 0.83
vn 0.23 -0.32 0.92
vn 0.47 0.01 0.88
vn 0.19 0.61 0.77
vn 0.92 0.36 -0.11
vn 0.93 0.36 -0.12
vn 0.88 0.35 0.31
vn 0.88 0.35 0.31
vn 0.61 0.35 0.71
vn 0.61 0.35 0.71
vn 0.26 0.36 0.9
vn 0.22 0.41 0.88
vn 0.81 0.57 -0.11
vn 0.67 0.74 -0.08
vn 0.64 0.73 0.23
vn 0.64 0.73 0.23
vn 0.44 0.73 0.52
vn 0.44 0.73 0.52
vn 0.21 0.74 0.64
vn 0.15 0.78 0.61
vn -0.86 0.45 -0.24
vn -0.58 0.79 -0.16
vn -0.17 0.98 -0.05
vn 0.11 0.06 -0.99
vn -0.35 0.06 -0.93
vn -0.74 0.06 -0.67
vn -0.74 0.06 -0.67
vn -0.96 0.06 -0.27
vn -0.96 0.06 -0.27
vn -0.94 0.23 -0.26
vn -0.89 0.35 -0.3
vn -0.69 0.34 -0.63
vn -0.33 0.34 -0.88
vn -0.75 0.63 -0.21
vn -0.63 0.74 -0.24
vn -0.5 0.73 -0.46
vn -0.24 0.73 -0.64
vn -0.4 0.91 -0.11
vn -0.2 0.97 -0.14
vn -0.19 0.97 -0.17
vn -0.09 0.97 -0.23
vn -0.02 0.97 -0.24
vn 0.11 0.13 -0.99
vn 0.09 0.34 -0.93
vn 0.1 0.36 -0.93
vn 0.07 0.73 -0.68
vn 0.03 0.97 -0.25
vn 0.04 0.97 -0.24
vn -0.89 0.46 -0.03
vn -1 0.06 -0.04
vn -1 0.06 -0.05
vn -0.97 0.24 -0.04
vn -0.97 0.22 -0.04
vn -0.86 0.5 -0.04
vn -0.02 1 -0
vn -0.18 0.98 -0.01
vn -0.12 0.99 -0.02
vn -0.27 0.96 -0.01
vn -0.6 0.8 -0.03
vn -0.77 0.64 -0.04
vn -0.73 0.68 -0.03
vn -0.67 0.74 -0.03
vn -0.46 0.89 -0.02
vn -0.41 0.91 -0.01
vn -0.6 0.8 -0.03
vn 0.05 0.03 1
vn 0.02 0.2 0.98
vn 0.04 0.13 0.99
vn 0.02 0.42 0.91
vn 0.04 0.5 0.87
vn 0.04 0.13 0.99
vn 0.06 0.19 0.98
vn 0.05 0.13 0.99
vn 0.04 0.87 0.49
vn 0.02 0.78 0.62
vn 0.02 0.97 0.22
vn 0.03 0.62 0.79
vn 0.03 0.74 0.67
vn 0.03 0.8 0.6
vn 0.05 1 0.03
vn 0.01 0.97 0.24
vn 0 1 0.01
vn 0.04 -0 1
vn 0.8 0.59 0.09
vn 0.24 0.44 -0.86
vn 0.17 0.79 -0.59
vn 0.05 0.98 -0.17
vn 0.98 0.19 0.1
vn 0.99 0.06 0.11
vn 0.92 0.36 0.16
vn 0.21 0.06 -0.97
vn 0.26 0.27 -0.93
vn 0.43 0.06 -0.9
vn 0.67 0.06 -0.74
vn 1 0.06 -0.06
vn 0.97 0.06 -0.23
vn 0.88 0.34 -0.33
vn 0.84 -0.17 -0.52
vn 0.55 0.43 -0.71
vn 0.91 0.41 0.1
vn 0.94 0.34 0.06
vn 0.88 0.34 -0.33
vn 0.63 0.34 -0.69
vn 0.63 0.34 -0.69
vn 0.3 0.35 -0.89
vn 0.26 0.23 -0.94
vn 0.64 0.77 0.07
vn 0.68 0.74 0.03
vn 0.64 0.73 -0.24
vn 0.46 0.73 -0.5
vn 0.24 0.74 -0.63
vn 0.21 0.62 -0.75
vn 0.25 0.97 0.03
vn 0.23 0.97 -0.09
vn 0.17 0.97 -0.19
vn 0.14 0.97 -0.2
vn 0.11 0.91 -0.41
vn 0.01 0.98 -0.18
vn 0 1 -0.03
vn 0 1 -0.01
vn 0.03 0.74 -0.67
vn 0.03 0.8 -0.6
vn 0.03 0.8 -0.6
vn 0.02 0.89 -0.46
vn 0.02 0.91 -0.41
vn 0.01 0.96 -0.27
vn 0.02 0.99 -0.12
vn 0.03 0.68 -0.73
vn 0.04 0.63 -0.77
vn 0.03 0.45 -0.89
vn 0.04 0.06 -1
vn 0.05 0.06 -1
vn 0.04 0.23 -0.97
vn 0.04 0.22 -0.97
vn 0.04 0.5 -0.87
vn -0.61 -0 -0.79
vn -0.92 0 0.39
vn -0.97 -0 0.25
vn -0.97 -0 0.23
vn -1 -0 0.06
vn -1 0 -0.01
vn -0.99 -0.01 -0.13
vn -0.77 0 -0.64
vn -0.82 0.01 -0.57
vn -0.79 -0 -0.62
vn -0.91 0 -0.42
vn -0.9 -0 -0.44
vn -0.98 0 -0.21
vn -0.12 0.05 -0.99
vn -0.07 -0 -1
vn -0.15 0 -0.99
vn -0.28 0.01 -0.96
vn -0.28 0.01 -0.96
vn -0.58 -0.01 -0.82
vn -0.97 -0 0.25
vn -0.13 0.13 0.98
vn -0.63 -0 0.78
vn -0.07 0 1
vn -0.06 -0 1
vn -0.23 0 0.97
vn -0.31 0.01 0.95
vn -0.54 -0.01 0.84
vn -0.7 0.02 0.71
vn -0.9 -0 0.43
vn -0.9 -0 0.43
vn -0.8 0 0.6
vn -0.82 0.01 0.57
vn -0.77 0 0.64
vn -1 0.03 0.06
vn -0.98 -0.02 0.2
vn -1 0.01 -0.07
vn -1 0 -0.01
vn -0.97 0 -0.25
vn -0.97 -0 -0.25
vn -0 1 0
vn 0 1 0
vn 0 1 0
vn 0 1 0
vn 0 1 -0
vn -0.06 -0 -1
vn -0.24 -0 -0.97
vn -0.24 -0 -0.97
vn -0.39 -0 -0.92
vn 0.79 -0 -0.61
vn 0.64 0 -0.77
vn 0.57 0.01 -0.82
vn -0.02 0 -1
vn 0 0 -1
vn 0.18 -0.01 -0.98
vn 0.21 -0 -0.98
vn 0.44 0 -0.9
vn 0.44 0 -0.9
vn 0.62 -0 -0.78
vn 0.99 0.05 -0.12
vn 1 0 -0.07
vn 0.99 0 -0.15
vn 0.96 0.01 -0.28
vn 0.96 0.02 -0.26
vn 0.82 -0.02 -0.57
vn -0.23 0 -0.97
vn -1 -0 -0.06
vn -0.98 0.14 -0.13
vn -0.78 -0 -0.62
vn -0.72 0.02 -0.7
vn -0.84 -0.01 -0.55
vn -0.95 0.01 -0.3
vn -0.97 0 -0.24
vn -1 -0 -0.07
vn -0.43 -0 -0.9
vn -0.42 -0 -0.91
vn -0.61 0 -0.79
vn -0.57 0.01 -0.82
vn -0.64 0 -0.77
vn -0.08 0.03 -1
vn -0.2 -0.01 -0.98
vn 0.02 0 -1
vn 0.01 0 -1
vn 0.07 -0 -1
vn 0.25 -0 -0.97
vn 0.25 -0 -0.97
vn 0.97 -0 -0.23
vn 0.98 0.01 -0.2
vn 1 0 -0.03
vn 1 -0 -0.01
vn 0.77 0 -0.64
vn 0.07 0 -1
vn 0.08 0 -1
vn 0.65 -0 -0.76
vn 0.7 0.01 -0.71
vn 0.47 -0.02 -0.88
vn 0.54 -0 -0.84
vn 0.25 0 -0.97
vn 0.26 0 -0.96
vn 0.12 -0 -0.99
vn 0.97 -0 -0.24
vn 0.99 0.06 -0.08
vn 0.97 0.02 -0.24
vn 0.81 -0.03 -0.59
vn 0.9 0.03 -0.43
vn 0.82 0.01 -0.57
vn -0.82 -0 -0.57
vn -0.83 -0.01 -0.56
vn -0.56 0.01 -0.83
vn -0.57 -0 -0.82
vn 0.57 -0 -0.82
vn 0.56 -0.01 -0.83
vn 0.83 0.01 -0.56
vn 0.82 -0 -0.57
vn -0.03 0.99 0.11
vn 0.03 1 0.07
vn -0.27 0.67 -0.69
vn 0.03 1 0.1
vn 0.02 1 0.09
vn 0.02 1 0.09
vn 0.02 1 0.09
vn 0.02 1 0.09
vn 0.02 1 0.09
vn 0.14 0.99 0.06
vn 0.02 1 0.09
vn 0.03 1 0.09
vn 0.03 1 0.09
vn 0.03 1 0.09
vn 0.04 1 0.09
vn 0.03 1 0.08
vn -0.02 1 0.09
vn -0.02 1 0.09
vn -0.02 1 0.09
vn -0.03 1 0.07
vn -0.03 1 0.08
vn -0.04 1 0.08
vn -0.04 1 0.08
vn -0.04 1 0.09
vn -0.03 1 0.09
vn -0.03 1 0.09
vn -0.03 1 0.09
vn -0.02 1 0.09
vn -0.02 1 0.09
vn -0.02 1 0.09
vn -0.02 1 0.09
vn -0 1 0.1
vn -0.41 0.89 0.18
vn 0.32 0.95 0.05
vn 1 0 0.01
vn 1 0 0.02
vn 1 -0 0.03
vn -0.19 0.69 -0.69
vn -0.51 0.69 -0.51
vn -0.69 0.69 -0.19
vn -0.69 0.69 0.19
vn -0.51 0.69 0.51
vn -0.19 0.69 0.69
vn 0.08 1 -0.02
vn -0.08 1 0.04
vn -0.08 1 0.04
vn -0.09 1 0.03
vn -0.09 1 0.04
vn -0.08 1 0.04
vn -0.12 0.99 0.02
vn -0.09 1 0.01
vn -0.08 1 0
vn -0.12 0.99 0.02
vn -0.09 1 0
vn -0.09 1 0.01
vn -0.09 1 0.02
vn -0.1 1 0.01
vn -0.09 1 0.01
vn -0.09 1 0.01
vn 0.86 0 0.51
vn 0.98 -0 0.19
vn 0.99 -0.03 0.11
vn 0.96 -0 0.28
vn 0.61 -0.01 0.79
vn 0.54 0.02 0.84
vn 0.83 -0.01 0.56
vn 0.37 0 0.93
vn 0.14 -0.01 0.99
vn 0.17 0 0.99
vn 0.23 0.97 0.05
vn -0.23 0.97 0.05
vn 0.15 0.97 0.17
vn 0.15 0.94 0.31
vn 0.1 0.98 0.17
vn 0 0.96 0.28
vn 0.02 0.99 0.16
vn -0.09 0.95 0.29
vn -0.08 0.98 0.17
vn -0.2 0.96 0.21
vn -0.21 0.95 0.24
vn -0.16 0.98 0.12
vn -0.28 0.95 0.11
vn -0.13 0.99 0.01
vn 0.19 0.97 0.13
vn 0.2 0.97 0.14
vn 0.21 0.98 0.04
vn 0.99 0 0.17
vn 0.99 0 0.17
vn 0.19 0.97 -0.13
vn 0.25 0.97 -0
vn 0.19 0.97 0.13
vn 0.15 0.97 0.17
vn -0.15 0.97 0.17
vn -0.1 0.97 0.21
vn 0 0.97 0.23
vn 0.1 0.97 0.21
vn -0.04 -0.04 -1
vn -0.04 -0.1 -0.99
vn 1 -0.04 -0.04
vn 1 -0.07 -0.04
vn 0.04 -0.04 1
vn 0.04 -0.04 1
vn 0.05 -0 -1
vn 0.62 -0 0.79
vn 1 -0 0.04
vn 0.98 -0.01 0.18
vn 0.77 0 0.64
vn 0.82 0.01 0.57
vn 0.79 -0 0.62
vn 0.9 0 0.44
vn 0.9 0 0.44
vn 0.98 -0 0.21
vn 0.12 0.05 0.99
vn 0.07 -0 1
vn 0.15 0 0.99
vn 0.28 0.01 0.96
vn 0.23 0.02 0.97
vn 0.55 -0.02 0.84
vn 1 -0 0.01
vn 0.98 0 0.21
vn 0.97 0.01 0.23
vn 1 0 0.03
vn -0.05 0.98 0.21
vn -0.96 0 0.29
vn -0.96 0.04 0.29
vn -0.87 -0.15 0.48
vn -0.28 0.17 0.94
vn -0.25 0.03 0.97
vn -0.25 -0.1 0.96
vn -0.22 -0.18 0.96
vn -0.74 0.21 0.63
vn -0.59 -0.17 0.79
vn -0.45 -0.17 0.88
vn -0.24 0.25 0.94
vn -0.22 0.48 0.85
vn -0.23 0.51 0.83
vn -0.2 0.59 0.78
vn -0.16 0.78 0.61
vn -0.17 0.79 0.59
vn -0.11 0.9 0.42
vn -0.69 -0.14 0.71
vn -0.68 0.17 0.71
vn -0.68 0.17 0.71
vn -0.6 0.51 0.62
vn -0.6 0.51 0.62
vn -0.43 0.79 0.45
vn -0.15 0.98 0.15
vn -0.15 0.98 0.15
vn -0.95 0.08 0.29
vn -0.93 0.17 0.32
vn -0.91 0.29 0.28
vn -0.82 0.51 0.25
vn -0.59 0.79 0.18
vn -0.2 0.98 0.06
vn -0.2 0.98 0.06
vn -0.17 0.06 0.98
vn -0.2 0.19 0.96
vn -0.16 0.25 0.95
vn -0.15 0.47 0.87
vn -0.19 0.55 0.81
vn -0.13 0.63 0.76
vn -0.1 0.81 0.58
vn -0.12 0.8 0.59
vn -0.06 0.91 0.41
vn 0.04 0.97 0.24
vn -0.03 0.98 0.19
vn -0.98 0.06 -0.17
vn -0.96 0.19 -0.2
vn -0.95 0.25 -0.16
vn -0.86 0.48 -0.15
vn -0.87 0.46 -0.17
vn -0.75 0.65 -0.12
vn -0.76 0.63 -0.13
vn -0.56 0.83 -0.1
vn -0.58 0.79 -0.17
vn -0.38 0.92 -0.05
vn -0.24 0.97 0.04
vn -0.19 0.98 -0.03
vn -0.02 1 -0
vn -0.02 1 -0
vn -0.02 1 -0
vn -0.02 1 -0
vn -0.02 1 -0
vn -0.02 1 -0
vn -0.02 1 0
vn -0.01 1 -0
vn -0.02 1 0
vn -0.02 1 0
vn -0.02 1 -0
vn -0.02 1 0.01
vn -0.01 1 0
vn -0.02 1 0
vn -0.02 1 0
vn -0.04 1 0
vn -0.05 1 0
vn -0.03 1 0.03
vn -0.03 1 0.01
vn -0.03 1 0.01
vn -0.04 1 0
vn -0.04 1 -0
vn -0.03 1 0
vn -0.02 1 -0.02
vn -0.02 1 -0.01
vn -0.02 1 -0.01
vn -0.02 1 -0
vn 0.04 1 -0
vn 0.05 1 -0
vn 0.05 1 0
vn 0.05 1 0
vn 0.05 1 0
vn 0.05 1 0
vn 0.03 1 -0
vn 0.03 1 0
vn 0.02 1 0
vn 0.02 1 -0
vn 0.02 1 0
vn 0.02 1 0
vn 0.03 1 0.02
vn 0.03 1 0.02
vn 0.02 1 0
vn 0.02 1 -0
vn 0.02 1 -0
vn 0.02 1 -0
vn 0.02 1 -0
vn 0.02 1 -0
vn 0.02 1 -0
vn 0.05 1 0
vn 0.05 1 0
vn 0.03 1 -0
vn 0.03 1 -0
vn 0.02 1 -0
vn 0.02 1 -0
vn 0.02 1 0
vn 0.02 1 0
vn 0.02 1 0
vn 0.02 1 0
vn 0.02 1 0
vn 0.02 1 0
vn 0.02 1 -0
vn 0.03 1 0
vn 0.03 1 0.01
vn 0.03 1 0
vn 0.02 1 0.02
vn 0.02 1 0.01
vn 0.02 1 0.01
vn 0.02 1 0
vn 0.01 1 0
vn 0.01 1 -0
vn 0.01 1 -0
vn 0.01 1 -0
vn 0.02 1 0
vn 0.02 1 -0
vn 0.05 1 -0.03
vn 0.02 1 -0
vn 0.03 1 -0.02
vn 0.04 1 -0.03
vn 0.03 1 -0.02
vn 0.03 1 -0.01
vn 0.03 1 -0.01
vn 0.03 1 -0
vn 0.03 1 -0
f 1//1 2//1 3//1
f 3//1 2//1 4//1
f 3//1 4//1 5//1
f 5//1 4//1 6//1
f 5//1 6//1 7//1
f 7//1 6//1 8//1
f 7//1 8//1 9//1
f 9//1 8//1 10//1
f 9//1 10//1 11//1
f 11//1 10//1 12//1
f 11//1 12//1 13//1
f 13//1 12//1 14//1
f 13//1 14//1 15//1
f 15//1 14//1 16//1
f 15//1 16//1 17//1
f 17//1 16//1 18//1
f 17//1 18//1 19//1
f 19//1 18//1 20//1
f 19//1 20//1 21//1
f 21//1 20//1 22//1
f 21//1 22//1 23//1
f 23//1 22//1 24//1
f 23//1 24//1 25//1
f 25//1 24//1 26//1
f 25//1 26//1 27//1
f 27//1 26//1 28//1
f 27//1 28//1 29//1
f 29//1 28//1 30//1
f 29//1 30//1 31//1
f 31//1 30//1 32//1
f 31//1 32//1 33//1
f 33//1 32//1 34//1
f 33//1 34//1 35//1
f 35//1 34//1 36//1
f 35//1 36//1 37//1
f 37//1 36//1 38//1
f 37//1 38//1 39//1
f 39//1 38//1 40//1
f 39//1 40//1 41//1
f 41//1 40//1 42//1
f 41//1 42//1 43//1
f 43//1 42//1 44//1
f 43//1 44//1 45//1
f 45//1 44//1 46//1
f 45//1 46//1 47//1
f 47//1 46//1 48//1
f 47//1 48//1 49//1
f 49//1 48//1 50//1
f 49//1 50//1 51//1
f 51//1 50//1 52//1
f 51//1 52//1 53//1
f 53//1 52//1 54//1
f 53//1 54//1 55//1
f 55//1 54//1 56//1
f 55//1 56//1 57//1
f 57//1 56//1 58//1
f 57//1 58//1 59//1
f 59//1 58//1 60//1
f 59//1 60//1 61//1
f 61//1 60//1 62//1
f 61//1 62//1 63//1
f 63//1 62//1 64//1
f 63//1 64//1 65//1
f 65//1 64//1 66//1
f 65//1 66//1 67//1
f 67//1 66//1 68//1
f 67//1 68//1 69//1
f 69//1 68//1 70//1
f 69//1 70//1 71//1
f 71//1 70//1 72//1
f 71//1 72//1 73//1
f 73//1 72//1 74//1
f 73//1 74//1 75//1
f 75//1 74//1 76//1
f 75//1 76//1 77//1
f 77//1 76//1 78//1
f 77//1 78//1 79//1
f 79//1 78//1 80//1
f 79//1 80//1 81//1
f 81//1 80//1 82//1
f 81//1 82//1 83//1
f 83//1 82//1 84//1
f 83//1 84//1 85//1
f 85//1 84//1 86//1
f 85//1 86//1 87//1
f 87//1 86//1 88//1
f 87//1 88//1 89//1
f 89//1 88//1 90//1
f 89//1 90//1 91//1
f 91//1 90//1 92//1
f 91//1 92//1 93//1
f 93//1 92//1 94//1
f 93//1 94//1 95//1
f 95//1 94//1 96//1
f 95//1 96//1 97//1
f 97//1 96//1 98//1
f 97//1 98//1 99//1
f 99//1 98//1 100//1
f 99//1 100//1 101//1
f 101//1 100//1 102//1
f 101//1 102//1 103//1
f 103//1 102//1 104//1
f 103//1 104//1 105//1
f 105//1 104//1 106//1
f 105//1 106//1 107//1
f 107//1 106//1 108//1
f 107//1 108//1 109//1
f 109//1 108//1 110//1
f 109//1 110//1 111//1
f 111//1 110//1 112//1
f 111//1 112//1 113//1
f 113//1 112//1 114//1
f 113//1 114//1 115//1
f 115//1 114//1 116//1
f 115//1 116//1 117//1
f 117//1 116//1 118//1
f 117//1 118//1 119//1
f 119//1 118//1 120//1
f 119//1 120//1 121//1
f 121//1 120//1 122//1
f 121//1 122//1 123//1
f 123//1 122//1 124//1
f 123//1 124//1 125//1
f 125//1 124//1 126//1
f 125//1 126//1 127//1
f 127//1 126//1 128//1
f 127//1 128//1 129//1
f 129//1 128//1 130//1
f 129//1 130//1 131//1
f 131//1 130//1 132//1
f 131//1 132//1 133//1
f 133//1 132//1 134//1
f 133//1 134//1 135//1
f 135//1 134//1 136//1
f 135//1 136//1 137//1
f 137//1 136//1 138//1
f 137//1 138//1 139//1
f 139//1 138//1 140//1
f 139//1 140//1 141//1
f 141//1 140//1 142//1
f 141//1 142//1 143//1
f 143//1 142//1 144//1
f 143//1 144//1 1//1
f 1//1 144//1 2//1
f 145//2 146//2 147//2
f 145//3 147//3 148//3
f 148//4 147//4 149//4
f 148//5 149//5 150//5
f 150//6 149//6 151//6
f 150//7 151//7 152//7
f 152//8 151//8 153//8
f 152//8 153//8 154//8
f 154//9 153//9 155//9
f 154//9 155//9 156//9
f 156//10 155//10 157//10
f 156//10 157//10 158//10
f 158//11 157//11 159//11
f 158//12 159//12 160//12
f 160//13 159//13 161//13
f 160//14 161//14 162//14
f 162//15 161//15 163//15
f 162//16 163//16 164//16
f 164//17 163//17 165//17
f 164//18 165//18 166//18
f 166//19 165//19 167//19
f 166//20 167//20 168//20
f 168//21 167//21 169//21
f 168//22 169//22 170//22
f 170//23 169//23 171//23
f 170//23 171//23 172//23
f 172//24 171//24 173//24
f 172//24 173//24 174//24
f 174//25 173//25 175//25
f 174//25 175//25 176//25
f 176//26 175//26 177//26
f 176//27 177//27 178//27
f 178//28 177//28 179//28
f 178//29 179//29 180//29
f 180//30 179//30 181//30
f 180//31 181//31 182//31
f 183//32 184//32 185//32
f 185//33 186//33 183//33
f 183//34 186//34 187//34
f 183//35 187//35 188//35
f 187//36 189//36 188//36
f 188//37 189//37 190//37
f 188//38 190//38 191//38
f 190//39 192//39 191//39
f 191//40 192//40 193//40
f 191//41 193//41 194//41
f 193//42 195//42 194//42
f 194//43 195//43 196//43
f 194//44 196//44 197//44
f 196//45 198//45 197//45
f 197//46 198//46 199//46
f 197//47 199//47 200//47
f 199//48 201//48 200//48
f 200//49 201//49 202//49
f 200//50 202//50 203//50
f 202//51 204//51 203//51
f 203//52 204//52 205//52
f 203//53 205//53 206//53
f 206//54 205//54 207//54
f 207//55 208//55 206//55
f 206//56 208//56 209//56
f 206//57 209//57 210//57
f 210//58 209//58 211//58
f 210//59 211//59 212//59
f 212//60 211//60 213//60
f 213//61 214//61 212//61
f 212//62 214//62 215//62
f 212//63 215//63 216//63
f 216//64 215//64 217//64
f 216//65 217//65 218//65
f 217//66 219//66 218//66
f 218//67 219//67 220//67
f 218//68 220//68 221//68
f 221//69 220//69 222//69
f 222//70 223//70 221//70
f 221//71 223//71 224//71
f 221//72 224//72 225//72
f 225//73 224//73 226//73
f 225//74 226//74 227//74
f 227//75 226//75 228//75
f 228//76 229//76 227//76
f 227//77 229//77 230//77
f 227//78 230//78 231//78
f 231//79 230//79 232//79
f 231//80 232//80 233//80
f 233//81 232//81 234//81
f 235//82 236//82 237//82
f 237//83 236//83 233//83
f 237//84 233//84 238//84
f 238//85 233//85 234//85
f 239//86 32//86 240//86
f 240//86 32//86 30//86
f 240//87 30//87 241//87
f 241//87 30//87 28//87
f 241//88 28//88 242//88
f 242//88 28//88 26//88
f 242//89 26//89 243//89
f 243//89 26//89 24//89
f 243//90 24//90 244//90
f 244//90 24//90 22//90
f 244//91 22//91 245//91
f 245//91 22//91 20//91
f 245//92 20//92 246//92
f 246//92 20//92 18//92
f 246//93 18//93 247//93
f 247//93 18//93 16//93
f 247//94 16//94 248//94
f 248//94 16//94 14//94
f 248//95 14//95 249//95
f 249//95 14//95 12//95
f 249//96 12//96 250//96
f 250//96 12//96 10//96
f 250//97 10//97 251//97
f 251//97 10//97 8//97
f 251//98 8//98 252//98
f 252//98 8//98 6//98
f 252//99 6//99 253//99
f 253//99 6//99 4//99
f 253//100 4//100 254//100
f 254//100 4//100 2//100
f 254//101 2//101 255//101
f 255//101 2//101 144//101
f 255//102 144//102 256//102
f 256//103 144//103 142//103
f 256//104 142//104 257//104
f 257//104 142//104 140//104
f 257//105 140//105 258//105
f 258//105 140//105 138//105
f 258//106 138//106 259//106
f 259//106 138//106 136//106
f 259//107 136//107 260//107
f 260//107 136//107 134//107
f 260//108 134//108 261//108
f 261//108 134//108 132//108
f 261//109 132//109 262//109
f 262//109 132//109 130//109
f 262//110 130//110 263//110
f 263//110 130//110 128//110
f 263//111 128//111 264//111
f 264//111 128//111 126//111
f 264//112 126//112 265//112
f 265//112 126//112 124//112
f 265//113 124//113 266//113
f 266//113 124//113 122//113
f 266//114 122//114 267//114
f 267//114 122//114 120//114
f 267//115 120//115 268//115
f 268//115 120//115 118//115
f 268//116 118//116 269//116
f 269//116 118//116 116//116
f 269//117 116//117 270//117
f 270//117 116//117 114//117
f 270//118 114//118 271//118
f 271//118 114//118 112//118
f 271//119 112//119 272//119
f 272//119 112//119 110//119
f 272//120 110//120 273//120
f 273//120 110//120 108//120
f 273//121 108//121 274//121
f 274//122 108//122 106//122
f 274//123 106//123 275//123
f 275//123 106//123 104//123
f 276//124 239//124 277//124
f 277//125 239//125 240//125
f 277//126 240//126 278//126
f 278//127 240//127 241//127
f 278//128 241//128 279//128
f 279//128 241//128 242//128
f 279//129 242//129 280//129
f 280//130 242//130 243//130
f 280//131 243//131 281//131
f 281//132 243//132 244//132
f 281//133 244//133 282//133
f 282//133 244//133 245//133
f 282//134 245//134 283//134
f 283//134 245//134 246//134
f 283//135 246//135 284//135
f 284//136 246//136 247//136
f 284//137 247//137 285//137
f 285//137 247//137 248//137
f 285//138 248//138 286//138
f 286//138 248//138 249//138
f 286//139 249//139 287//139
f 287//140 249//140 250//140
f 287//141 250//141 288//141
f 288//141 250//141 251//141
f 288//142 251//142 289//142
f 289//142 251//142 252//142
f 289//143 252//143 290//143
f 290//144 252//144 253//144
f 290//145 253//145 291//145
f 291//146 253//146 254//146
f 291//147 254//147 292//147
f 292//147 254//147 255//147
f 292//148 255//148 293//148
f 293//149 255//149 256//149
f 293//150 256//150 294//150
f 294//151 256//151 257//151
f 294//152 257//152 295//152
f 295//153 257//153 258//153
f 295//154 258//154 296//154
f 296//155 258//155 259//155
f 296//156 259//156 297//156
f 297//156 259//156 260//156
f 297//157 260//157 298//157
f 298//158 260//158 261//158
f 298//159 261//159 299//159
f 299//160 261//160 262//160
f 299//161 262//161 300//161
f 300//161 262//161 263//161
f 300//162 263//162 301//162
f 301//162 263//162 264//162
f 301//163 264//163 302//163
f 302//164 264//164 265//164
f 302//165 265//165 303//165
f 303//165 265//165 266//165
f 303//166 266//166 304//166
f 304//166 266//166 267//166
f 304//167 267//167 305//167
f 305//168 267//168 268//168
f 305//169 268//169 306//169
f 306//169 268//169 269//169
f 306//170 269//170 307//170
f 307//170 269//170 270//170
f 307//171 270//171 308//171
f 308//172 270//172 271//172
f 308//173 271//173 309//173
f 309//174 271//174 272//174
f 309//175 272//175 310//175
f 310//175 272//175 273//175
f 310//176 273//176 311//176
f 311//177 273//177 274//177
f 311//178 274//178 312//178
f 312//179 274//179 275//179
f 185//180 276//180 186//180
f 186//180 276//180 277//180
f 186//181 277//181 187//181
f 187//181 277//181 278//181
f 187//182 278//182 189//182
f 189//183 278//183 279//183
f 189//184 279//184 190//184
f 190//185 279//185 280//185
f 190//186 280//186 192//186
f 192//186 280//186 281//186
f 192//187 281//187 193//187
f 193//187 281//187 282//187
f 193//188 282//188 195//188
f 195//188 282//188 283//188
f 195//189 283//189 196//189
f 196//189 283//189 284//189
f 196//190 284//190 198//190
f 198//191 284//191 285//191
f 198//192 285//192 199//192
f 199//193 285//193 286//193
f 199//194 286//194 201//194
f 201//194 286//194 287//194
f 201//195 287//195 202//195
f 202//195 287//195 288//195
f 202//196 288//196 204//196
f 204//196 288//196 289//196
f 204//197 289//197 205//197
f 205//197 289//197 290//197
f 205//198 290//198 207//198
f 207//199 290//199 291//199
f 207//200 291//200 208//200
f 208//201 291//201 292//201
f 208//202 292//202 209//202
f 209//202 292//202 293//202
f 209//203 293//203 211//203
f 211//203 293//203 294//203
f 211//204 294//204 213//204
f 213//204 294//204 295//204
f 213//205 295//205 214//205
f 214//205 295//205 296//205
f 214//206 296//206 215//206
f 215//207 296//207 297//207
f 215//208 297//208 217//208
f 217//209 297//209 298//209
f 217//210 298//210 219//210
f 219//210 298//210 299//210
f 219//211 299//211 220//211
f 220//211 299//211 300//211
f 220//212 300//212 222//212
f 222//212 300//212 301//212
f 222//213 301//213 223//213
f 223//213 301//213 302//213
f 223//214 302//214 224//214
f 224//215 302//215 303//215
f 224//216 303//216 226//216
f 226//217 303//217 304//217
f 226//218 304//218 228//218
f 228//218 304//218 305//218
f 228//219 305//219 229//219
f 229//219 305//219 306//219
f 229//220 306//220 230//220
f 230//220 306//220 307//220
f 230//221 307//221 232//221
f 232//221 307//221 308//221
f 232//222 308//222 234//222
f 234//223 308//223 309//223
f 234//224 309//224 238//224
f 238//225 309//225 310//225
f 238//226 310//226 237//226
f 237//226 310//226 311//226
f 237//227 311//227 235//227
f 235//227 311//227 312//227
f 184//228 313//228 314//228
f 184//228 314//228 315//228
f 315//229 314//229 316//229
f 315//229 316//229 317//229
f 317//230 316//230 318//230
f 317//230 318//230 319//230
f 319//231 318//231 320//231
f 319//232 320//232 321//232
f 321//233 320//233 322//233
f 321//233 322//233 323//233
f 323//234 322//234 324//234
f 323//235 324//235 325//235
f 325//236 324//236 326//236
f 325//236 326//236 327//236
f 327//237 326//237 328//237
f 327//237 328//237 329//237
f 329//238 328//238 145//238
f 329//238 145//238 330//238
f 330//239 145//239 148//239
f 330//239 148//239 331//239
f 331//240 148//240 150//240
f 331//240 150//240 332//240
f 332//241 150//241 152//241
f 332//241 152//241 333//241
f 333//242 152//242 154//242
f 333//243 154//243 334//243
f 334//244 154//244 156//244
f 334//244 156//244 335//244
f 335//245 156//245 158//245
f 335//246 158//246 336//246
f 336//247 158//247 160//247
f 336//247 160//247 337//247
f 337//248 160//248 162//248
f 337//248 162//248 338//248
f 338//249 162//249 164//249
f 338//249 164//249 236//249
f 339//250 340//250 341//250
f 341//250 340//250 342//250
f 341//250 342//250 343//250
f 343//250 344//250 341//250
f 341//250 344//250 345//250
f 341//250 345//250 346//250
f 347//250 348//250 349//250
f 341//250 350//250 351//250
f 352//250 341//250 353//250
f 353//250 341//250 354//250
f 355//250 356//250 357//250
f 358//250 359//250 357//250
f 357//250 359//250 360//250
f 339//250 341//250 361//250
f 361//250 341//250 362//250
f 361//250 362//250 363//250
f 346//250 364//250 341//250
f 341//250 364//250 365//250
f 341//250 365//250 350//250
f 351//250 366//250 341//250
f 341//250 366//250 367//250
f 341//250 367//250 354//250
f 352//250 368//250 341//250
f 341//250 368//250 357//250
f 341//250 357//250 369//250
f 369//250 357//250 360//250
f 363//250 370//250 361//250
f 361//250 370//250 371//250
f 361//250 371//250 372//250
f 373//250 374//250 361//250
f 361//250 374//250 375//250
f 361//250 375//250 376//250
f 377//250 378//250 361//250
f 361//250 378//250 379//250
f 379//250 380//250 361//250
f 361//250 380//250 381//250
f 361//250 381//250 382//250
f 348//250 383//250 349//250
f 349//250 383//250 384//250
f 349//250 384//250 385//250
f 347//250 349//250 357//250
f 357//250 349//250 386//250
f 357//250 386//250 355//250
f 372//250 387//250 361//250
f 361//250 387//250 388//250
f 361//250 388//250 373//250
f 376//250 389//250 361//250
f 361//250 389//250 390//250
f 361//250 390//250 391//250
f 391//250 392//250 361//250
f 361//250 392//250 393//250
f 361//250 393//250 377//250
f 394//250 395//250 396//250
f 396//250 395//250 397//250
f 396//250 397//250 398//250
f 349//250 399//250 400//250
f 400//250 399//250 401//250
f 356//250 402//250 357//250
f 357//250 402//250 403//250
f 357//250 403//250 358//250
f 382//250 404//250 361//250
f 361//250 404//250 405//250
f 361//250 405//250 406//250
f 406//250 407//250 361//250
f 361//250 407//250 396//250
f 361//250 396//250 408//250
f 408//250 396//250 398//250
f 385//250 409//250 349//250
f 349//250 409//250 410//250
f 349//250 410//250 399//250
f 411//251 412//251 413//251
f 412//252 414//252 415//252
f 414//253 381//253 380//253
f 414//253 380//253 415//253
f 415//254 380//254 379//254
f 415//254 379//254 416//254
f 416//255 379//255 378//255
f 416//255 378//255 417//255
f 417//256 378//256 377//256
f 417//256 377//256 418//256
f 418//257 377//257 393//257
f 418//257 393//257 419//257
f 419//258 393//258 392//258
f 419//258 392//258 420//258
f 420//259 392//259 391//259
f 420//259 391//259 421//259
f 421//260 391//260 390//260
f 421//260 390//260 422//260
f 422//261 390//261 389//261
f 422//261 389//261 423//261
f 423//262 389//262 376//262
f 423//262 376//262 424//262
f 424//263 376//263 375//263
f 424//263 375//263 425//263
f 425//264 375//264 374//264
f 425//264 374//264 426//264
f 426//265 374//265 373//265
f 426//265 373//265 427//265
f 427//266 373//266 388//266
f 427//266 388//266 428//266
f 428//267 388//267 387//267
f 428//267 387//267 429//267
f 429//268 387//268 372//268
f 429//268 372//268 430//268
f 430//269 372//269 371//269
f 430//269 371//269 431//269
f 431//270 371//270 370//270
f 431//270 370//270 432//270
f 432//271 370//271 363//271
f 432//271 363//271 433//271
f 433//272 363//272 362//272
f 433//272 362//272 434//272
f 434//273 362//273 341//273
f 434//273 341//273 435//273
f 435//274 341//274 369//274
f 435//274 369//274 436//274
f 436//275 369//275 360//275
f 436//275 360//275 437//275
f 437//276 360//276 359//276
f 437//276 359//276 438//276
f 438//277 359//277 358//277
f 438//277 358//277 439//277
f 439//278 358//278 403//278
f 439//278 403//278 440//278
f 440//279 403//279 402//279
f 440//279 402//279 441//279
f 441//280 402//280 356//280
f 441//280 356//280 442//280
f 442//281 356//281 355//281
f 442//281 355//281 443//281
f 443//282 355//282 386//282
f 443//282 386//282 444//282
f 444//283 386//283 349//283
f 444//283 349//283 445//283
f 445//284 349//284 400//284
f 445//284 400//284 446//284
f 446//285 400//285 401//285
f 446//285 401//285 447//285
f 447//286 401//286 399//286
f 447//286 399//286 448//286
f 448//287 399//287 410//287
f 448//287 410//287 449//287
f 449//288 410//288 409//288
f 449//288 409//288 450//288
f 412//252 415//252 413//252
f 413//289 415//289 416//289
f 413//289 416//289 451//289
f 451//290 416//290 417//290
f 451//291 417//291 452//291
f 452//292 417//292 418//292
f 452//292 418//292 453//292
f 453//293 418//293 419//293
f 453//293 419//293 454//293
f 454//294 419//294 420//294
f 454//294 420//294 455//294
f 455//295 420//295 421//295
f 455//295 421//295 456//295
f 456//296 421//296 422//296
f 456//296 422//296 457//296
f 457//297 422//297 423//297
f 457//297 423//297 458//297
f 458//298 423//298 424//298
f 458//299 424//299 459//299
f 459//300 424//300 425//300
f 459//300 425//300 460//300
f 460//301 425//301 426//301
f 460//301 426//301 461//301
f 461//302 426//302 427//302
f 461//303 427//303 462//303
f 462//304 427//304 428//304
f 462//304 428//304 463//304
f 463//305 428//305 429//305
f 463//305 429//305 464//305
f 464//306 429//306 430//306
f 464//307 430//307 465//307
f 465//308 430//308 431//308
f 465//308 431//308 466//308
f 466//309 431//309 432//309
f 466//309 432//309 467//309
f 467//310 432//310 433//310
f 467//310 433//310 468//310
f 468//311 433//311 434//311
f 468//311 434//311 469//311
f 469//312 434//312 435//312
f 469//313 435//313 470//313
f 470//314 435//314 436//314
f 470//314 436//314 471//314
f 471//315 436//315 437//315
f 471//315 437//315 472//315
f 472//316 437//316 438//316
f 472//316 438//316 473//316
f 473//317 438//317 439//317
f 473//317 439//317 474//317
f 474//318 439//318 440//318
f 474//318 440//318 475//318
f 475//319 440//319 441//319
f 475//319 441//319 476//319
f 476//320 441//320 442//320
f 476//321 442//321 477//321
f 477//322 442//322 443//322
f 477//322 443//322 478//322
f 478//323 443//323 444//323
f 478//323 444//323 479//323
f 479//324 444//324 445//324
f 479//325 445//325 480//325
f 480//326 445//326 446//326
f 480//326 446//326 481//326
f 481//327 446//327 447//327
f 481//327 447//327 482//327
f 482//328 447//328 448//328
f 482//329 448//329 483//329
f 483//330 448//330 449//330
f 483//330 449//330 484//330
f 484//331 449//331 450//331
f 484//331 450//331 485//331
f 411//251 413//251 486//251
f 486//332 413//332 451//332
f 486//332 451//332 487//332
f 487//333 451//333 452//333
f 487//333 452//333 488//333
f 488//334 452//334 453//334
f 488//334 453//334 489//334
f 489//335 453//335 454//335
f 489//335 454//335 490//335
f 490//336 454//336 455//336
f 490//336 455//336 491//336
f 491//337 455//337 456//337
f 491//337 456//337 492//337
f 492//338 456//338 457//338
f 492//338 457//338 493//338
f 493//339 457//339 458//339
f 493//339 458//339 494//339
f 494//340 458//340 459//340
f 494//341 459//341 495//341
f 495//342 459//342 460//342
f 495//342 460//342 496//342
f 496//343 460//343 461//343
f 496//343 461//343 497//343
f 497//344 461//344 462//344
f 497//344 462//344 498//344
f 498//345 462//345 463//345
f 498//345 463//345 499//345
f 499//346 463//346 464//346
f 499//346 464//346 500//346
f 500//347 464//347 465//347
f 500//347 465//347 501//347
f 501//348 465//348 466//348
f 501//348 466//348 502//348
f 502//349 466//349 467//349
f 502//349 467//349 503//349
f 503//350 467//350 468//350
f 503//350 468//350 504//350
f 504//351 468//351 469//351
f 504//351 469//351 505//351
f 505//352 469//352 470//352
f 505//352 470//352 506//352
f 506//353 470//353 471//353
f 506//353 471//353 507//353
f 507//354 471//354 472//354
f 507//354 472//354 508//354
f 508//355 472//355 473//355
f 508//355 473//355 509//355
f 509//356 473//356 474//356
f 509//356 474//356 510//356
f 510//357 474//357 475//357
f 510//357 475//357 511//357
f 511//358 475//358 476//358
f 511//358 476//358 512//358
f 512//359 476//359 477//359
f 512//360 477//360 513//360
f 513//361 477//361 478//361
f 513//361 478//361 514//361
f 514//362 478//362 479//362
f 514//362 479//362 515//362
f 515//363 479//363 480//363
f 515//363 480//363 516//363
f 516//364 480//364 481//364
f 516//364 481//364 517//364
f 517//365 481//365 482//365
f 517//365 482//365 518//365
f 518//366 482//366 483//366
f 518//366 483//366 519//366
f 519//367 483//367 484//367
f 519//367 484//367 520//367
f 520//368 484//368 485//368
f 520//368 485//368 521//368
f 521//369 163//369 520//369
f 520//370 163//370 161//370
f 159//371 518//371 161//371
f 161//372 518//372 519//372
f 161//373 519//373 520//373
f 157//374 516//374 159//374
f 159//375 516//375 517//375
f 159//376 517//376 518//376
f 155//377 514//377 157//377
f 157//378 514//378 515//378
f 157//379 515//379 516//379
f 153//380 512//380 155//380
f 155//381 512//381 513//381
f 155//382 513//382 514//382
f 151//383 510//383 153//383
f 153//384 510//384 511//384
f 153//385 511//385 512//385
f 149//386 508//386 151//386
f 151//387 508//387 509//387
f 151//388 509//388 510//388
f 504//389 505//389 147//389
f 147//390 505//390 506//390
f 147//391 506//391 149//391
f 149//392 506//392 507//392
f 149//393 507//393 508//393
f 504//394 147//394 503//394
f 503//395 147//395 146//395
f 503//396 146//396 502//396
f 502//397 146//397 522//397
f 502//398 522//398 501//398
f 501//399 522//399 500//399
f 500//400 522//400 523//400
f 500//401 523//401 499//401
f 499//402 523//402 498//402
f 498//403 523//403 524//403
f 498//404 524//404 497//404
f 497//405 524//405 496//405
f 496//406 524//406 525//406
f 496//407 525//407 495//407
f 495//408 525//408 494//408
f 494//409 525//409 526//409
f 494//410 526//410 493//410
f 493//411 526//411 492//411
f 492//412 526//412 527//412
f 492//413 527//413 491//413
f 491//414 527//414 490//414
f 490//415 527//415 528//415
f 490//416 528//416 489//416
f 489//417 528//417 488//417
f 488//418 528//418 529//418
f 488//419 529//419 487//419
f 530//420 411//420 529//420
f 529//421 411//421 486//421
f 529//422 486//422 487//422
f 411//423 530//423 531//423
f 531//424 530//424 532//424
f 533//425 534//425 532//425
f 532//426 534//426 535//426
f 532//427 535//427 531//427
f 536//428 537//428 533//428
f 533//429 537//429 538//429
f 533//430 538//430 534//430
f 539//431 540//431 536//431
f 536//432 540//432 541//432
f 536//433 541//433 537//433
f 542//434 543//434 544//434
f 544//435 543//435 545//435
f 544//436 545//436 539//436
f 539//437 545//437 546//437
f 539//438 546//438 540//438
f 542//439 544//439 547//439
f 547//440 544//440 548//440
f 547//441 548//441 549//441
f 549//442 548//442 550//442
f 549//443 550//443 551//443
f 551//444 550//444 552//444
f 552//445 550//445 553//445
f 552//446 553//446 554//446
f 555//447 556//447 179//447
f 179//448 556//448 557//448
f 179//449 557//449 181//449
f 181//450 557//450 558//450
f 181//451 558//451 553//451
f 553//452 558//452 559//452
f 553//453 559//453 554//453
f 555//454 179//454 560//454
f 560//455 179//455 177//455
f 560//456 177//456 561//456
f 561//457 177//457 175//457
f 561//458 175//458 562//458
f 171//459 563//459 173//459
f 173//460 563//460 564//460
f 173//461 564//461 175//461
f 175//462 564//462 565//462
f 175//463 565//463 562//463
f 566//464 567//464 169//464
f 169//465 567//465 568//465
f 169//466 568//466 171//466
f 171//467 568//467 569//467
f 171//468 569//468 563//468
f 566//469 169//469 570//469
f 570//470 169//470 167//470
f 570//471 167//471 571//471
f 571//472 167//472 165//472
f 571//473 165//473 572//473
f 163//474 521//474 165//474
f 165//475 521//475 573//475
f 165//476 573//476 572//476
f 521//477 485//477 574//477
f 485//478 450//478 575//478
f 450//479 409//479 385//479
f 450//479 385//479 575//479
f 575//480 385//480 384//480
f 575//480 384//480 576//480
f 576//481 384//481 383//481
f 576//481 383//481 577//481
f 577//482 383//482 348//482
f 577//482 348//482 578//482
f 578//483 348//483 347//483
f 578//483 347//483 579//483
f 579//484 347//484 357//484
f 579//484 357//484 580//484
f 580//485 357//485 368//485
f 580//485 368//485 581//485
f 581//486 368//486 352//486
f 581//486 352//486 582//486
f 582//487 352//487 353//487
f 582//487 353//487 583//487
f 583//488 353//488 354//488
f 583//488 354//488 584//488
f 584//489 354//489 367//489
f 584//489 367//489 585//489
f 585//490 367//490 366//490
f 585//490 366//490 586//490
f 586//491 366//491 351//491
f 586//491 351//491 587//491
f 587//492 351//492 350//492
f 587//492 350//492 588//492
f 588//493 350//493 365//493
f 588//493 365//493 589//493
f 589//494 365//494 364//494
f 589//494 364//494 590//494
f 590//495 364//495 346//495
f 590//495 346//495 591//495
f 591//496 346//496 345//496
f 591//496 345//496 592//496
f 592//497 345//497 344//497
f 592//497 344//497 593//497
f 593//498 344//498 343//498
f 593//498 343//498 594//498
f 594//499 343//499 342//499
f 594//499 342//499 595//499
f 595//500 342//500 340//500
f 595//500 340//500 596//500
f 596//501 340//501 339//501
f 596//501 339//501 597//501
f 597//502 339//502 361//502
f 597//502 361//502 598//502
f 598//503 361//503 408//503
f 598//503 408//503 599//503
f 599//504 408//504 398//504
f 599//504 398//504 600//504
f 600//505 398//505 397//505
f 600//505 397//505 601//505
f 601//506 397//506 395//506
f 601//506 395//506 602//506
f 602//507 395//507 394//507
f 602//507 394//507 603//507
f 603//508 394//508 396//508
f 603//508 396//508 604//508
f 604//509 396//509 407//509
f 604//509 407//509 605//509
f 605//510 407//510 406//510
f 605//510 406//510 606//510
f 606//511 406//511 405//511
f 606//511 405//511 607//511
f 607//512 405//512 404//512
f 607//512 404//512 608//512
f 608//513 404//513 382//513
f 608//513 382//513 609//513
f 609//514 382//514 381//514
f 609//514 381//514 414//514
f 485//478 575//478 574//478
f 574//515 575//515 576//515
f 574//515 576//515 610//515
f 610//516 576//516 577//516
f 610//517 577//517 611//517
f 611//518 577//518 578//518
f 611//518 578//518 612//518
f 612//519 578//519 579//519
f 612//519 579//519 613//519
f 613//520 579//520 580//520
f 613//520 580//520 614//520
f 614//521 580//521 581//521
f 614//521 581//521 615//521
f 615//522 581//522 582//522
f 615//522 582//522 616//522
f 616//523 582//523 583//523
f 616//523 583//523 617//523
f 617//524 583//524 584//524
f 617//525 584//525 618//525
f 618//526 584//526 585//526
f 618//526 585//526 619//526
f 619//527 585//527 586//527
f 619//527 586//527 620//527
f 620//528 586//528 587//528
f 620//529 587//529 621//529
f 621//530 587//530 588//530
f 621//530 588//530 622//530
f 622//531 588//531 589//531
f 622//531 589//531 623//531
f 623//532 589//532 590//532
f 623//533 590//533 624//533
f 624//534 590//534 591//534
f 624//534 591//534 625//534
f 625//535 591//535 592//535
f 625//535 592//535 626//535
f 626//536 592//536 593//536
f 626//536 593//536 627//536
f 627//537 593//537 594//537
f 627//537 594//537 628//537
f 628//538 594//538 595//538
f 628//539 595//539 629//539
f 629//540 595//540 596//540
f 629//540 596//540 630//540
f 630//541 596//541 597//541
f 630//541 597//541 631//541
f 631//542 597//542 598//542
f 631//542 598//542 632//542
f 632//543 598//543 599//543
f 632//543 599//543 633//543
f 633//544 599//544 600//544
f 633//544 600//544 634//544
f 634//545 600//545 601//545
f 634//545 601//545 635//545
f 635//546 601//546 602//546
f 635//547 602//547 636//547
f 636//548 602//548 603//548
f 636//548 603//548 637//548
f 637//549 603//549 604//549
f 637//549 604//549 638//549
f 638//550 604//550 605//550
f 638//551 605//551 639//551
f 639//552 605//552 606//552
f 639//552 606//552 640//552
f 640//553 606//553 607//553
f 640//553 607//553 641//553
f 641//554 607//554 608//554
f 641//555 608//555 642//555
f 642//556 608//556 609//556
f 642//556 609//556 643//556
f 643//557 609//557 414//557
f 643//557 414//557 412//557
f 521//477 574//477 573//477
f 573//558 574//558 610//558
f 573//558 610//558 572//558
f 572//559 610//559 611//559
f 572//559 611//559 571//559
f 571//560 611//560 612//560
f 571//560 612//560 570//560
f 570//561 612//561 613//561
f 570//561 613//561 566//561
f 566//562 613//562 614//562
f 566//562 614//562 567//562
f 567//563 614//563 615//563
f 567//563 615//563 568//563
f 568//564 615//564 616//564
f 568//564 616//564 569//564
f 569//565 616//565 617//565
f 569//565 617//565 563//565
f 563//566 617//566 618//566
f 563//567 618//567 564//567
f 564//568 618//568 619//568
f 564//568 619//568 565//568
f 565//569 619//569 620//569
f 565//569 620//569 562//569
f 562//570 620//570 621//570
f 562//570 621//570 561//570
f 561//571 621//571 622//571
f 561//571 622//571 560//571
f 560//572 622//572 623//572
f 560//572 623//572 555//572
f 555//573 623//573 624//573
f 555//573 624//573 556//573
f 556//574 624//574 625//574
f 556//574 625//574 557//574
f 557//575 625//575 626//575
f 557//575 626//575 558//575
f 558//576 626//576 627//576
f 558//576 627//576 559//576
f 559//577 627//577 628//577
f 559//577 628//577 554//577
f 554//578 628//578 629//578
f 554//578 629//578 552//578
f 552//579 629//579 630//579
f 552//579 630//579 551//579
f 551//580 630//580 631//580
f 551//580 631//580 549//580
f 549//581 631//581 632//581
f 549//581 632//581 547//581
f 547//582 632//582 633//582
f 547//582 633//582 542//582
f 542//583 633//583 634//583
f 542//583 634//583 543//583
f 543//584 634//584 635//584
f 543//584 635//584 545//584
f 545//585 635//585 636//585
f 545//586 636//586 546//586
f 546//587 636//587 637//587
f 546//587 637//587 540//587
f 540//588 637//588 638//588
f 540//588 638//588 541//588
f 541//589 638//589 639//589
f 541//589 639//589 537//589
f 537//590 639//590 640//590
f 537//590 640//590 538//590
f 538//591 640//591 641//591
f 538//591 641//591 534//591
f 534//592 641//592 642//592
f 534//592 642//592 535//592
f 535//593 642//593 643//593
f 535//593 643//593 531//593
f 531//594 643//594 412//594
f 531//594 412//594 411//594
f 236//595 164//595 166//595
f 236//595 166//595 233//595
f 233//596 166//596 168//596
f 233//596 168//596 231//596
f 231//597 168//597 170//597
f 231//597 170//597 227//597
f 227//598 170//598 172//598
f 227//599 172//599 225//599
f 225//600 172//600 174//600
f 225//600 174//600 221//600
f 221//601 174//601 176//601
f 221//602 176//602 218//602
f 218//603 176//603 178//603
f 218//603 178//603 216//603
f 216//604 178//604 180//604
f 216//604 180//604 212//604
f 212//605 180//605 182//605
f 212//605 182//605 210//605
f 210//606 182//606 644//606
f 210//606 644//606 206//606
f 206//607 644//607 645//607
f 206//607 645//607 203//607
f 203//608 645//608 646//608
f 203//608 646//608 200//608
f 200//609 646//609 647//609
f 200//610 647//610 197//610
f 197//611 647//611 648//611
f 197//611 648//611 194//611
f 194//612 648//612 649//612
f 194//613 649//613 191//613
f 191//614 649//614 650//614
f 191//614 650//614 188//614
f 188//615 650//615 651//615
f 188//615 651//615 183//615
f 183//616 651//616 313//616
f 183//616 313//616 184//616
f 275//617 104//617 652//617
f 652//617 104//617 102//617
f 652//618 102//618 653//618
f 653//618 102//618 100//618
f 653//619 100//619 654//619
f 654//619 100//619 98//619
f 654//620 98//620 655//620
f 655//620 98//620 96//620
f 655//621 96//621 656//621
f 656//621 96//621 94//621
f 656//622 94//622 657//622
f 657//622 94//622 92//622
f 657//623 92//623 658//623
f 658//623 92//623 90//623
f 658//624 90//624 659//624
f 659//624 90//624 88//624
f 659//625 88//625 660//625
f 660//625 88//625 86//625
f 660//626 86//626 661//626
f 661//626 86//626 84//626
f 661//627 84//627 662//627
f 662//627 84//627 82//627
f 662//628 82//628 663//628
f 663//628 82//628 80//628
f 663//629 80//629 664//629
f 664//629 80//629 78//629
f 664//630 78//630 665//630
f 665//630 78//630 76//630
f 665//631 76//631 666//631
f 666//631 76//631 74//631
f 666//632 74//632 667//632
f 667//632 74//632 72//632
f 667//633 72//633 668//633
f 668//634 72//634 70//634
f 668//635 70//635 669//635
f 669//635 70//635 68//635
f 669//636 68//636 670//636
f 670//636 68//636 66//636
f 670//637 66//637 671//637
f 671//637 66//637 64//637
f 671//638 64//638 672//638
f 672//638 64//638 62//638
f 672//639 62//639 673//639
f 673//639 62//639 60//639
f 673//640 60//640 674//640
f 674//640 60//640 58//640
f 674//641 58//641 675//641
f 675//641 58//641 56//641
f 675//642 56//642 676//642
f 676//642 56//642 54//642
f 676//643 54//643 677//643
f 677//643 54//643 52//643
f 677//644 52//644 678//644
f 678//644 52//644 50//644
f 678//645 50//645 679//645
f 679//645 50//645 48//645
f 679//646 48//646 680//646
f 680//646 48//646 46//646
f 680//647 46//647 681//647
f 681//647 46//647 44//647
f 681//648 44//648 682//648
f 682//648 44//648 42//648
f 682//649 42//649 683//649
f 683//649 42//649 40//649
f 683//650 40//650 684//650
f 684//650 40//650 38//650
f 684//651 38//651 685//651
f 685//651 38//651 36//651
f 685//652 36//652 686//652
f 686//653 36//653 34//653
f 686//654 34//654 239//654
f 239//654 34//654 32//654
f 312//655 275//655 687//655
f 687//656 275//656 652//656
f 687//657 652//657 688//657
f 688//658 652//658 653//658
f 688//659 653//659 689//659
f 689//659 653//659 654//659
f 689//660 654//660 690//660
f 690//661 654//661 655//661
f 690//662 655//662 691//662
f 691//663 655//663 656//663
f 691//664 656//664 692//664
f 692//664 656//664 657//664
f 692//665 657//665 693//665
f 693//665 657//665 658//665
f 693//666 658//666 694//666
f 694//667 658//667 659//667
f 694//668 659//668 695//668
f 695//668 659//668 660//668
f 695//669 660//669 696//669
f 696//669 660//669 661//669
f 696//670 661//670 697//670
f 697//671 661//671 662//671
f 697//672 662//672 698//672
f 698//672 662//672 663//672
f 698//673 663//673 699//673
f 699//673 663//673 664//673
f 699//674 664//674 700//674
f 700//675 664//675 665//675
f 700//676 665//676 701//676
f 701//677 665//677 666//677
f 701//678 666//678 702//678
f 702//678 666//678 667//678
f 702//679 667//679 703//679
f 703//680 667//680 668//680
f 703//681 668//681 704//681
f 704//682 668//682 669//682
f 704//683 669//683 705//683
f 705//684 669//684 670//684
f 705//685 670//685 706//685
f 706//686 670//686 671//686
f 706//687 671//687 707//687
f 707//687 671//687 672//687
f 707//688 672//688 708//688
f 708//689 672//689 673//689
f 708//690 673//690 709//690
f 709//691 673//691 674//691
f 709//692 674//692 710//692
f 710//692 674//692 675//692
f 710//693 675//693 711//693
f 711//693 675//693 676//693
f 711//694 676//694 712//694
f 712//695 676//695 677//695
f 712//696 677//696 713//696
f 713//696 677//696 678//696
f 713//697 678//697 714//697
f 714//697 678//697 679//697
f 714//698 679//698 715//698
f 715//699 679//699 680//699
f 715//700 680//700 716//700
f 716//700 680//700 681//700
f 716//701 681//701 717//701
f 717//701 681//701 682//701
f 717//702 682//702 718//702
f 718//703 682//703 683//703
f 718//704 683//704 719//704
f 719//705 683//705 684//705
f 719//706 684//706 720//706
f 720//706 684//706 685//706
f 720//707 685//707 721//707
f 721//708 685//708 686//708
f 721//709 686//709 276//709
f 276//710 686//710 239//710
f 235//711 312//711 722//711
f 722//711 312//711 687//711
f 722//712 687//712 723//712
f 723//712 687//712 688//712
f 723//713 688//713 724//713
f 724//714 688//714 689//714
f 724//715 689//715 725//715
f 725//716 689//716 690//716
f 725//717 690//717 726//717
f 726//717 690//717 691//717
f 726//718 691//718 727//718
f 727//718 691//718 692//718
f 727//719 692//719 728//719
f 728//719 692//719 693//719
f 728//720 693//720 729//720
f 729//720 693//720 694//720
f 729//721 694//721 730//721
f 730//722 694//722 695//722
f 730//723 695//723 731//723
f 731//724 695//724 696//724
f 731//725 696//725 732//725
f 732//725 696//725 697//725
f 732//726 697//726 733//726
f 733//726 697//726 698//726
f 733//727 698//727 734//727
f 734//727 698//727 699//727
f 734//728 699//728 735//728
f 735//728 699//728 700//728
f 735//729 700//729 736//729
f 736//730 700//730 701//730
f 736//731 701//731 737//731
f 737//732 701//732 702//732
f 737//733 702//733 738//733
f 738//733 702//733 703//733
f 738//734 703//734 739//734
f 739//734 703//734 704//734
f 739//735 704//735 740//735
f 740//735 704//735 705//735
f 740//736 705//736 741//736
f 741//736 705//736 706//736
f 741//737 706//737 742//737
f 742//738 706//738 707//738
f 742//739 707//739 743//739
f 743//740 707//740 708//740
f 743//741 708//741 744//741
f 744//741 708//741 709//741
f 744//742 709//742 745//742
f 745//742 709//742 710//742
f 745//743 710//743 746//743
f 746//743 710//743 711//743
f 746//744 711//744 747//744
f 747//744 711//744 712//744
f 747//745 712//745 748//745
f 748//746 712//746 713//746
f 748//747 713//747 749//747
f 749//748 713//748 714//748
f 749//749 714//749 750//749
f 750//749 714//749 715//749
f 750//750 715//750 751//750
f 751//750 715//750 716//750
f 751//751 716//751 752//751
f 752//751 716//751 717//751
f 752//752 717//752 753//752
f 753//752 717//752 718//752
f 753//753 718//753 754//753
f 754//754 718//754 719//754
f 754//755 719//755 755//755
f 755//756 719//756 720//756
f 755//757 720//757 756//757
f 756//757 720//757 721//757
f 756//758 721//758 185//758
f 185//758 721//758 276//758
f 338//759 236//759 235//759
f 235//760 722//760 338//760
f 338//761 722//761 723//761
f 338//762 723//762 337//762
f 723//763 724//763 337//763
f 337//764 724//764 725//764
f 337//765 725//765 336//765
f 725//766 726//766 336//766
f 336//767 726//767 727//767
f 336//768 727//768 335//768
f 727//769 728//769 335//769
f 335//770 728//770 729//770
f 335//771 729//771 334//771
f 729//772 730//772 334//772
f 334//773 730//773 731//773
f 334//774 731//774 333//774
f 731//775 732//775 333//775
f 333//776 732//776 733//776
f 333//777 733//777 332//777
f 733//778 734//778 332//778
f 332//779 734//779 735//779
f 332//780 735//780 331//780
f 735//781 736//781 331//781
f 331//782 736//782 737//782
f 331//783 737//783 330//783
f 737//784 738//784 330//784
f 330//785 738//785 739//785
f 330//786 739//786 329//786
f 739//787 740//787 329//787
f 329//788 740//788 741//788
f 329//789 741//789 327//789
f 741//790 742//790 327//790
f 327//791 742//791 743//791
f 327//792 743//792 325//792
f 743//793 744//793 325//793
f 325//794 744//794 745//794
f 325//795 745//795 323//795
f 745//796 746//796 323//796
f 323//797 746//797 747//797
f 323//798 747//798 321//798
f 747//799 748//799 321//799
f 321//800 748//800 749//800
f 321//801 749//801 319//801
f 749//802 750//802 319//802
f 319//803 750//803 751//803
f 319//804 751//804 317//804
f 751//805 752//805 317//805
f 317//806 752//806 753//806
f 317//807 753//807 315//807
f 315//808 753//808 754//808
f 185//809 184//809 756//809
f 756//810 184//810 315//810
f 756//811 315//811 755//811
f 755//812 315//812 754//812
f 182//813 181//813 553//813
f 182//814 553//814 644//814
f 644//815 553//815 550//815
f 644//816 550//816 645//816
f 645//817 550//817 548//817
f 645//818 548//818 646//818
f 646//819 548//819 544//819
f 646//819 544//819 647//819
f 647//820 544//820 539//820
f 647//820 539//820 648//820
f 648//821 539//821 536//821
f 648//821 536//821 649//821
f 649//822 536//822 533//822
f 649//823 533//823 650//823
f 650//824 533//824 532//824
f 650//825 532//825 651//825
f 651//826 532//826 530//826
f 651//827 530//827 313//827
f 313//828 530//828 529//828
f 313//829 529//829 314//829
f 314//830 529//830 528//830
f 314//831 528//831 316//831
f 316//832 528//832 527//832
f 316//833 527//833 318//833
f 318//834 527//834 526//834
f 318//834 526//834 320//834
f 320//835 526//835 525//835
f 320//835 525//835 322//835
f 322//836 525//836 524//836
f 322//836 524//836 324//836
f 324//837 524//837 523//837
f 324//838 523//838 326//838
f 326//839 523//839 522//839
f 326//840 522//840 328//840
f 328//841 522//841 146//841
f 328//842 146//842 145//842
f 101//843 757//843 758//843
f 757//844 759//844 760//844
f 757//845 760//845 758//845
f 758//846 760//846 761//846
f 758//846 761//846 762//846
f 762//847 761//847 763//847
f 762//848 763//848 764//848
f 764//849 763//849 765//849
f 764//850 765//850 766//850
f 766//851 765//851 767//851
f 766//851 767//851 768//851
f 768//852 767//852 769//852
f 768//852 769//852 770//852
f 770//853 769//853 771//853
f 770//853 771//853 772//853
f 772//854 771//854 773//854
f 772//854 773//854 774//854
f 774//855 773//855 775//855
f 774//856 775//856 776//856
f 776//857 775//857 777//857
f 776//858 777//858 778//858
f 778//859 777//859 779//859
f 778//859 779//859 780//859
f 780//860 779//860 781//860
f 780//861 781//861 782//861
f 782//862 781//862 783//862
f 782//862 783//862 784//862
f 784//863 783//863 785//863
f 784//864 785//864 786//864
f 786//865 785//865 787//865
f 786//865 787//865 788//865
f 788//866 787//866 789//866
f 788//867 789//867 790//867
f 790//868 789//868 791//868
f 790//869 791//869 792//869
f 792//870 791//870 793//870
f 792//870 793//870 794//870
f 794//871 793//871 795//871
f 794//872 795//872 796//872
f 796//873 795//873 797//873
f 796//873 797//873 798//873
f 798//874 797//874 799//874
f 798//875 799//875 800//875
f 800//876 799//876 801//876
f 800//877 801//877 802//877
f 802//878 801//878 803//878
f 802//878 803//878 804//878
f 804//879 803//879 805//879
f 804//879 805//879 806//879
f 806//880 805//880 807//880
f 806//880 807//880 808//880
f 808//881 807//881 809//881
f 808//881 809//881 810//881
f 810//882 809//882 811//882
f 810//883 811//883 812//883
f 812//884 811//884 813//884
f 812//885 813//885 814//885
f 814//886 813//886 815//886
f 814//886 815//886 816//886
f 816//887 815//887 817//887
f 816//888 817//888 818//888
f 818//889 817//889 819//889
f 818//889 819//889 820//889
f 820//890 819//890 821//890
f 820//891 821//891 822//891
f 822//892 821//892 823//892
f 822//892 823//892 824//892
f 824//893 823//893 825//893
f 824//894 825//894 826//894
f 826//895 825//895 827//895
f 826//896 827//896 828//896
f 828//897 827//897 829//897
f 828//897 829//897 830//897
f 101//843 758//843 99//843
f 99//898 758//898 762//898
f 99//898 762//898 97//898
f 97//899 762//899 764//899
f 97//899 764//899 95//899
f 95//900 764//900 766//900
f 95//900 766//900 93//900
f 93//901 766//901 768//901
f 93//901 768//901 91//901
f 91//902 768//902 770//902
f 91//902 770//902 89//902
f 89//903 770//903 772//903
f 89//904 772//904 87//904
f 87//905 772//905 774//905
f 87//905 774//905 85//905
f 85//906 774//906 776//906
f 85//906 776//906 83//906
f 83//907 776//907 778//907
f 83//907 778//907 81//907
f 81//908 778//908 780//908
f 81//908 780//908 79//908
f 79//909 780//909 782//909
f 79//909 782//909 77//909
f 77//910 782//910 784//910
f 77//911 784//911 75//911
f 75//912 784//912 786//912
f 75//912 786//912 73//912
f 73//913 786//913 788//913
f 73//913 788//913 71//913
f 71//914 788//914 790//914
f 71//914 790//914 69//914
f 69//915 790//915 792//915
f 69//915 792//915 67//915
f 67//916 792//916 794//916
f 67//916 794//916 65//916
f 65//917 794//917 796//917
f 65//917 796//917 63//917
f 63//918 796//918 798//918
f 63//918 798//918 61//918
f 61//919 798//919 800//919
f 61//919 800//919 59//919
f 59//920 800//920 802//920
f 59//920 802//920 57//920
f 57//921 802//921 804//921
f 57//921 804//921 55//921
f 55//922 804//922 806//922
f 55//922 806//922 53//922
f 53//923 806//923 808//923
f 53//924 808//924 51//924
f 51//925 808//925 810//925
f 51//925 810//925 49//925
f 49//926 810//926 812//926
f 49//926 812//926 47//926
f 47//927 812//927 814//927
f 47//927 814//927 45//927
f 45//928 814//928 816//928
f 45//928 816//928 43//928
f 43//929 816//929 818//929
f 43//929 818//929 41//929
f 41//930 818//930 820//930
f 41//931 820//931 39//931
f 39//932 820//932 822//932
f 39//932 822//932 37//932
f 37//933 822//933 824//933
f 37//933 824//933 35//933
f 35//934 824//934 826//934
f 35//934 826//934 33//934
f 33//935 826//935 828//935
f 33//935 828//935 31//935
f 31//936 828//936 830//936
f 31//936 830//936 29//936
f 29//937 830//937 831//937
f 830//938 829//938 832//938
f 830//939 832//939 831//939
f 831//940 832//940 833//940
f 831//940 833//940 834//940
f 834//941 833//941 835//941
f 834//942 835//942 836//942
f 836//943 835//943 837//943
f 836//944 837//944 838//944
f 838//945 837//945 839//945
f 838//945 839//945 840//945
f 840//946 839//946 841//946
f 840//946 841//946 842//946
f 842//947 841//947 843//947
f 842//947 843//947 844//947
f 844//948 843//948 845//948
f 844//948 845//948 846//948
f 846//949 845//949 847//949
f 846//950 847//950 848//950
f 848//951 847//951 849//951
f 848//952 849//952 850//952
f 850//953 849//953 851//953
f 850//953 851//953 852//953
f 852//954 851//954 853//954
f 852//955 853//955 854//955
f 854//956 853//956 855//956
f 854//956 855//956 856//956
f 856//957 855//957 857//957
f 856//958 857//958 858//958
f 858//959 857//959 859//959
f 858//959 859//959 860//959
f 860//960 859//960 861//960
f 860//961 861//961 862//961
f 862//962 861//962 863//962
f 862//963 863//963 864//963
f 864//964 863//964 865//964
f 864//964 865//964 866//964
f 866//965 865//965 867//965
f 866//966 867//966 868//966
f 868//967 867//967 869//967
f 868//967 869//967 870//967
f 870//968 869//968 871//968
f 870//969 871//969 872//969
f 872//970 871//970 873//970
f 872//971 873//971 874//971
f 874//972 873//972 875//972
f 874//972 875//972 876//972
f 876//973 875//973 877//973
f 876//973 877//973 878//973
f 878//974 877//974 879//974
f 878//974 879//974 880//974
f 880//975 879//975 881//975
f 880//975 881//975 882//975
f 882//976 881//976 883//976
f 882//977 883//977 884//977
f 884//978 883//978 885//978
f 884//979 885//979 886//979
f 886//980 885//980 887//980
f 886//980 887//980 888//980
f 888//981 887//981 889//981
f 888//982 889//982 890//982
f 890//983 889//983 891//983
f 890//983 891//983 892//983
f 892//984 891//984 893//984
f 892//985 893//985 894//985
f 894//986 893//986 895//986
f 894//986 895//986 896//986
f 896//987 895//987 897//987
f 896//988 897//988 898//988
f 898//989 897//989 899//989
f 898//990 899//990 900//990
f 900//991 899//991 759//991
f 900//991 759//991 757//991
f 29//937 831//937 27//937
f 27//992 831//992 834//992
f 27//992 834//992 25//992
f 25//993 834//993 836//993
f 25//993 836//993 23//993
f 23//994 836//994 838//994
f 23//994 838//994 21//994
f 21//995 838//995 840//995
f 21//995 840//995 19//995
f 19//996 840//996 842//996
f 19//996 842//996 17//996
f 17//997 842//997 844//997
f 17//998 844//998 15//998
f 15//999 844//999 846//999
f 15//999 846//999 13//999
f 13//1000 846//1000 848//1000
f 13//1000 848//1000 11//1000
f 11//1001 848//1001 850//1001
f 11//1001 850//1001 9//1001
f 9//1002 850//1002 852//1002
f 9//1002 852//1002 7//1002
f 7//1003 852//1003 854//1003
f 7//1003 854//1003 5//1003
f 5//1004 854//1004 856//1004
f 5//1005 856//1005 3//1005
f 3//1006 856//1006 858//1006
f 3//1006 858//1006 1//1006
f 1//1007 858//1007 860//1007
f 1//1007 860//1007 143//1007
f 143//1008 860//1008 862//1008
f 143//1008 862//1008 141//1008
f 141//1009 862//1009 864//1009
f 141//1009 864//1009 139//1009
f 139//1010 864//1010 866//1010
f 139//1010 866//1010 137//1010
f 137//1011 866//1011 868//1011
f 137//1011 868//1011 135//1011
f 135//1012 868//1012 870//1012
f 135//1012 870//1012 133//1012
f 133//1013 870//1013 872//1013
f 133//1013 872//1013 131//1013
f 131//1014 872//1014 874//1014
f 131//1014 874//1014 129//1014
f 129//1015 874//1015 876//1015
f 129//1015 876//1015 127//1015
f 127//1016 876//1016 878//1016
f 127//1016 878//1016 125//1016
f 125//1017 878//1017 880//1017
f 125//1018 880//1018 123//1018
f 123//1019 880//1019 882//1019
f 123//1019 882//1019 121//1019
f 121//1020 882//1020 884//1020
f 121//1020 884//1020 119//1020
f 119//1021 884//1021 886//1021
f 119//1021 886//1021 117//1021
f 117//1022 886//1022 888//1022
f 117//1022 888//1022 115//1022
f 115//1023 888//1023 890//1023
f 115//1023 890//1023 113//1023
f 113//1024 890//1024 892//1024
f 113//1025 892//1025 111//1025
f 111//1026 892//1026 894//1026
f 111//1026 894//1026 109//1026
f 109//1027 894//1027 896//1027
f 109//1027 896//1027 107//1027
f 107//1028 896//1028 898//1028
f 107//1028 898//1028 105//1028
f 105//1029 898//1029 900//1029
f 105//1029 900//1029 103//1029
f 103//1030 900//1030 757//1030
f 103//1030 757//1030 101//1030
f 829//1031 901//1031 832//1031
f 832//1032 901//1032 902//1032
f 832//1033 902//1033 833//1033
f 833//1034 902//1034 903//1034
f 833//1035 903//1035 835//1035
f 835//1036 903//1036 904//1036
f 835//1037 904//1037 837//1037
f 837//1038 904//1038 905//1038
f 837//1039 905//1039 839//1039
f 839//1040 905//1040 906//1040
f 839//1041 906//1041 841//1041
f 841//1042 906//1042 907//1042
f 841//1043 907//1043 843//1043
f 843//1044 907//1044 908//1044
f 843//1045 908//1045 845//1045
f 845//1046 908//1046 909//1046
f 845//1047 909//1047 847//1047
f 847//1048 909//1048 910//1048
f 847//1049 910//1049 849//1049
f 849//1050 910//1050 911//1050
f 849//1051 911//1051 851//1051
f 851//1052 911//1052 912//1052
f 851//1053 912//1053 853//1053
f 853//1054 912//1054 913//1054
f 853//1055 913//1055 855//1055
f 855//1056 913//1056 914//1056
f 855//1057 914//1057 857//1057
f 857//1058 914//1058 915//1058
f 857//1059 915//1059 859//1059
f 859//1060 915//1060 916//1060
f 859//1061 916//1061 861//1061
f 861//1062 916//1062 917//1062
f 861//1063 917//1063 863//1063
f 863//1064 917//1064 918//1064
f 863//1065 918//1065 865//1065
f 865//1066 918//1066 919//1066
f 865//1067 919//1067 867//1067
f 867//1068 919//1068 920//1068
f 867//1069 920//1069 869//1069
f 869//1070 920//1070 921//1070
f 869//1071 921//1071 871//1071
f 871//1072 921//1072 922//1072
f 871//1073 922//1073 873//1073
f 873//1074 922//1074 923//1074
f 873//1075 923//1075 875//1075
f 875//1076 923//1076 924//1076
f 875//1077 924//1077 877//1077
f 877//1078 924//1078 925//1078
f 877//1079 925//1079 879//1079
f 879//1080 925//1080 926//1080
f 879//1081 926//1081 881//1081
f 881//1082 926//1082 927//1082
f 928//1083 759//1083 929//1083
f 929//1084 759//1084 899//1084
f 929//1085 899//1085 930//1085
f 930//1086 899//1086 897//1086
f 930//1087 897//1087 931//1087
f 931//1088 897//1088 895//1088
f 931//1089 895//1089 932//1089
f 932//1090 895//1090 893//1090
f 932//1091 893//1091 933//1091
f 933//1092 893//1092 891//1092
f 933//1093 891//1093 934//1093
f 934//1094 891//1094 889//1094
f 934//1095 889//1095 935//1095
f 935//1096 889//1096 887//1096
f 935//1097 887//1097 936//1097
f 936//1098 887//1098 885//1098
f 936//1099 885//1099 927//1099
f 927//1100 885//1100 883//1100
f 927//1101 883//1101 881//1101
f 759//1102 928//1102 760//1102
f 760//1103 928//1103 937//1103
f 760//1104 937//1104 761//1104
f 761//1105 937//1105 938//1105
f 761//1106 938//1106 763//1106
f 763//1107 938//1107 939//1107
f 763//1108 939//1108 765//1108
f 765//1109 939//1109 940//1109
f 765//1110 940//1110 767//1110
f 767//1111 940//1111 941//1111
f 767//1112 941//1112 769//1112
f 769//1113 941//1113 942//1113
f 769//1114 942//1114 771//1114
f 771//1115 942//1115 943//1115
f 771//1116 943//1116 773//1116
f 773//1117 943//1117 944//1117
f 773//1118 944//1118 775//1118
f 775//1119 944//1119 945//1119
f 775//1120 945//1120 777//1120
f 777//1121 945//1121 946//1121
f 777//1122 946//1122 779//1122
f 779//1123 946//1123 947//1123
f 779//1124 947//1124 781//1124
f 781//1125 947//1125 948//1125
f 781//1126 948//1126 783//1126
f 783//1127 948//1127 949//1127
f 783//1128 949//1128 785//1128
f 785//1129 949//1129 950//1129
f 785//1130 950//1130 787//1130
f 787//1131 950//1131 951//1131
f 787//1132 951//1132 789//1132
f 789//1133 951//1133 952//1133
f 789//1134 952//1134 791//1134
f 791//1135 952//1135 953//1135
f 791//1136 953//1136 793//1136
f 793//1137 953//1137 954//1137
f 793//1138 954//1138 795//1138
f 795//1139 954//1139 955//1139
f 795//1140 955//1140 797//1140
f 797//1141 955//1141 956//1141
f 797//1142 956//1142 799//1142
f 799//1143 956//1143 957//1143
f 799//1144 957//1144 801//1144
f 801//1145 957//1145 958//1145
f 801//1146 958//1146 803//1146
f 803//1147 958//1147 959//1147
f 803//1148 959//1148 805//1148
f 805//1149 959//1149 960//1149
f 805//1150 960//1150 807//1150
f 807//1151 960//1151 961//1151
f 807//1152 961//1152 809//1152
f 809//1153 961//1153 962//1153
f 809//1154 962//1154 811//1154
f 811//1155 962//1155 963//1155
f 901//1156 829//1156 964//1156
f 964//1157 829//1157 827//1157
f 964//1158 827//1158 965//1158
f 965//1159 827//1159 825//1159
f 965//1160 825//1160 966//1160
f 966//1161 825//1161 823//1161
f 966//1162 823//1162 967//1162
f 967//1163 823//1163 821//1163
f 967//1164 821//1164 968//1164
f 968//1165 821//1165 819//1165
f 968//1166 819//1166 969//1166
f 969//1167 819//1167 817//1167
f 969//1168 817//1168 970//1168
f 970//1169 817//1169 815//1169
f 970//1170 815//1170 963//1170
f 963//1171 815//1171 813//1171
f 963//1172 813//1172 811//1172
f 971//1173 972//1173 973//1173
f 974//1174 975//1174 976//1174
f 976//1175 975//1175 977//1175
f 976//1176 977//1176 978//1176
f 979//1177 980//1177 981//1177
f 981//1178 980//1178 982//1178
f 981//1179 982//1179 983//1179
f 983//1180 982//1180 984//1180
f 979//1181 981//1181 985//1181
f 985//1182 981//1182 983//1182
f 985//1183 983//1183 973//1183
f 972//1184 971//1184 986//1184
f 986//1185 971//1185 987//1185
f 986//1186 987//1186 988//1186
f 983//1187 989//1187 973//1187
f 973//1188 989//1188 990//1188
f 973//1189 990//1189 971//1189
f 971//1190 990//1190 991//1190
f 971//1191 991//1191 987//1191
f 992//1192 993//1192 994//1192
f 995//1193 985//1193 996//1193
f 996//1194 985//1194 973//1194
f 996//1195 973//1195 997//1195
f 997//1196 973//1196 998//1196
f 997//1197 998//1197 999//1197
f 999//1198 998//1198 1000//1198
f 999//1199 1000//1199 1001//1199
f 1002//1200 1003//1200 1004//1200
f 1002//1201 1004//1201 994//1201
f 994//1202 1004//1202 1005//1202
f 994//1203 1005//1203 992//1203
f 1000//1204 994//1204 1001//1204
f 1001//1205 994//1205 993//1205
f 1001//1206 993//1206 1006//1206
f 1006//1207 993//1207 1007//1207
f 1006//1208 1007//1208 1008//1208
f 1008//1209 1007//1209 1009//1209
f 1009//1210 1007//1210 1010//1210
f 1009//1211 1010//1211 1011//1211
f 1011//1212 1010//1212 1012//1212
f 1011//1213 1012//1213 1013//1213
f 1013//1214 1012//1214 1014//1214
f 1013//1215 1014//1215 1015//1215
f 1003//1216 1002//1216 1016//1216
f 1016//1217 1002//1217 1017//1217
f 1016//1218 1017//1218 1018//1218
f 1018//1219 1017//1219 1019//1219
f 1018//1220 1019//1220 1020//1220
f 1020//1221 1019//1221 1021//1221
f 1020//1222 1021//1222 1022//1222
f 1014//1223 1023//1223 1024//1223
f 1024//1224 1023//1224 1025//1224
f 1024//1225 1025//1225 1021//1225
f 1021//1226 1025//1226 1026//1226
f 1021//1227 1026//1227 1022//1227
f 1015//1228 1014//1228 1027//1228
f 1027//1229 1014//1229 1024//1229
f 1027//1230 1024//1230 1028//1230
f 1028//1231 1024//1231 1029//1231
f 1028//1232 1029//1232 1030//1232
f 1031//1233 1032//1233 1033//1233
f 1033//1234 1032//1234 1034//1234
f 1033//1235 1034//1235 1035//1235
f 1035//1236 1036//1236 1033//1236
f 1033//1237 1036//1237 1037//1237
f 1033//1238 1037//1238 1031//1238
f 1031//1239 1037//1239 1038//1239
f 1031//1240 1038//1240 1039//1240
f 1038//1241 1040//1241 1039//1241
f 1039//1242 1040//1242 1041//1242
f 1039//1243 1041//1243 1042//1243
f 1042//1244 1043//1244 1039//1244
f 1039//1245 1043//1245 1044//1245
f 1039//1246 1044//1246 1045//1246
f 1045//1247 1044//1247 1046//1247
f 1029//1248 1047//1248 1030//1248
f 1030//1249 1047//1249 1031//1249
f 1030//1250 1031//1250 1048//1250
f 1048//1251 1031//1251 1039//1251
f 1049//1252 1050//1252 1051//1252
f 1051//1253 1050//1253 1052//1253
f 1051//1254 1052//1254 1053//1254
f 1054//1255 1055//1255 1056//1255
f 1057//1256 1058//1256 1059//1256
f 1059//1257 1058//1257 1060//1257
f 1059//1258 1060//1258 1061//1258
f 1039//1259 1049//1259 1048//1259
f 1048//1260 1049//1260 1051//1260
f 1048//1261 1051//1261 1062//1261
f 1062//1262 1051//1262 1063//1262
f 1062//1263 1063//1263 1064//1263
f 1064//1264 1063//1264 1065//1264
f 1064//1265 1065//1265 1066//1265
f 1066//1266 1065//1266 1067//1266
f 1066//1267 1067//1267 1068//1267
f 1068//1268 1067//1268 1060//1268
f 1068//1269 1060//1269 1069//1269
f 1069//1270 1060//1270 1058//1270
f 1069//1271 1058//1271 1070//1271
f 1071//1272 1072//1272 1073//1272
f 1074//1273 1075//1273 1076//1273
f 1076//1274 1075//1274 1077//1274
f 1075//1275 1071//1275 1077//1275
f 1077//1276 1071//1276 1073//1276
f 1077//1277 1073//1277 1056//1277
f 1055//1278 1054//1278 1078//1278
f 1078//1279 1054//1279 1079//1279
f 1078//1280 1079//1280 1080//1280
f 1073//1281 1081//1281 1056//1281
f 1056//1282 1081//1282 1082//1282
f 1056//1283 1082//1283 1054//1283
f 1054//1284 1082//1284 1083//1284
f 1054//1285 1083//1285 1079//1285
f 1084//1286 1085//1286 1086//1286
f 1087//1287 1088//1287 1089//1287
f 1070//1288 1077//1288 1069//1288
f 1069//1289 1077//1289 1056//1289
f 1069//1290 1056//1290 1090//1290
f 1090//1291 1056//1291 1091//1291
f 1090//1292 1091//1292 1092//1292
f 1092//1293 1091//1293 1093//1293
f 1092//1294 1093//1294 1094//1294
f 1094//1295 1093//1295 1095//1295
f 1096//1296 1097//1296 1098//1296
f 1098//1297 1097//1297 1099//1297
f 1098//1298 1099//1298 1100//1298
f 1100//1299 1099//1299 1085//1299
f 1101//1300 1102//1300 1103//1300
f 1101//1301 1103//1301 1104//1301
f 1096//1302 1105//1302 1097//1302
f 1097//1303 1105//1303 1106//1303
f 1097//1304 1106//1304 1107//1304
f 1107//1305 1106//1305 1104//1305
f 1107//1306 1104//1306 1108//1306
f 1108//1307 1104//1307 1103//1307
f 1101//1308 1109//1308 1102//1308
f 1102//1309 1109//1309 1110//1309
f 1102//1310 1110//1310 1089//1310
f 1089//1311 1110//1311 1111//1311
f 1089//1312 1111//1312 1087//1312
f 1086//1313 1085//1313 1112//1313
f 1112//1314 1085//1314 1099//1314
f 1112//1315 1099//1315 1113//1315
f 1113//1316 1099//1316 1114//1316
f 1113//1317 1114//1317 1115//1317
f 1086//1318 1116//1318 1084//1318
f 1084//1319 1116//1319 1117//1319
f 1084//1320 1117//1320 1118//1320
f 1118//1321 1117//1321 1119//1321
f 1118//1322 1119//1322 1088//1322
f 1088//1323 1119//1323 1095//1323
f 1088//1324 1095//1324 1089//1324
f 1089//1325 1095//1325 1093//1325
f 1120//1326 1121//1326 1122//1326
f 1122//1327 1121//1327 1123//1327
f 1122//1328 1123//1328 1124//1328
f 1124//1329 1125//1329 1122//1329
f 1122//1330 1125//1330 1126//1330
f 1122//1331 1126//1331 1120//1331
f 1120//1332 1126//1332 1127//1332
f 1120//1333 1127//1333 1128//1333
f 1128//1334 1127//1334 1129//1334
f 1128//1335 1129//1335 1130//1335
f 1130//1336 1131//1336 1128//1336
f 1128//1337 1131//1337 1132//1337
f 1128//1338 1132//1338 1133//1338
f 1133//1339 1132//1339 1134//1339
f 1114//1340 1135//1340 1115//1340
f 1115//1341 1135//1341 1120//1341
f 1115//1342 1120//1342 1136//1342
f 1136//1343 1120//1343 1128//1343
f 1137//1344 1138//1344 1139//1344
f 1139//1345 1138//1345 1140//1345
f 1139//1346 1140//1346 1141//1346
f 1128//1347 1137//1347 1136//1347
f 1136//1348 1137//1348 1139//1348
f 1136//1349 1139//1349 1142//1349
f 1142//1350 1139//1350 1143//1350
f 1142//1351 1143//1351 1144//1351
f 1144//1352 1143//1352 1145//1352
f 1144//1353 1145//1353 1146//1353
f 1146//1354 1145//1354 1147//1354
f 1146//1355 1147//1355 1148//1355
f 1148//1356 1147//1356 977//1356
f 1148//1357 977//1357 996//1357
f 996//1358 977//1358 975//1358
f 996//1359 975//1359 995//1359
f 1149//1 1150//1 1151//1
f 1152//1 1153//1 1154//1
f 1155//1 1156//1 1152//1
f 1151//1 1157//1 1155//1
f 1154//1 1158//1 1159//1
f 1155//1 1152//1 1151//1
f 1151//1 1152//1 1154//1
f 1151//1 1154//1 1149//1
f 1149//1 1154//1 1159//1
f 1149//1 1159//1 1160//1
f 1161//1360 1162//1360 1163//1360
f 1163//1360 1162//1360 1164//1360
f 1163//1361 1164//1361 1165//1361
f 1165//1361 1164//1361 1166//1361
f 1165//1362 1166//1362 1167//1362
f 1167//1362 1166//1362 1168//1362
f 1169//1363 1170//1363 1171//1363
f 1171//1363 1170//1363 1172//1363
f 1173//1364 1174//1364 1175//1364
f 1175//1365 1174//1365 1176//1365
f 1175//1366 1176//1366 1177//1366
f 1177//1366 1176//1366 1178//1366
f 1177//1367 1178//1367 1179//1367
f 1179//1367 1178//1367 1180//1367
f 1179//1368 1180//1368 1181//1368
f 1181//1368 1180//1368 1182//1368
f 1181//1369 1182//1369 1183//1369
f 1183//1369 1182//1369 1184//1369
f 1183//1370 1184//1370 1185//1370
f 1185//1370 1184//1370 1186//1370
f 1187//1371 1188//1371 1189//1371
f 1187//1371 1189//1371 1190//1371
f 1190//1372 1189//1372 1191//1372
f 1190//1372 1191//1372 1192//1372
f 1192//1373 1191//1373 1193//1373
f 1192//1374 1193//1374 1194//1374
f 1194//1375 1193//1375 1195//1375
f 1194//1376 1195//1376 1196//1376
f 1196//1377 1195//1377 1197//1377
f 1196//1377 1197//1377 1198//1377
f 1198//1378 1197//1378 1199//1378
f 1198//1379 1199//1379 1200//1379
f 1200//1380 1199//1380 1201//1380
f 1200//1381 1201//1381 1202//1381
f 1202//1382 1201//1382 1203//1382
f 1202//1382 1203//1382 1204//1382
f 1205//1383 1203//1383 1201//1383
f 1205//1383 1201//1383 1206//1383
f 1206//1384 1201//1384 1199//1384
f 1206//1384 1199//1384 1207//1384
f 1207//1385 1199//1385 1197//1385
f 1207//1385 1197//1385 1208//1385
f 1208//1386 1197//1386 1195//1386
f 1208//1386 1195//1386 1209//1386
f 1209//1387 1195//1387 1210//1387
f 1210//1388 1195//1388 1193//1388
f 1210//1389 1193//1389 1211//1389
f 1211//1389 1193//1389 1212//1389
f 1212//1390 1193//1390 1191//1390
f 1212//1390 1191//1390 1213//1390
f 1213//1391 1191//1391 1189//1391
f 1213//1391 1189//1391 1214//1391
f 1214//1392 1189//1392 1188//1392
f 1214//1392 1188//1392 1215//1392
f 1216//1 1202//1 1174//1
f 1174//1 1202//1 1204//1
f 1174//1 1204//1 1176//1
f 1184//1 1217//1 1186//1
f 1186//1 1217//1 1187//1
f 1186//1 1187//1 1218//1
f 1204//1 1219//1 1176//1
f 1176//1 1219//1 1220//1
f 1176//1 1220//1 1178//1
f 1178//1 1220//1 1221//1
f 1178//1 1221//1 1180//1
f 1180//1 1221//1 1222//1
f 1180//1 1222//1 1182//1
f 1182//1 1222//1 1223//1
f 1182//1 1223//1 1184//1
f 1184//1 1223//1 1224//1
f 1184//1 1224//1 1217//1
f 1187//1 1190//1 1218//1
f 1218//1 1190//1 1192//1
f 1218//1 1192//1 1225//1
f 1225//1 1192//1 1194//1
f 1225//1 1194//1 1226//1
f 1226//1 1194//1 1196//1
f 1226//1 1196//1 1227//1
f 1227//1 1196//1 1198//1
f 1227//1 1198//1 1216//1
f 1216//1 1198//1 1200//1
f 1216//1 1200//1 1202//1
f 1228//1393 1229//1393 1230//1393
f 1231//1394 1232//1394 1233//1394
f 1231//1395 1233//1395 1234//1395
f 1235//1396 1228//1396 1236//1396
f 1236//1397 1228//1397 1230//1397
f 1236//1398 1230//1398 1237//1398
f 1237//1399 1230//1399 1238//1399
f 1237//1400 1238//1400 1239//1400
f 1239//1401 1238//1401 1240//1401
f 1239//1402 1240//1402 1241//1402
f 1241//1403 1240//1403 1242//1403
f 1241//1404 1242//1404 1233//1404
f 1233//1405 1242//1405 1243//1405
f 1233//1406 1243//1406 1234//1406
f 1244//1407 1245//1407 1246//1407
f 1246//1408 1245//1408 1247//1408
f 1246//1409 1247//1409 1248//1409
f 1248//1410 1247//1410 1249//1410
f 1248//1411 1249//1411 1250//1411
f 1250//1412 1249//1412 1251//1412
f 1250//1413 1251//1413 1252//1413
f 1253//1414 1254//1414 1255//1414
f 1255//1415 1254//1415 1256//1415
f 1255//1416 1256//1416 1257//1416
f 1257//1417 1256//1417 1258//1417
f 1259//1418 1260//1418 1261//1418
f 1261//1419 1260//1419 1262//1419
f 1261//1420 1262//1420 1263//1420
f 1263//1421 1262//1421 1264//1421
f 1263//1422 1264//1422 1265//1422
f 1265//1423 1264//1423 1266//1423
f 1265//1424 1266//1424 1267//1424
f 1268//1425 1269//1425 1270//1425
f 1270//1426 1269//1426 1271//1426
f 1270//1427 1271//1427 1272//1427
f 1272//1428 1271//1428 1273//1428
f 1272//1429 1273//1429 1274//1429
f 1274//1430 1273//1430 1275//1430
f 1274//1431 1275//1431 1276//1431
f 1276//1432 1275//1432 1277//1432
f 1278//1433 1279//1433 1280//1433
f 1281//1434 1282//1434 1283//1434
f 1284//1435 1280//1435 1285//1435
f 1285//1436 1280//1436 1279//1436
f 1285//1437 1279//1437 1286//1437
f 1287//1438 1288//1438 1283//1438
f 1283//1439 1288//1439 1289//1439
f 1283//1440 1289//1440 1281//1440
f 1281//1441 1289//1441 1290//1441
f 1280//1442 1291//1442 1278//1442
f 1278//1443 1291//1443 1292//1443
f 1278//1444 1292//1444 1293//1444
f 1293//1445 1292//1445 1294//1445
f 1293//1446 1294//1446 1295//1446
f 1295//1447 1294//1447 1296//1447
f 1295//1448 1296//1448 1297//1448
f 1297//1449 1296//1449 1298//1449
f 1297//1450 1298//1450 1299//1450
f 1299//1451 1298//1451 1300//1451
f 1299//1452 1300//1452 1287//1452
f 1287//1453 1300//1453 1301//1453
f 1287//1454 1301//1454 1288//1454
f 1302//1455 1244//1455 1246//1455
f 1303//1456 1259//1456 1261//1456
f 1117//1457 1304//1457 1305//1457
f 1117//1458 1305//1458 1119//1458
f 1119//1459 1305//1459 1303//1459
f 1119//1460 1303//1460 1095//1460
f 1303//1461 1261//1461 1095//1461
f 1095//1462 1261//1462 1263//1462
f 1095//1463 1263//1463 1094//1463
f 1094//1464 1263//1464 1265//1464
f 1094//1465 1265//1465 1092//1465
f 1265//1466 1267//1466 1306//1466
f 1265//1467 1306//1467 1092//1467
f 1092//1468 1306//1468 1307//1468
f 1092//1469 1307//1469 1090//1469
f 1090//1470 1307//1470 1308//1470
f 1090//1471 1308//1471 1069//1471
f 1069//1472 1308//1472 1309//1472
f 1069//1473 1309//1473 1068//1473
f 1068//1474 1309//1474 1310//1474
f 1068//1475 1310//1475 1066//1475
f 1066//1476 1310//1476 1234//1476
f 1066//1477 1234//1477 1243//1477
f 1230//1478 1229//1478 1311//1478
f 1243//1479 1242//1479 1066//1479
f 1066//1480 1242//1480 1240//1480
f 1066//1481 1240//1481 1064//1481
f 1064//1482 1240//1482 1238//1482
f 1064//1483 1238//1483 1062//1483
f 1238//1484 1230//1484 1062//1484
f 1062//1485 1230//1485 1311//1485
f 1062//1486 1311//1486 1048//1486
f 1311//1487 1312//1487 1048//1487
f 1048//1488 1312//1488 1313//1488
f 1048//1489 1313//1489 1030//1489
f 1030//1490 1313//1490 1314//1490
f 1030//1491 1314//1491 1028//1491
f 1314//1492 1302//1492 1028//1492
f 1028//1493 1302//1493 1246//1493
f 1028//1494 1246//1494 1027//1494
f 1027//1495 1246//1495 1248//1495
f 1027//1496 1248//1496 1015//1496
f 1250//1497 1252//1497 1315//1497
f 1248//1498 1250//1498 1015//1498
f 1015//1499 1250//1499 1315//1499
f 1015//1500 1315//1500 1013//1500
f 1013//1501 1315//1501 1316//1501
f 1013//1502 1316//1502 1011//1502
f 1011//1503 1316//1503 1317//1503
f 1011//1504 1317//1504 1009//1504
f 1318//1 1319//1 1320//1
f 1320//1 1319//1 1321//1
f 1322//1 1323//1 1324//1
f 1320//1 1325//1 1318//1
f 1318//1 1325//1 1326//1
f 1318//1 1326//1 1327//1
f 1328//1 1329//1 1330//1
f 1330//1 1329//1 1318//1
f 1330//1 1318//1 1331//1
f 1331//1 1318//1 1327//1
f 1321//1 1332//1 1320//1
f 1320//1 1332//1 1322//1
f 1320//1 1322//1 1333//1
f 1333//1 1322//1 1324//1
f 1334//1383 1325//1383 1320//1383
f 1334//1383 1320//1383 1335//1383
f 1335//1384 1320//1384 1333//1384
f 1335//1384 1333//1384 1336//1384
f 1336//1385 1333//1385 1324//1385
f 1336//1385 1324//1385 1337//1385
f 1337//1386 1324//1386 1323//1386
f 1337//1386 1323//1386 1338//1386
f 1338//1505 1323//1505 1322//1505
f 1338//1505 1322//1505 1339//1505
f 1339//1390 1322//1390 1332//1390
f 1339//1390 1332//1390 1340//1390
f 1340//1391 1332//1391 1321//1391
f 1340//1391 1321//1391 1341//1391
f 1341//1392 1321//1392 1319//1392
f 1341//1392 1319//1392 1342//1392
f 1343//1506 1344//1506 1345//1506
f 1345//1507 1346//1507 1343//1507
f 1343//1508 1346//1508 1347//1508
f 1343//1509 1347//1509 1348//1509
f 1348//1510 1347//1510 1349//1510
f 1349//1511 1350//1511 1348//1511
f 1348//1512 1350//1512 1351//1512
f 1348//1512 1351//1512 1352//1512
f 1345//1513 1344//1513 1353//1513
f 1353//1514 1344//1514 1354//1514
f 1355//1515 1356//1515 1357//1515
f 1357//1516 1356//1516 1358//1516
f 1359//1517 1360//1517 1361//1517
f 1361//1518 1360//1518 1362//1518
f 1355//1516 1363//1516 1356//1516
f 1356//1515 1363//1515 1364//1515
f 1365//1519 1366//1519 1367//1519
f 1365//1519 1367//1519 1368//1519
f 1368//1520 1367//1520 1369//1520
f 1368//1521 1369//1521 1370//1521
f 1369//1522 1371//1522 1370//1522
f 1370//1523 1371//1523 1372//1523
f 1370//1524 1372//1524 1373//1524
f 1373//1525 1372//1525 1374//1525
f 1373//1526 1374//1526 1375//1526
f 1375//1527 1374//1527 1376//1527
f 1375//1528 1376//1528 1377//1528
f 1377//1529 1376//1529 1378//1529
f 1377//1530 1378//1530 1379//1530
f 1378//1531 1380//1531 1379//1531
f 1379//1532 1380//1532 1381//1532
f 1379//1533 1381//1533 1382//1533
f 1382//1534 1381//1534 1383//1534
f 1381//1535 1384//1535 1383//1535
f 1383//1536 1384//1536 1385//1536
f 1383//1537 1385//1537 1386//1537
f 1385//1538 1387//1538 1386//1538
f 1386//1539 1387//1539 1388//1539
f 1386//1540 1388//1540 1389//1540
f 1388//1541 1390//1541 1389//1541
f 1389//1542 1390//1542 1391//1542
f 1389//1543 1391//1543 1392//1543
f 1391//1544 1393//1544 1392//1544
f 1392//1545 1393//1545 1394//1545
f 1392//1546 1394//1546 1395//1546
f 1394//1547 1396//1547 1395//1547
f 1395//1548 1396//1548 1397//1548
f 1395//1549 1397//1549 1398//1549
f 1397//1550 1399//1550 1398//1550
f 1398//1551 1399//1551 1400//1551
f 1398//1552 1400//1552 1401//1552
f 1400//1553 1402//1553 1401//1553
f 1401//1554 1402//1554 1403//1554
f 1401//1555 1403//1555 1404//1555
f 1404//1556 1403//1556 1405//1556
f 1405//1557 1406//1557 1404//1557
f 1404//1558 1406//1558 1407//1558
f 1404//1559 1407//1559 1408//1559
f 1407//1560 1409//1560 1408//1560
f 1408//1561 1409//1561 1410//1561
f 1408//1561 1410//1561 1411//1561
f 1411//1562 1410//1562 1412//1562
f 1411//1562 1412//1562 1413//1562
f 1413//1563 1412//1563 1414//1563
f 1413//1564 1414//1564 1415//1564
f 1414//1565 1416//1565 1415//1565
f 1415//1566 1416//1566 1417//1566
f 1415//1567 1417//1567 1418//1567
f 1417//1568 1419//1568 1418//1568
f 1418//1569 1419//1569 1420//1569
f 1418//1570 1420//1570 1421//1570
f 1420//1571 1422//1571 1421//1571
f 1421//1572 1422//1572 1423//1572
f 1421//1573 1423//1573 1424//1573
f 1423//1574 1425//1574 1424//1574
f 1424//1575 1425//1575 1426//1575
f 1424//1576 1426//1576 1427//1576
f 1426//1577 1428//1577 1427//1577
f 1427//1578 1428//1578 1429//1578
f 1427//1579 1429//1579 1430//1579
f 1429//1580 1431//1580 1430//1580
f 1430//1581 1431//1581 1432//1581
f 1430//1582 1432//1582 1433//1582
f 1432//1583 1434//1583 1433//1583
f 1433//1584 1434//1584 1435//1584
f 1433//1585 1435//1585 1436//1585
f 1435//1586 1437//1586 1436//1586
f 1436//1587 1437//1587 1438//1587
f 1436//1588 1438//1588 1439//1588
f 1438//1589 1440//1589 1439//1589
f 1439//1590 1440//1590 1441//1590
f 1439//1591 1441//1591 1442//1591
f 1441//1592 1443//1592 1442//1592
f 1442//1593 1443//1593 1444//1593
f 1442//1594 1444//1594 1445//1594
f 1444//1595 1446//1595 1445//1595
f 1445//1596 1446//1596 1447//1596
f 1445//1597 1447//1597 1448//1597
f 1447//1598 1449//1598 1448//1598
f 1448//1599 1449//1599 1450//1599
f 1448//1600 1450//1600 1451//1600
f 1450//1601 1452//1601 1451//1601
f 1451//1602 1452//1602 1359//1602
f 1451//1602 1359//1602 1361//1602
f 1453//1603 1454//1603 1455//1603
f 1455//1604 1454//1604 1456//1604
f 1455//1605 1456//1605 1457//1605
f 1458//1606 1459//1606 1457//1606
f 1457//1606 1459//1606 1460//1606
f 1457//1605 1460//1605 1455//1605
f 1455//1605 1460//1605 1461//1605
f 1455//1605 1461//1605 1355//1605
f 1462//1606 1363//1606 1463//1606
f 1463//1607 1363//1607 1355//1607
f 1463//1605 1355//1605 1464//1605
f 1464//1605 1355//1605 1461//1605
f 1464//1606 1461//1606 1465//1606
f 1465//1606 1461//1606 1466//1606
f 1467//1608 1468//1608 1469//1608
f 1469//1608 1468//1608 1470//1608
f 1471//1609 1472//1609 1473//1609
f 1471//1610 1473//1610 1357//1610
f 1357//1611 1473//1611 1455//1611
f 1357//1612 1455//1612 1355//1612
f 1474//1613 1475//1613 1476//1613
f 1474//1614 1476//1614 1353//1614
f 1353//1615 1476//1615 1477//1615
f 1353//1616 1477//1616 1345//1616
f 1478//1 1453//1 1479//1
f 1479//1 1453//1 1455//1
f 1479//1 1480//1 1481//1
f 1481//1 1480//1 1482//1
f 1481//1 1482//1 1483//1
f 1483//1 1482//1 1484//1
f 1483//1 1484//1 1485//1
f 1476//1 1475//1 1486//1
f 1486//1 1475//1 1468//1
f 1486//1 1468//1 1467//1
f 1455//1 1473//1 1479//1
f 1479//1 1473//1 1472//1
f 1479//1 1472//1 1480//1
f 1485//1 1484//1 1487//1
f 1487//1 1484//1 1488//1
f 1487//1 1488//1 1489//1
f 1489//1 1488//1 1490//1
f 1489//1 1490//1 1486//1
f 1486//1 1490//1 1477//1
f 1486//1 1477//1 1476//1
f 1480//1617 1491//1617 1492//1617
f 1493//1618 1494//1618 1495//1618
f 1496//1619 1493//1619 1497//1619
f 1497//1620 1493//1620 1498//1620
f 1497//1621 1498//1621 1499//1621
f 1499//1622 1498//1622 1500//1622
f 1493//1623 1495//1623 1498//1623
f 1498//1624 1495//1624 1501//1624
f 1498//1625 1501//1625 1500//1625
f 1502//1626 1503//1626 1500//1626
f 1500//1627 1503//1627 1504//1627
f 1500//1628 1504//1628 1499//1628
f 1505//1629 1506//1629 1500//1629
f 1500//1630 1506//1630 1507//1630
f 1508//1631 1509//1631 1507//1631
f 1507//1631 1509//1631 1510//1631
f 1507//1632 1510//1632 1500//1632
f 1500//1633 1510//1633 1511//1633
f 1500//1634 1511//1634 1502//1634
f 1512//1635 1513//1635 1514//1635
f 1505//1636 1500//1636 1515//1636
f 1515//1637 1500//1637 1501//1637
f 1515//1638 1501//1638 1512//1638
f 1512//1639 1501//1639 1516//1639
f 1512//1640 1516//1640 1513//1640
f 1513//1641 1516//1641 1517//1641
f 1513//1642 1517//1642 1518//1642
f 1518//1643 1517//1643 1519//1643
f 1519//1644 1517//1644 1520//1644
f 1519//1645 1520//1645 1521//1645
f 1521//1646 1520//1646 1522//1646
f 1522//1647 1520//1647 1523//1647
f 1522//1648 1523//1648 1524//1648
f 1524//1649 1523//1649 1525//1649
f 1524//1650 1525//1650 1526//1650
f 1527//1651 1528//1651 1529//1651
f 1529//1652 1528//1652 1530//1652
f 1529//1653 1530//1653 1531//1653
f 1532//1654 1533//1654 1534//1654
f 1534//1655 1533//1655 1535//1655
f 1534//1656 1535//1656 1536//1656
f 1537//1657 1538//1657 1532//1657
f 1532//1658 1538//1658 1539//1658
f 1532//1659 1539//1659 1533//1659
f 1533//1660 1539//1660 1540//1660
f 1533//1661 1540//1661 1535//1661
f 1541//1662 1531//1662 1534//1662
f 1534//1663 1531//1663 1530//1663
f 1534//1664 1530//1664 1532//1664
f 1532//1665 1530//1665 1542//1665
f 1532//1666 1542//1666 1537//1666
f 1537//1667 1542//1667 1543//1667
f 1537//1668 1543//1668 1544//1668
f 1508//1669 1545//1669 1546//1669
f 1514//1670 1547//1670 1512//1670
f 1512//1671 1547//1671 1546//1671
f 1512//1672 1546//1672 1548//1672
f 1548//1673 1546//1673 1545//1673
f 1549//1674 1482//1674 1546//1674
f 1546//1675 1482//1675 1480//1675
f 1546//1676 1480//1676 1508//1676
f 1508//1677 1480//1677 1492//1677
f 1508//1678 1492//1678 1509//1678
f 1550//1679 1482//1679 1544//1679
f 1544//1680 1482//1680 1549//1680
f 1544//1681 1549//1681 1537//1681
f 1551//1682 1552//1682 1553//1682
f 1553//1683 1552//1683 1554//1683
f 1553//1684 1554//1684 1555//1684
f 1526//1685 1555//1685 1524//1685
f 1524//1686 1555//1686 1554//1686
f 1524//1687 1554//1687 1471//1687
f 1471//1688 1554//1688 1556//1688
f 1471//1689 1556//1689 1472//1689
f 1472//1689 1556//1689 1557//1689
f 1472//1690 1557//1690 1480//1690
f 1557//1691 1558//1691 1480//1691
f 1480//1692 1558//1692 1559//1692
f 1480//1693 1559//1693 1560//1693
f 1560//1694 1561//1694 1480//1694
f 1480//1695 1561//1695 1562//1695
f 1480//1696 1562//1696 1563//1696
f 1564//1697 1565//1697 1566//1697
f 1566//1698 1565//1698 1567//1698
f 1566//1699 1567//1699 1568//1699
f 1568//1700 1567//1700 1552//1700
f 1568//1701 1552//1701 1569//1701
f 1569//1702 1552//1702 1551//1702
f 1569//1703 1551//1703 1563//1703
f 1563//1704 1551//1704 1570//1704
f 1563//1705 1570//1705 1480//1705
f 1480//1706 1570//1706 1571//1706
f 1480//1707 1571//1707 1491//1707
f 1572//1708 1573//1708 1521//1708
f 1521//1709 1573//1709 1574//1709
f 1521//1710 1574//1710 1519//1710
f 1575//1711 1576//1711 1577//1711
f 1575//1712 1577//1712 1578//1712
f 1578//1713 1577//1713 1579//1713
f 1578//1714 1579//1714 1580//1714
f 1581//1715 1582//1715 1583//1715
f 1584//1716 1585//1716 1586//1716
f 1586//1717 1585//1717 1587//1717
f 1588//1718 1521//1718 1586//1718
f 1586//1719 1521//1719 1581//1719
f 1586//1720 1581//1720 1584//1720
f 1584//1721 1581//1721 1583//1721
f 1482//1722 1589//1722 1590//1722
f 1590//1723 1591//1723 1482//1723
f 1482//1724 1591//1724 1592//1724
f 1482//1725 1592//1725 1593//1725
f 1594//1726 1484//1726 1595//1726
f 1595//1727 1484//1727 1482//1727
f 1595//1728 1482//1728 1596//1728
f 1596//1729 1482//1729 1593//1729
f 1596//1730 1593//1730 1597//1730
f 1597//1731 1593//1731 1576//1731
f 1597//1732 1576//1732 1598//1732
f 1598//1733 1576//1733 1575//1733
f 1550//1734 1599//1734 1482//1734
f 1482//1735 1599//1735 1600//1735
f 1482//1736 1600//1736 1589//1736
f 1589//1737 1600//1737 1601//1737
f 1589//1738 1601//1738 1602//1738
f 1602//1739 1601//1739 1603//1739
f 1602//1740 1603//1740 1604//1740
f 1604//1741 1603//1741 1605//1741
f 1605//1742 1603//1742 1606//1742
f 1605//1743 1606//1743 1607//1743
f 1607//1744 1606//1744 1608//1744
f 1607//1745 1608//1745 1609//1745
f 1609//1746 1608//1746 1610//1746
f 1610//1747 1608//1747 1572//1747
f 1610//1748 1572//1748 1611//1748
f 1611//1749 1572//1749 1521//1749
f 1611//1750 1521//1750 1612//1750
f 1612//1751 1521//1751 1613//1751
f 1613//1752 1521//1752 1588//1752
f 1613//1753 1588//1753 1614//1753
f 1614//1754 1588//1754 1615//1754
f 1614//1755 1615//1755 1579//1755
f 1579//1756 1615//1756 1616//1756
f 1579//1757 1616//1757 1580//1757
f 1580//1758 1616//1758 1617//1758
f 1580//1759 1617//1759 1618//1759
f 1619//1760 1620//1760 1621//1760
f 1621//1761 1620//1761 1484//1761
f 1621//1762 1484//1762 1622//1762
f 1622//1763 1484//1763 1594//1763
f 1623//1764 1624//1764 1625//1764
f 1620//1765 1623//1765 1484//1765
f 1484//1766 1623//1766 1625//1766
f 1484//1767 1625//1767 1488//1767
f 1626//1768 1627//1768 1628//1768
f 1629//1769 1626//1769 1630//1769
f 1630//1770 1626//1770 1628//1770
f 1630//1771 1628//1771 1631//1771
f 1631//1772 1628//1772 1632//1772
f 1624//1773 1633//1773 1625//1773
f 1625//1774 1633//1774 1634//1774
f 1625//1775 1634//1775 1635//1775
f 1635//1776 1634//1776 1636//1776
f 1635//1777 1636//1777 1627//1777
f 1637//1778 1638//1778 1639//1778
f 1640//1779 1641//1779 1351//1779
f 1351//1780 1641//1780 1642//1780
f 1351//1781 1642//1781 1581//1781
f 1581//1782 1642//1782 1643//1782
f 1581//1783 1643//1783 1582//1783
f 1639//1784 1635//1784 1351//1784
f 1644//1785 1645//1785 1646//1785
f 1646//1786 1645//1786 1647//1786
f 1646//1787 1647//1787 1648//1787
f 1648//1788 1647//1788 1649//1788
f 1648//1789 1649//1789 1619//1789
f 1619//1790 1649//1790 1650//1790
f 1619//1791 1650//1791 1620//1791
f 1644//1792 1651//1792 1645//1792
f 1645//1793 1651//1793 1652//1793
f 1645//1794 1652//1794 1653//1794
f 1653//1795 1652//1795 1654//1795
f 1653//1796 1654//1796 1655//1796
f 1655//1797 1654//1797 1656//1797
f 1657//1798 1658//1798 1659//1798
f 1659//1799 1655//1799 1657//1799
f 1657//1800 1655//1800 1656//1800
f 1657//1801 1656//1801 1660//1801
f 1660//1802 1656//1802 1661//1802
f 1660//1803 1661//1803 1662//1803
f 1662//1804 1661//1804 1663//1804
f 1662//1805 1663//1805 1587//1805
f 1587//1806 1663//1806 1664//1806
f 1587//1807 1664//1807 1586//1807
f 1657//1808 1665//1808 1658//1808
f 1658//1809 1665//1809 1635//1809
f 1658//1810 1635//1810 1666//1810
f 1666//1811 1635//1811 1627//1811
f 1666//1812 1627//1812 1667//1812
f 1667//1813 1627//1813 1626//1813
f 1665//1814 1668//1814 1635//1814
f 1635//1815 1668//1815 1669//1815
f 1635//1816 1669//1816 1351//1816
f 1351//1817 1669//1817 1670//1817
f 1351//1818 1670//1818 1640//1818
f 1671//1819 1672//1819 1673//1819
f 1673//1820 1672//1820 1674//1820
f 1673//1821 1674//1821 1646//1821
f 1646//1822 1674//1822 1675//1822
f 1646//1823 1675//1823 1644//1823
f 1671//1824 1676//1824 1672//1824
f 1672//1825 1676//1825 1677//1825
f 1672//1826 1677//1826 1678//1826
f 1678//1827 1677//1827 1679//1827
f 1678//1828 1679//1828 1680//1828
f 1680//1829 1679//1829 1681//1829
f 1680//1830 1681//1830 1682//1830
f 1683//1831 1684//1831 1685//1831
f 1685//1832 1684//1832 1680//1832
f 1685//1833 1680//1833 1686//1833
f 1686//1834 1680//1834 1682//1834
f 1686//1835 1682//1835 1687//1835
f 1688//1836 1689//1836 1690//1836
f 1617//1837 1691//1837 1618//1837
f 1618//1838 1691//1838 1692//1838
f 1618//1839 1692//1839 1693//1839
f 1693//1840 1692//1840 1694//1840
f 1693//1841 1694//1841 1695//1841
f 1695//1842 1694//1842 1696//1842
f 1695//1843 1696//1843 1697//1843
f 1697//1844 1696//1844 1698//1844
f 1697//1845 1698//1845 1690//1845
f 1690//1846 1698//1846 1699//1846
f 1690//1847 1699//1847 1688//1847
f 1700//1848 1701//1848 1702//1848
f 1702//1849 1701//1849 1690//1849
f 1702//1850 1690//1850 1703//1850
f 1703//1851 1690//1851 1689//1851
f 1351//1852 1350//1852 1639//1852
f 1639//1853 1350//1853 1349//1853
f 1639//1778 1349//1778 1637//1778
f 1637//1854 1349//1854 1704//1854
f 1705//1855 1706//1855 1707//1855
f 1708//1856 1709//1856 1346//1856
f 1709//1857 1705//1857 1346//1857
f 1346//1858 1705//1858 1707//1858
f 1346//1859 1707//1859 1347//1859
f 1347//1860 1707//1860 1710//1860
f 1347//1861 1710//1861 1349//1861
f 1710//1862 1711//1862 1712//1862
f 1349//1863 1710//1863 1704//1863
f 1704//1864 1710//1864 1712//1864
f 1704//1865 1712//1865 1713//1865
f 1711//1866 1714//1866 1712//1866
f 1712//1867 1714//1867 1715//1867
f 1712//1868 1715//1868 1713//1868
f 1706//1869 1716//1869 1707//1869
f 1707//1870 1716//1870 1717//1870
f 1707//1871 1717//1871 1718//1871
f 1718//1872 1717//1872 1719//1872
f 1719//1873 1720//1873 1721//1873
f 1719//1874 1721//1874 1722//1874
f 1625//1875 1723//1875 1488//1875
f 1488//1854 1723//1854 1724//1854
f 1488//1876 1724//1876 1725//1876
f 1721//1877 1726//1877 1722//1877
f 1722//1878 1726//1878 1727//1878
f 1722//1879 1727//1879 1725//1879
f 1725//1880 1727//1880 1728//1880
f 1725//1881 1728//1881 1488//1881
f 1728//1882 1729//1882 1488//1882
f 1488//1883 1729//1883 1730//1883
f 1488//1884 1730//1884 1490//1884
f 1731//1885 1732//1885 1733//1885
f 1733//1886 1732//1886 1734//1886
f 1733//1887 1734//1887 1735//1887
f 1735//1888 1734//1888 1490//1888
f 1735//1889 1490//1889 1736//1889
f 1736//1890 1490//1890 1730//1890
f 1737//1891 1738//1891 1739//1891
f 1739//1892 1738//1892 1740//1892
f 1740//1893 1741//1893 1739//1893
f 1739//1894 1741//1894 1742//1894
f 1739//1895 1742//1895 1743//1895
f 1720//1896 1719//1896 1744//1896
f 1744//1897 1719//1897 1717//1897
f 1744//1898 1717//1898 1745//1898
f 1745//1899 1717//1899 1746//1899
f 1745//1900 1746//1900 1747//1900
f 1747//1901 1746//1901 1748//1901
f 1747//1902 1748//1902 1749//1902
f 1743//1903 1750//1903 1739//1903
f 1739//1904 1750//1904 1751//1904
f 1739//1905 1751//1905 1737//1905
f 1737//1906 1751//1906 1752//1906
f 1737//1907 1752//1907 1753//1907
f 1753//1908 1752//1908 1747//1908
f 1753//1909 1747//1909 1754//1909
f 1754//1910 1747//1910 1749//1910
f 1755//1911 1756//1911 1757//1911
f 1757//1912 1756//1912 1758//1912
f 1757//1913 1758//1913 1759//1913
f 1759//1914 1758//1914 1760//1914
f 1759//1915 1760//1915 1346//1915
f 1346//1916 1760//1916 1761//1916
f 1346//1917 1761//1917 1708//1917
f 1762//1918 1763//1918 1764//1918
f 1762//1919 1764//1919 1765//1919
f 1765//1920 1764//1920 1766//1920
f 1765//1921 1766//1921 1767//1921
f 1768//1922 1769//1922 1770//1922
f 1770//1923 1769//1923 1765//1923
f 1770//1924 1765//1924 1771//1924
f 1771//1925 1765//1925 1767//1925
f 1771//1926 1767//1926 1772//1926
f 1773//1927 1763//1927 1774//1927
f 1774//1928 1763//1928 1762//1928
f 1774//1929 1762//1929 1775//1929
f 1775//1930 1762//1930 1776//1930
f 1775//1931 1776//1931 1731//1931
f 1731//1932 1776//1932 1777//1932
f 1731//1933 1777//1933 1732//1933
f 1732//1934 1777//1934 1778//1934
f 1732//1935 1778//1935 1755//1935
f 1755//1936 1778//1936 1779//1936
f 1755//1937 1779//1937 1756//1937
f 1780//1938 1781//1938 1782//1938
f 1783//1939 1784//1939 1782//1939
f 1782//1940 1784//1940 1785//1940
f 1782//1941 1785//1941 1780//1941
f 1786//1942 1783//1942 1787//1942
f 1787//1943 1783//1943 1782//1943
f 1787//1944 1782//1944 1788//1944
f 1788//1945 1782//1945 1781//1945
f 1734//1946 1789//1946 1490//1946
f 1490//1947 1789//1947 1790//1947
f 1490//1948 1790//1948 1477//1948
f 1477//1949 1790//1949 1791//1949
f 1477//1950 1791//1950 1792//1950
f 1792//1951 1793//1951 1477//1951
f 1477//1952 1793//1952 1794//1952
f 1477//1953 1794//1953 1345//1953
f 1345//1954 1794//1954 1795//1954
f 1345//1955 1795//1955 1787//1955
f 1788//1956 1796//1956 1787//1956
f 1787//1957 1796//1957 1797//1957
f 1787//1958 1797//1958 1345//1958
f 1345//1959 1797//1959 1798//1959
f 1345//1960 1798//1960 1346//1960
f 1346//1961 1798//1961 1799//1961
f 1346//1962 1799//1962 1759//1962
f 1800//1963 1801//1963 1802//1963
f 1802//1963 1801//1963 1803//1963
f 1802//1964 1803//1964 1804//1964
f 1804//1964 1803//1964 1805//1964
f 1804//1965 1805//1965 1806//1965
f 1806//1965 1805//1965 1807//1965
f 1806//1966 1807//1966 1808//1966
f 1808//1966 1807//1966 1809//1966
f 1808//1967 1809//1967 1810//1967
f 1810//1967 1809//1967 1811//1967
f 1810//1968 1811//1968 1812//1968
f 1812//1968 1811//1968 1813//1968
f 1814//1969 1804//1969 1806//1969
f 1802//1970 1804//1970 1814//1970
f 1800//1971 1802//1971 1814//1971
f 1814//1972 1810//1972 1812//1972
f 1808//1973 1810//1973 1814//1973
f 1806//1974 1808//1974 1814//1974
f 1815//1963 1816//1963 1817//1963
f 1817//1963 1816//1963 1818//1963
f 1817//1964 1818//1964 1819//1964
f 1819//1964 1818//1964 1820//1964
f 1819//1965 1820//1965 1821//1965
f 1821//1965 1820//1965 1822//1965
f 1821//1966 1822//1966 1823//1966
f 1823//1966 1822//1966 1824//1966
f 1823//1967 1824//1967 1825//1967
f 1825//1967 1824//1967 1826//1967
f 1825//1968 1826//1968 1827//1968
f 1827//1968 1826//1968 1828//1968
f 1829//1969 1819//1969 1821//1969
f 1817//1975 1819//1975 1829//1975
f 1815//1971 1817//1971 1829//1971
f 1829//1972 1825//1972 1827//1972
f 1823//1973 1825//1973 1829//1973
f 1821//1974 1823//1974 1829//1974
f 1830//1976 1831//1976 1832//1976
f 1832//1976 1831//1976 1833//1976
f 1832//1977 1833//1977 1834//1977
f 1834//1977 1833//1977 1835//1977
f 1834//1978 1835//1978 1836//1978
f 1836//1978 1835//1978 1837//1978
f 1836//1966 1837//1966 1838//1966
f 1838//1966 1837//1966 1839//1966
f 1838//1979 1839//1979 1840//1979
f 1840//1979 1839//1979 1841//1979
f 1840//1980 1841//1980 1842//1980
f 1842//1980 1841//1980 1843//1980
f 1844//1969 1834//1969 1836//1969
f 1832//1975 1834//1975 1844//1975
f 1830//1971 1832//1971 1844//1971
f 1844//1972 1840//1972 1842//1972
f 1838//1981 1840//1981 1844//1981
f 1836//1974 1838//1974 1844//1974
f 1845//1 1846//1 1847//1
f 1847//1 1846//1 1848//1
f 1849//1 1847//1 1850//1
f 1850//1 1847//1 1848//1
f 1850//1 1848//1 1851//1
f 1851//1 1848//1 1852//1
f 1853//1 1854//1 1855//1
f 1855//1 1854//1 1845//1
f 1855//1 1845//1 1856//1
f 1856//1 1845//1 1847//1
f 1846//1963 1857//1963 1848//1963
f 1848//1963 1857//1963 1858//1963
f 1848//1964 1858//1964 1852//1964
f 1852//1964 1858//1964 1859//1964
f 1852//1978 1859//1978 1851//1978
f 1851//1978 1859//1978 1860//1978
f 1851//1966 1860//1966 1850//1966
f 1850//1966 1860//1966 1861//1966
f 1850//1967 1861//1967 1849//1967
f 1849//1967 1861//1967 1862//1967
f 1849//1968 1862//1968 1847//1968
f 1847//1968 1862//1968 1863//1968
f 1864//1 1865//1 1866//1
f 1867//1 1866//1 1868//1
f 1868//1 1866//1 1869//1
f 1868//1 1869//1 1870//1
f 1871//1 1864//1 1872//1
f 1872//1 1864//1 1866//1
f 1872//1 1866//1 1873//1
f 1873//1 1866//1 1867//1
f 1874//1 1868//1 1875//1
f 1875//1 1868//1 1870//1
f 1875//1 1870//1 1876//1
f 1876//1 1870//1 1877//1
f 1869//1982 1866//1982 1878//1982
f 1878//1982 1866//1982 1879//1982
f 1869//1963 1878//1963 1870//1963
f 1870//1963 1878//1963 1880//1963
f 1870//1964 1880//1964 1877//1964
f 1877//1964 1880//1964 1881//1964
f 1877//1978 1881//1978 1876//1978
f 1876//1978 1881//1978 1882//1978
f 1876//1966 1882//1966 1875//1966
f 1875//1966 1882//1966 1883//1966
f 1875//1967 1883//1967 1874//1967
f 1874//1967 1883//1967 1884//1967
f 1874//1968 1884//1968 1868//1968
f 1868//1968 1884//1968 1885//1968
f 1867//1983 1868//1983 1886//1983
f 1886//1983 1868//1983 1885//1983
f 1867//1984 1886//1984 1873//1984
f 1873//1984 1886//1984 1887//1984
f 1873//1985 1887//1985 1872//1985
f 1872//1985 1887//1985 1888//1985
f 1872//1986 1888//1986 1871//1986
f 1871//1986 1888//1986 1889//1986
f 1871//1987 1889//1987 1864//1987
f 1864//1987 1889//1987 1890//1987
f 1864//1988 1890//1988 1865//1988
f 1865//1988 1890//1988 1891//1988
f 1865//1989 1891//1989 1866//1989
f 1866//1989 1891//1989 1879//1989
f 1430//1 1892//1 1427//1
f 1448//1 1893//1 1445//1
f 1894//1 1398//1 1401//1
f 1895//1 1164//1 1162//1
f 1896//1 1209//1 1210//1
f 1897//1 1168//1 1415//1
f 1898//1 1207//1 1896//1
f 1896//1 1207//1 1208//1
f 1896//1 1208//1 1209//1
f 1415//1 1168//1 1413//1
f 1413//1 1168//1 1166//1
f 1413//1 1166//1 1164//1
f 1206//1 1408//1 1205//1
f 1205//1 1408//1 1411//1
f 1205//1 1411//1 1899//1
f 1899//1 1411//1 1413//1
f 1899//1 1413//1 1900//1
f 1900//1 1413//1 1164//1
f 1900//1 1164//1 1901//1
f 1901//1 1164//1 1895//1
f 1415//1 1418//1 1897//1
f 1897//1 1418//1 1421//1
f 1897//1 1421//1 1902//1
f 1902//1 1421//1 1903//1
f 1904//1 1905//1 1906//1
f 1906//1 1905//1 1907//1
f 1906//1 1907//1 1908//1
f 1908//1 1907//1 1903//1
f 1424//1 1427//1 1805//1
f 1805//1 1803//1 1424//1
f 1424//1 1803//1 1801//1
f 1424//1 1801//1 1421//1
f 1421//1 1801//1 1909//1
f 1421//1 1909//1 1903//1
f 1903//1 1909//1 1910//1
f 1903//1 1910//1 1908//1
f 1904//1 1813//1 1905//1
f 1905//1 1813//1 1811//1
f 1905//1 1811//1 1892//1
f 1892//1 1811//1 1809//1
f 1892//1 1809//1 1427//1
f 1427//1 1809//1 1807//1
f 1427//1 1807//1 1805//1
f 1911//1 1912//1 1893//1
f 1893//1 1912//1 1913//1
f 1893//1 1913//1 1892//1
f 1892//1 1913//1 1914//1
f 1892//1 1914//1 1905//1
f 1361//1 1915//1 1916//1
f 1911//1 1893//1 1917//1
f 1917//1 1893//1 1448//1
f 1917//1 1448//1 1916//1
f 1916//1 1448//1 1451//1
f 1916//1 1451//1 1361//1
f 1918//1 1919//1 1920//1
f 1921//1 1922//1 1923//1
f 1923//1 1922//1 1924//1
f 1923//1 1924//1 1915//1
f 1925//1 1370//1 1373//1
f 1925//1 1373//1 1926//1
f 1370//1 1925//1 1368//1
f 1368//1 1925//1 1927//1
f 1368//1 1927//1 1365//1
f 1926//1 1928//1 1929//1
f 1929//1 1928//1 1930//1
f 1389//1 1392//1 1931//1
f 1931//1 1392//1 1932//1
f 1933//1 1934//1 1931//1
f 1935//1 1820//1 1818//1
f 1395//1 1936//1 1392//1
f 1392//1 1936//1 1937//1
f 1392//1 1937//1 1932//1
f 1932//1 1938//1 1931//1
f 1931//1 1938//1 1939//1
f 1931//1 1939//1 1933//1
f 1939//1 1828//1 1933//1
f 1933//1 1828//1 1826//1
f 1933//1 1826//1 1940//1
f 1940//1 1826//1 1824//1
f 1940//1 1824//1 1935//1
f 1935//1 1824//1 1822//1
f 1935//1 1822//1 1820//1
f 1894//1 1935//1 1398//1
f 1398//1 1935//1 1818//1
f 1398//1 1818//1 1395//1
f 1395//1 1818//1 1816//1
f 1395//1 1816//1 1936//1
f 1206//1 1207//1 1408//1
f 1408//1 1207//1 1898//1
f 1408//1 1898//1 1404//1
f 1404//1 1898//1 1172//1
f 1404//1 1172//1 1401//1
f 1401//1 1172//1 1170//1
f 1401//1 1170//1 1894//1
f 1915//1 1361//1 1923//1
f 1923//1 1361//1 1362//1
f 1923//1 1362//1 1941//1
f 1942//1 1943//1 1893//1
f 1893//1 1943//1 1863//1
f 1942//1 1893//1 1944//1
f 1944//1 1893//1 1892//1
f 1944//1 1892//1 1945//1
f 1433//1 1436//1 1860//1
f 1445//1 1893//1 1442//1
f 1442//1 1893//1 1863//1
f 1442//1 1863//1 1439//1
f 1439//1 1863//1 1862//1
f 1439//1 1862//1 1436//1
f 1436//1 1862//1 1861//1
f 1436//1 1861//1 1860//1
f 1860//1 1859//1 1433//1
f 1433//1 1859//1 1858//1
f 1433//1 1858//1 1430//1
f 1430//1 1858//1 1857//1
f 1430//1 1857//1 1892//1
f 1892//1 1857//1 1946//1
f 1892//1 1946//1 1945//1
f 1931//1 1882//1 1881//1
f 1890//1 1889//1 1386//1
f 1386//1 1889//1 1382//1
f 1386//1 1382//1 1383//1
f 1934//1 1930//1 1931//1
f 1931//1 1930//1 1928//1
f 1931//1 1928//1 1882//1
f 1882//1 1928//1 1883//1
f 1881//1 1880//1 1931//1
f 1931//1 1880//1 1878//1
f 1931//1 1878//1 1389//1
f 1389//1 1878//1 1879//1
f 1389//1 1879//1 1386//1
f 1386//1 1879//1 1891//1
f 1386//1 1891//1 1890//1
f 1926//1 1373//1 1928//1
f 1928//1 1373//1 1375//1
f 1928//1 1375//1 1377//1
f 1889//1 1888//1 1382//1
f 1382//1 1888//1 1887//1
f 1382//1 1887//1 1379//1
f 1379//1 1887//1 1886//1
f 1379//1 1886//1 1377//1
f 1377//1 1886//1 1885//1
f 1377//1 1885//1 1928//1
f 1928//1 1885//1 1884//1
f 1928//1 1884//1 1883//1
f 1947//1 1358//1 1918//1
f 1918//1 1358//1 1356//1
f 1927//1 1919//1 1365//1
f 1365//1 1919//1 1918//1
f 1365//1 1918//1 1364//1
f 1364//1 1918//1 1356//1
f 1837//1 1835//1 1923//1
f 1923//1 1835//1 1833//1
f 1833//1 1831//1 1923//1
f 1923//1 1831//1 1918//1
f 1923//1 1918//1 1921//1
f 1921//1 1918//1 1920//1
f 1948//1 1949//1 1950//1
f 1950//1 1949//1 1951//1
f 1950//1 1951//1 1352//1
f 1352//1 1951//1 1843//1
f 1352//1 1843//1 1348//1
f 1831//1 1952//1 1918//1
f 1918//1 1952//1 1953//1
f 1918//1 1953//1 1947//1
f 1947//1 1953//1 1948//1
f 1947//1 1948//1 1954//1
f 1954//1 1948//1 1950//1
f 1843//1 1841//1 1348//1
f 1348//1 1841//1 1839//1
f 1348//1 1839//1 1343//1
f 1343//1 1839//1 1837//1
f 1343//1 1837//1 1344//1
f 1344//1 1837//1 1923//1
f 1344//1 1923//1 1354//1
f 1354//1 1923//1 1941//1
f 1955//1990 1583//1990 1582//1990
f 1587//1991 1585//1991 1955//1991
f 1955//1992 1585//1992 1584//1992
f 1955//1993 1584//1993 1583//1993
f 1956//1994 1668//1994 1665//1994
f 1640//1995 1670//1995 1956//1995
f 1956//1996 1670//1996 1669//1996
f 1956//1997 1669//1997 1668//1997
f 1582//1998 1643//1998 1955//1998
f 1955//1999 1643//1999 1642//1999
f 1955//2000 1642//2000 1587//2000
f 1587//1780 1642//1780 1641//1780
f 1587//1805 1641//1805 1662//1805
f 1662//1779 1641//1779 1640//1779
f 1662//2001 1640//2001 1660//2001
f 1660//2002 1640//2002 1956//2002
f 1660//2003 1956//2003 1657//2003
f 1657//2004 1956//2004 1665//2004
f 1788//2005 1781//2005 1796//2005
f 1796//2006 1781//2006 1797//2006
f 1784//2007 1757//2007 1785//2007
f 1785//2008 1757//2008 1759//2008
f 1785//2009 1759//2009 1780//2009
f 1780//2010 1759//2010 1799//2010
f 1780//2011 1799//2011 1781//2011
f 1781//2012 1799//2012 1798//2012
f 1781//2013 1798//2013 1797//2013
f 1784//2014 1783//2014 1757//2014
f 1757//2015 1783//2015 1786//2015
f 1757//2016 1786//2016 1755//2016
f 1787//2017 1957//2017 1786//2017
f 1786//2018 1957//2018 1958//2018
f 1755//2019 1786//2019 1732//2019
f 1732//2020 1786//2020 1958//2020
f 1732//2021 1958//2021 1734//2021
f 1734//2022 1958//2022 1959//2022
f 1734//2023 1959//2023 1789//2023
f 1789//2024 1959//2024 1790//2024
f 1790//2025 1959//2025 1960//2025
f 1790//2026 1960//2026 1791//2026
f 1791//2027 1960//2027 1961//2027
f 1791//2028 1961//2028 1792//2028
f 1961//2029 1962//2029 1792//2029
f 1792//2030 1962//2030 1963//2030
f 1792//2031 1963//2031 1793//2031
f 1963//2032 1964//2032 1793//2032
f 1793//2033 1964//2033 1965//2033
f 1793//2034 1965//2034 1794//2034
f 1794//2035 1965//2035 1957//2035
f 1794//2036 1957//2036 1795//2036
f 1795//2037 1957//2037 1787//2037
f 1957//2038 1965//2038 1966//2038
f 1966//2039 1965//2039 1964//2039
f 1957//2040 1966//2040 1958//2040
f 1958//2041 1966//2041 1960//2041
f 1958//2042 1960//2042 1959//2042
f 1961//2043 1960//2043 1962//2043
f 1962//2044 1960//2044 1966//2044
f 1962//2045 1966//2045 1963//2045
f 1963//2046 1966//2046 1964//2046
f 1967//2047 1968//2047 1969//2047
f 1969//2048 1968//2048 1970//2048
f 1967//2049 1969//2049 1971//2049
f 1971//2050 1969//2050 1972//2050
f 1971//2051 1972//2051 1973//2051
f 1974//2052 1972//2052 1975//2052
f 1975//2053 1972//2053 1969//2053
f 1975//2054 1969//2054 1976//2054
f 1976//2055 1969//2055 1970//2055
f 1977//2056 1978//2056 1979//2056
f 1977//2057 1980//2057 1981//2057
f 1981//2058 1982//2058 1977//2058
f 1977//2059 1982//2059 1983//2059
f 1977//2060 1983//2060 1978//2060
f 1984//2061 1985//2061 1977//2061
f 1977//2062 1985//2062 1986//2062
f 1977//2063 1986//2063 1980//2063
f 1979//2064 1987//2064 1977//2064
f 1977//2065 1987//2065 1988//2065
f 1977//2066 1988//2066 1989//2066
f 1989//2067 1990//2067 1977//2067
f 1977//2068 1990//2068 1991//2068
f 1977//2069 1991//2069 1984//2069
f 1760//2070 1758//2070 1741//2070
f 1741//2071 1758//2071 1742//2071
f 1758//2072 1756//2072 1742//2072
f 1742//2073 1756//2073 1779//2073
f 1742//2074 1779//2074 1743//2074
f 1743//2075 1779//2075 1778//2075
f 1743//2076 1778//2076 1750//2076
f 1750//2077 1778//2077 1777//2077
f 1750//2078 1777//2078 1751//2078
f 1751//2079 1777//2079 1752//2079
f 1752//2080 1777//2080 1776//2080
f 1752//2081 1776//2081 1747//2081
f 1747//2082 1776//2082 1762//2082
f 1747//2083 1762//2083 1745//2083
f 1745//2084 1762//2084 1765//2084
f 1745//2085 1765//2085 1744//2085
f 1744//2086 1765//2086 1769//2086
f 1744//2087 1769//2087 1720//2087
f 1720//2088 1769//2088 1768//2088
f 1720//2089 1768//2089 1721//2089
f 1721//2090 1768//2090 1770//2090
f 1721//2091 1770//2091 1726//2091
f 1726//2092 1770//2092 1771//2092
f 1726//2093 1771//2093 1727//2093
f 1727//2094 1771//2094 1728//2094
f 1728//2095 1771//2095 1772//2095
f 1728//2096 1772//2096 1729//2096
f 1729//2097 1772//2097 1767//2097
f 1729//2098 1767//2098 1730//2098
f 1767//2099 1766//2099 1730//2099
f 1730//2100 1766//2100 1764//2100
f 1730//2101 1764//2101 1736//2101
f 1764//2102 1763//2102 1736//2102
f 1736//2103 1763//2103 1773//2103
f 1736//2104 1773//2104 1735//2104
f 1735//2105 1773//2105 1774//2105
f 1735//2106 1774//2106 1733//2106
f 1733//2107 1774//2107 1775//2107
f 1733//2108 1775//2108 1731//2108
f 1760//2109 1741//2109 1761//2109
f 1761//2110 1741//2110 1740//2110
f 1761//2111 1740//2111 1708//2111
f 1708//2112 1740//2112 1738//2112
f 1708//2113 1738//2113 1709//2113
f 1709//2114 1738//2114 1737//2114
f 1709//2115 1737//2115 1705//2115
f 1737//2116 1753//2116 1705//2116
f 1705//2117 1753//2117 1754//2117
f 1705//2118 1754//2118 1706//2118
f 1754//2119 1749//2119 1706//2119
f 1706//2120 1749//2120 1748//2120
f 1706//2121 1748//2121 1716//2121
f 1716//2122 1748//2122 1746//2122
f 1716//2123 1746//2123 1717//2123
f 1711//2124 1710//2124 1707//2124
f 1635//2125 1639//2125 1625//2125
f 1625//2125 1639//2125 1638//2125
f 1625//2126 1638//2126 1723//2126
f 1723//1778 1638//1778 1637//1778
f 1723//1854 1637//1854 1724//1854
f 1637//1854 1704//1854 1724//1854
f 1724//2127 1704//2127 1713//2127
f 1724//2128 1713//2128 1725//2128
f 1725//2129 1713//2129 1715//2129
f 1725//2130 1715//2130 1722//2130
f 1722//2131 1715//2131 1714//2131
f 1722//2132 1714//2132 1719//2132
f 1719//2133 1714//2133 1711//2133
f 1719//2134 1711//2134 1718//2134
f 1718//2124 1711//2124 1707//2124
f 1667//2135 1626//2135 1629//2135
f 1666//2136 1667//2136 1658//2136
f 1658//2137 1667//2137 1629//2137
f 1658//2138 1629//2138 1659//2138
f 1659//2139 1629//2139 1630//2139
f 1659//2140 1630//2140 1655//2140
f 1655//2141 1630//2141 1631//2141
f 1655//2142 1631//2142 1653//2142
f 1631//2143 1632//2143 1653//2143
f 1653//2144 1632//2144 1628//2144
f 1653//2145 1628//2145 1645//2145
f 1627//2146 1967//2146 1628//2146
f 1628//2147 1967//2147 1971//2147
f 1645//2148 1628//2148 1647//2148
f 1647//2149 1628//2149 1971//2149
f 1647//2150 1971//2150 1649//2150
f 1649//2151 1971//2151 1650//2151
f 1650//2152 1971//2152 1973//2152
f 1650//2153 1973//2153 1620//2153
f 1620//2154 1973//2154 1972//2154
f 1620//2155 1972//2155 1623//2155
f 1623//2156 1972//2156 1974//2156
f 1623//2157 1974//2157 1624//2157
f 1974//2158 1975//2158 1624//2158
f 1624//2159 1975//2159 1976//2159
f 1624//2160 1976//2160 1633//2160
f 1976//2161 1970//2161 1633//2161
f 1633//2162 1970//2162 1968//2162
f 1633//2163 1968//2163 1634//2163
f 1634//2164 1968//2164 1967//2164
f 1634//2165 1967//2165 1636//2165
f 1636//2166 1967//2166 1627//2166
f 1678//2167 1618//2167 1693//2167
f 1678//2168 1693//2168 1672//2168
f 1693//2169 1695//2169 1672//2169
f 1672//2170 1695//2170 1697//2170
f 1672//2171 1697//2171 1674//2171
f 1674//2172 1697//2172 1690//2172
f 1674//2173 1690//2173 1675//2173
f 1675//2174 1690//2174 1701//2174
f 1675//2175 1701//2175 1644//2175
f 1644//2176 1701//2176 1700//2176
f 1644//2177 1700//2177 1651//2177
f 1651//2178 1700//2178 1702//2178
f 1651//2179 1702//2179 1652//2179
f 1652//2180 1702//2180 1654//2180
f 1702//2181 1703//2181 1654//2181
f 1654//2182 1703//2182 1689//2182
f 1654//2183 1689//2183 1656//2183
f 1656//2184 1689//2184 1688//2184
f 1656//2185 1688//2185 1661//2185
f 1618//2186 1678//2186 1580//2186
f 1580//2187 1678//2187 1680//2187
f 1580//2188 1680//2188 1578//2188
f 1578//2189 1680//2189 1684//2189
f 1578//2190 1684//2190 1575//2190
f 1575//2191 1684//2191 1683//2191
f 1575//2192 1683//2192 1598//2192
f 1683//2193 1685//2193 1598//2193
f 1598//2194 1685//2194 1686//2194
f 1598//2195 1686//2195 1597//2195
f 1597//2196 1686//2196 1687//2196
f 1597//2197 1687//2197 1596//2197
f 1596//2198 1687//2198 1595//2198
f 1595//2199 1687//2199 1682//2199
f 1595//2200 1682//2200 1594//2200
f 1594//2201 1682//2201 1681//2201
f 1594//2202 1681//2202 1622//2202
f 1622//2203 1681//2203 1679//2203
f 1622//2204 1679//2204 1621//2204
f 1621//2205 1679//2205 1677//2205
f 1621//2206 1677//2206 1619//2206
f 1677//2207 1676//2207 1619//2207
f 1619//2208 1676//2208 1671//2208
f 1619//2209 1671//2209 1648//2209
f 1648//2210 1671//2210 1673//2210
f 1648//2211 1673//2211 1646//2211
f 1688//2212 1699//2212 1661//2212
f 1661//2213 1699//2213 1698//2213
f 1661//2214 1698//2214 1663//2214
f 1663//2215 1698//2215 1696//2215
f 1663//2216 1696//2216 1664//2216
f 1664//2217 1696//2217 1694//2217
f 1664//2218 1694//2218 1586//2218
f 1586//2219 1694//2219 1692//2219
f 1586//2220 1692//2220 1588//2220
f 1588//2221 1692//2221 1691//2221
f 1588//2222 1691//2222 1615//2222
f 1615//2223 1691//2223 1617//2223
f 1615//2224 1617//2224 1616//2224
f 1979//2225 1978//2225 1590//2225
f 1590//2226 1589//2226 1979//2226
f 1979//2227 1589//2227 1602//2227
f 1979//2228 1602//2228 1987//2228
f 1987//2229 1602//2229 1604//2229
f 1987//2230 1604//2230 1988//2230
f 1988//2231 1604//2231 1605//2231
f 1988//2232 1605//2232 1989//2232
f 1989//2233 1605//2233 1607//2233
f 1989//2234 1607//2234 1990//2234
f 1990//2235 1607//2235 1609//2235
f 1990//2236 1609//2236 1991//2236
f 1991//2237 1609//2237 1610//2237
f 1991//2238 1610//2238 1984//2238
f 1984//2239 1610//2239 1611//2239
f 1984//2240 1611//2240 1985//2240
f 1983//2241 1592//2241 1978//2241
f 1978//2242 1592//2242 1591//2242
f 1978//2243 1591//2243 1590//2243
f 1611//2244 1612//2244 1985//2244
f 1985//2245 1612//2245 1613//2245
f 1985//2246 1613//2246 1986//2246
f 1986//2247 1613//2247 1614//2247
f 1986//2248 1614//2248 1980//2248
f 1980//2249 1614//2249 1579//2249
f 1980//2250 1579//2250 1981//2250
f 1981//2251 1579//2251 1577//2251
f 1981//2252 1577//2252 1982//2252
f 1982//2253 1577//2253 1576//2253
f 1982//2254 1576//2254 1983//2254
f 1983//2255 1576//2255 1593//2255
f 1983//2256 1593//2256 1592//2256
f 1542//2257 1530//2257 1543//2257
f 1543//2258 1530//2258 1544//2258
f 1544//2259 1530//2259 1550//2259
f 1550//2260 1530//2260 1528//2260
f 1550//2261 1528//2261 1599//2261
f 1599//2262 1528//2262 1527//2262
f 1599//2263 1527//2263 1600//2263
f 1600//2264 1527//2264 1601//2264
f 1601//2265 1527//2265 1529//2265
f 1601//2266 1529//2266 1603//2266
f 1603//2267 1529//2267 1531//2267
f 1603//2268 1531//2268 1606//2268
f 1606//2269 1531//2269 1541//2269
f 1606//2270 1541//2270 1608//2270
f 1608//2271 1541//2271 1534//2271
f 1608//2272 1534//2272 1572//2272
f 1572//2273 1534//2273 1536//2273
f 1572//2274 1536//2274 1573//2274
f 1573//2275 1536//2275 1535//2275
f 1573//2276 1535//2276 1574//2276
f 1574//2277 1535//2277 1519//2277
f 1519//2278 1535//2278 1540//2278
f 1519//2279 1540//2279 1518//2279
f 1518//2280 1540//2280 1539//2280
f 1518//2281 1539//2281 1513//2281
f 1513//2282 1539//2282 1538//2282
f 1513//2283 1538//2283 1514//2283
f 1514//2284 1538//2284 1537//2284
f 1514//2285 1537//2285 1547//2285
f 1547//2286 1537//2286 1549//2286
f 1547//2286 1549//2286 1546//2286
f 1515//2287 1512//2287 1505//2287
f 1505//2288 1512//2288 1548//2288
f 1505//2289 1548//2289 1506//2289
f 1506//2290 1548//2290 1545//2290
f 1506//2291 1545//2291 1507//2291
f 1507//2292 1545//2292 1508//2292
f 1516//2293 1501//2293 1495//2293
f 1516//2294 1495//2294 1517//2294
f 1517//2295 1495//2295 1494//2295
f 1517//2296 1494//2296 1520//2296
f 1520//2297 1494//2297 1493//2297
f 1520//2298 1493//2298 1523//2298
f 1523//2299 1493//2299 1496//2299
f 1523//2300 1496//2300 1525//2300
f 1525//2301 1496//2301 1497//2301
f 1525//2302 1497//2302 1526//2302
f 1526//2303 1497//2303 1499//2303
f 1526//2304 1499//2304 1555//2304
f 1555//2305 1499//2305 1504//2305
f 1555//2306 1504//2306 1553//2306
f 1553//2307 1504//2307 1551//2307
f 1551//2308 1504//2308 1503//2308
f 1551//2309 1503//2309 1570//2309
f 1570//2310 1503//2310 1502//2310
f 1570//2311 1502//2311 1571//2311
f 1571//2312 1502//2312 1491//2312
f 1491//2313 1502//2313 1511//2313
f 1491//2314 1511//2314 1492//2314
f 1492//2315 1511//2315 1510//2315
f 1492//2316 1510//2316 1509//2316
f 1556//2317 1554//2317 1552//2317
f 1567//2318 1565//2318 1559//2318
f 1559//2319 1565//2319 1564//2319
f 1559//2320 1564//2320 1560//2320
f 1560//2321 1564//2321 1566//2321
f 1569//2322 1563//2322 1568//2322
f 1568//2323 1563//2323 1562//2323
f 1568//2324 1562//2324 1566//2324
f 1566//2325 1562//2325 1561//2325
f 1566//2326 1561//2326 1560//2326
f 1558//2317 1557//2317 1559//2317
f 1559//2317 1557//2317 1556//2317
f 1559//2327 1556//2327 1567//2327
f 1567//2328 1556//2328 1552//2328
f 1234//1 1310//1 1231//1
f 1231//1 1310//1 1992//1
f 1993//1 1456//1 1454//1
f 1454//1 1994//1 1993//1
f 1993//1 1994//1 1995//1
f 1993//1 1995//1 1996//1
f 1996//1 1995//1 1997//1
f 1996//1 1997//1 1998//1
f 1998//1 1997//1 1999//1
f 1998//1 1999//1 2000//1
f 2000//1 1999//1 2001//1
f 2000//1 2001//1 2002//1
f 2002//1 2001//1 2003//1
f 2002//1 2003//1 2004//1
f 2004//1 2003//1 2005//1
f 2004//1 2005//1 2006//1
f 2006//1 2005//1 2007//1
f 2006//1 2007//1 2008//1
f 2008//1 2007//1 2009//1
f 2008//1 2009//1 2010//1
f 2010//1 2009//1 2011//1
f 2010//1 2011//1 2012//1
f 2012//1 2011//1 2013//1
f 2012//1 2013//1 2014//1
f 2014//1 2013//1 2015//1
f 2014//1 2015//1 2016//1
f 2016//1 2015//1 2017//1
f 2016//1 2017//1 2018//1
f 2018//1 2017//1 2019//1
f 2018//1 2019//1 2020//1
f 2020//1 2019//1 2021//1
f 2020//1 2021//1 1992//1
f 1992//1 2021//1 1232//1
f 1992//1 1232//1 1231//1
f 1470//1 2022//1 2023//1
f 1311//1 1229//1 2024//1
f 2024//1 1229//1 1228//1
f 1228//1 1235//1 2024//1
f 2024//1 1235//1 2025//1
f 2024//1 2025//1 2026//1
f 2026//1 2025//1 2027//1
f 2026//1 2027//1 2028//1
f 2028//1 2027//1 2029//1
f 2028//1 2029//1 2030//1
f 2030//1 2029//1 2031//1
f 2030//1 2031//1 2032//1
f 2032//1 2031//1 2033//1
f 2032//1 2033//1 2034//1
f 2034//1 2033//1 2035//1
f 2034//1 2035//1 2036//1
f 2036//1 2035//1 2037//1
f 2036//1 2037//1 2038//1
f 2038//1 2037//1 2039//1
f 2038//1 2039//1 2040//1
f 2040//1 2039//1 2041//1
f 2040//1 2041//1 2042//1
f 2042//1 2041//1 2043//1
f 2042//1 2043//1 2044//1
f 2044//1 2043//1 2045//1
f 2044//1 2045//1 2046//1
f 2046//1 2045//1 2047//1
f 2046//1 2047//1 2048//1
f 2048//1 2047//1 2049//1
f 2048//1 2049//1 2050//1
f 2050//1 2049//1 2051//1
f 2050//1 2051//1 2023//1
f 2023//1 2051//1 1469//1
f 2023//1 1469//1 1470//1
f 1311//2329 2024//2329 1312//2329
f 1312//2330 2024//2330 1313//2330
f 2052//2331 1302//2331 2024//2331
f 2024//2332 1302//2332 1314//2332
f 2024//2333 1314//2333 1313//2333
f 2024//2334 2026//2334 2052//2334
f 2052//2335 2026//2335 2028//2335
f 2052//2335 2028//2335 2053//2335
f 2053//2336 2028//2336 2030//2336
f 2053//2336 2030//2336 2054//2336
f 2054//2337 2030//2337 2032//2337
f 2054//2337 2032//2337 2055//2337
f 2055//2338 2032//2338 2034//2338
f 2055//2338 2034//2338 2056//2338
f 2056//2339 2034//2339 2036//2339
f 2056//2339 2036//2339 2057//2339
f 2057//2340 2036//2340 2038//2340
f 2057//2340 2038//2340 2058//2340
f 2058//2341 2038//2341 2040//2341
f 2058//2341 2040//2341 2059//2341
f 2059//2342 2040//2342 2042//2342
f 2059//2342 2042//2342 2060//2342
f 2060//2343 2042//2343 2044//2343
f 2060//2343 2044//2343 2061//2343
f 2061//2344 2044//2344 2046//2344
f 2061//2344 2046//2344 2062//2344
f 2062//2345 2046//2345 2048//2345
f 2062//2345 2048//2345 2063//2345
f 2063//2346 2048//2346 2050//2346
f 2063//2346 2050//2346 2064//2346
f 2064//2347 2050//2347 2023//2347
f 2064//2347 2023//2347 2065//2347
f 2065//2348 2023//2348 2022//2348
f 2065//2348 2022//2348 2066//2348
f 1457//2349 1456//2349 1993//2349
f 2020//2350 1992//2350 1307//2350
f 1310//2351 1309//2351 1992//2351
f 1992//2352 1309//2352 1308//2352
f 1992//2353 1308//2353 1307//2353
f 1457//2349 1993//2349 2067//2349
f 2067//2354 1993//2354 1996//2354
f 2067//2354 1996//2354 2068//2354
f 2068//2355 1996//2355 1998//2355
f 2068//2355 1998//2355 2069//2355
f 2069//2356 1998//2356 2000//2356
f 2069//2356 2000//2356 2070//2356
f 2070//2357 2000//2357 2002//2357
f 2070//2357 2002//2357 2071//2357
f 2071//2358 2002//2358 2004//2358
f 2071//2358 2004//2358 2072//2358
f 2072//2359 2004//2359 2006//2359
f 2072//2359 2006//2359 2073//2359
f 2073//2360 2006//2360 2008//2360
f 2073//2360 2008//2360 2074//2360
f 2074//2361 2008//2361 2010//2361
f 2074//2361 2010//2361 2075//2361
f 2075//2362 2010//2362 2012//2362
f 2075//2362 2012//2362 2076//2362
f 2076//2363 2012//2363 2014//2363
f 2076//2363 2014//2363 2077//2363
f 2077//2364 2014//2364 2016//2364
f 2077//2364 2016//2364 2078//2364
f 2078//2365 2016//2365 2018//2365
f 2078//2365 2018//2365 2079//2365
f 2079//2366 2018//2366 2020//2366
f 2079//2366 2020//2366 2080//2366
f 2080//2367 2020//2367 1307//2367
f 2080//2368 1307//2368 1306//2368
f 1244//2369 1302//2369 1245//2369
f 1245//250 1302//250 2052//250
f 2065//250 2066//250 2081//250
f 1247//2370 1245//2370 2082//2370
f 2082//250 1245//250 2052//250
f 2082//250 2052//250 2083//250
f 2083//250 2052//250 2053//250
f 2083//250 2053//250 2084//250
f 2084//250 2053//250 2054//250
f 2084//250 2054//250 2085//250
f 2085//250 2054//250 2055//250
f 2085//250 2055//250 2086//250
f 2086//250 2055//250 2056//250
f 2081//250 2087//250 2065//250
f 2065//250 2087//250 2088//250
f 2065//250 2088//250 2064//250
f 2064//250 2088//250 2089//250
f 2064//250 2089//250 2063//250
f 2063//250 2089//250 2090//250
f 2063//250 2090//250 2062//250
f 2062//250 2090//250 2091//250
f 2062//250 2091//250 2061//250
f 2061//250 2091//250 2092//250
f 2061//250 2092//250 2060//250
f 2060//250 2092//250 2093//250
f 2060//250 2093//250 2059//250
f 2059//250 2093//250 2094//250
f 2059//250 2094//250 2058//250
f 2058//250 2094//250 2095//250
f 2058//250 2095//250 2057//250
f 2057//250 2095//250 2096//250
f 2057//250 2096//250 2056//250
f 2056//250 2096//250 2097//250
f 2056//250 2097//250 2086//250
f 1458//250 1457//250 2067//250
f 1267//250 1266//250 1306//250
f 1306//250 1266//250 2098//250
f 1306//250 2098//250 2080//250
f 2080//250 2098//250 2099//250
f 2080//250 2099//250 2079//250
f 2079//250 2099//250 2100//250
f 2079//250 2100//250 2078//250
f 2078//250 2100//250 2101//250
f 2078//250 2101//250 2077//250
f 2077//250 2101//250 2102//250
f 2077//250 2102//250 2076//250
f 2076//250 2102//250 2103//250
f 2076//250 2103//250 2075//250
f 2075//250 2103//250 2104//250
f 2075//250 2104//250 2074//250
f 2074//250 2104//250 2105//250
f 2074//250 2105//250 2073//250
f 2073//250 2105//250 2106//250
f 2073//250 2106//250 2072//250
f 2072//250 2106//250 2107//250
f 2072//250 2107//250 2071//250
f 2071//250 2107//250 2108//250
f 2071//250 2108//250 2070//250
f 2070//250 2108//250 2109//250
f 2070//250 2109//250 2069//250
f 2069//250 2109//250 2110//250
f 2069//250 2110//250 2068//250
f 2110//250 2111//250 2068//250
f 2068//250 2111//250 2112//250
f 2068//250 2112//250 2067//250
f 2067//250 2112//250 2113//250
f 2067//250 2113//250 1458//250
f 1290//250 2114//250 1281//250
f 1281//250 2114//250 2115//250
f 2116//250 2117//250 2118//250
f 2118//250 2119//250 2116//250
f 2116//250 2119//250 2120//250
f 2116//250 2120//250 2121//250
f 2121//250 2120//250 2122//250
f 2121//250 2122//250 2123//250
f 2123//250 2122//250 2124//250
f 2123//250 2124//250 2125//250
f 2125//250 2124//250 2126//250
f 2125//250 2126//250 2127//250
f 2127//250 2126//250 2128//250
f 2127//250 2128//250 2129//250
f 2129//250 2128//250 2130//250
f 2129//250 2130//250 2131//250
f 2131//250 2130//250 2132//250
f 2131//250 2132//250 2133//250
f 2133//250 2132//250 2134//250
f 2133//250 2134//250 2135//250
f 2135//250 2134//250 2136//250
f 2135//250 2136//250 2137//250
f 2137//250 2136//250 2138//250
f 2137//250 2138//250 2139//250
f 2139//250 2138//250 2140//250
f 2139//250 2140//250 2141//250
f 2141//250 2140//250 2142//250
f 2141//250 2142//250 2143//250
f 2143//250 2142//250 2144//250
f 2143//250 2144//250 2145//250
f 2145//250 2144//250 2146//250
f 2145//250 2146//250 2115//250
f 2115//250 2146//250 1282//250
f 2115//250 1282//250 1281//250
f 1285//250 1286//250 2147//250
f 1462//250 1463//250 2148//250
f 2149//250 2150//250 1284//250
f 1284//250 1285//250 2149//250
f 2149//250 1285//250 2147//250
f 2149//250 2147//250 2151//250
f 2151//250 2147//250 2152//250
f 2151//250 2152//250 2153//250
f 2153//250 2152//250 2154//250
f 2153//250 2154//250 2155//250
f 2155//250 2154//250 2156//250
f 2155//250 2156//250 2157//250
f 2157//250 2156//250 2158//250
f 2157//250 2158//250 2159//250
f 2159//250 2158//250 2160//250
f 2159//250 2160//250 2161//250
f 2161//250 2160//250 2162//250
f 2161//250 2162//250 2163//250
f 2163//250 2162//250 2164//250
f 2163//250 2164//250 2165//250
f 2165//250 2164//250 2166//250
f 2165//250 2166//250 2167//250
f 2167//250 2166//250 2168//250
f 2167//250 2168//250 2169//250
f 2169//250 2168//250 2170//250
f 2169//250 2170//250 2171//250
f 2171//250 2170//250 2172//250
f 2171//250 2172//250 2173//250
f 2173//250 2172//250 2174//250
f 2173//250 2174//250 2175//250
f 2175//250 2174//250 2176//250
f 2175//250 2176//250 2148//250
f 2148//250 2176//250 2177//250
f 2148//250 2177//250 1462//250
f 2178//2371 2179//2371 2180//2371
f 2178//2372 2115//2372 2181//2372
f 2181//2373 2115//2373 2114//2373
f 2178//2374 2180//2374 2115//2374
f 2115//2375 2180//2375 2182//2375
f 2115//2375 2182//2375 2145//2375
f 2145//2376 2182//2376 2183//2376
f 2145//2376 2183//2376 2143//2376
f 2143//2377 2183//2377 2184//2377
f 2143//2377 2184//2377 2141//2377
f 2141//2378 2184//2378 2185//2378
f 2141//2378 2185//2378 2139//2378
f 2139//2379 2185//2379 2186//2379
f 2139//2379 2186//2379 2137//2379
f 2137//2380 2186//2380 2187//2380
f 2137//2380 2187//2380 2135//2380
f 2135//2381 2187//2381 2188//2381
f 2135//2381 2188//2381 2133//2381
f 2133//2382 2188//2382 2189//2382
f 2133//2382 2189//2382 2131//2382
f 2131//2383 2189//2383 2190//2383
f 2131//2383 2190//2383 2129//2383
f 2129//2384 2190//2384 2191//2384
f 2129//2384 2191//2384 2127//2384
f 2127//2385 2191//2385 2192//2385
f 2127//2385 2192//2385 2125//2385
f 2125//2386 2192//2386 2193//2386
f 2125//2386 2193//2386 2123//2386
f 2123//2387 2193//2387 2194//2387
f 2123//2387 2194//2387 2121//2387
f 2121//2388 2194//2388 2195//2388
f 2121//2388 2195//2388 2116//2388
f 2116//2389 2195//2389 2196//2389
f 2116//2389 2196//2389 2117//2389
f 1463//2390 1464//2390 2197//2390
f 2150//2391 2149//2391 2198//2391
f 2198//2392 2149//2392 2199//2392
f 1463//2390 2197//2390 2148//2390
f 2148//2393 2197//2393 2200//2393
f 2148//2393 2200//2393 2175//2393
f 2175//2394 2200//2394 2201//2394
f 2175//2394 2201//2394 2173//2394
f 2173//2395 2201//2395 2202//2395
f 2173//2395 2202//2395 2171//2395
f 2171//2396 2202//2396 2203//2396
f 2171//2396 2203//2396 2169//2396
f 2169//2397 2203//2397 2204//2397
f 2169//2397 2204//2397 2167//2397
f 2167//2398 2204//2398 2205//2398
f 2167//2398 2205//2398 2165//2398
f 2165//2399 2205//2399 2206//2399
f 2165//2399 2206//2399 2163//2399
f 2163//2400 2206//2400 2207//2400
f 2163//2400 2207//2400 2161//2400
f 2161//2401 2207//2401 2208//2401
f 2161//2401 2208//2401 2159//2401
f 2159//2402 2208//2402 2209//2402
f 2159//2402 2209//2402 2157//2402
f 2157//2403 2209//2403 2210//2403
f 2157//2403 2210//2403 2155//2403
f 2155//2404 2210//2404 2211//2404
f 2155//2404 2211//2404 2153//2404
f 2153//2405 2211//2405 2212//2405
f 2153//2405 2212//2405 2151//2405
f 2151//2406 2212//2406 2213//2406
f 2151//2406 2213//2406 2149//2406
f 2149//2407 2213//2407 2214//2407
f 2149//2408 2214//2408 2199//2408
f 1277//1 2214//1 1276//1
f 1276//1 2214//1 2213//1
f 2197//1 1464//1 1465//1
f 1465//1 2215//1 2197//1
f 2197//1 2215//1 2216//1
f 2197//1 2216//1 2200//1
f 2200//1 2216//1 2217//1
f 2200//1 2217//1 2201//1
f 2201//1 2217//1 2218//1
f 2201//1 2218//1 2202//1
f 2202//1 2218//1 2219//1
f 2202//1 2219//1 2203//1
f 2203//1 2219//1 2220//1
f 2203//1 2220//1 2204//1
f 2204//1 2220//1 2221//1
f 2204//1 2221//1 2205//1
f 2205//1 2221//1 2222//1
f 2205//1 2222//1 2206//1
f 2206//1 2222//1 2223//1
f 2206//1 2223//1 2207//1
f 2207//1 2223//1 2224//1
f 2207//1 2224//1 2208//1
f 2208//1 2224//1 2225//1
f 2208//1 2225//1 2209//1
f 2209//1 2225//1 2226//1
f 2209//1 2226//1 2210//1
f 2210//1 2226//1 2227//1
f 2210//1 2227//1 2211//1
f 2211//1 2227//1 2228//1
f 2211//1 2228//1 2212//1
f 2212//1 2228//1 2229//1
f 2212//1 2229//1 2213//1
f 2213//1 2229//1 2230//1
f 2213//1 2230//1 1276//1
f 1305//2409 1304//2409 2231//2409
f 1461//2410 1460//2410 2232//2410
f 1461//2410 2232//2410 2233//2410
f 2233//2411 2232//2411 2234//2411
f 2233//2411 2234//2411 2235//2411
f 2235//2412 2234//2412 2236//2412
f 2235//2412 2236//2412 2237//2412
f 2237//2413 2236//2413 2238//2413
f 2237//2413 2238//2413 2239//2413
f 2239//2414 2238//2414 2240//2414
f 2239//2414 2240//2414 2241//2414
f 2241//2415 2240//2415 2242//2415
f 2241//2415 2242//2415 2243//2415
f 2243//2416 2242//2416 2244//2416
f 2243//2416 2244//2416 2245//2416
f 2245//2417 2244//2417 2246//2417
f 2245//2417 2246//2417 2247//2417
f 2247//2418 2246//2418 2248//2418
f 2247//2418 2248//2418 2249//2418
f 2249//2419 2248//2419 2250//2419
f 2249//2419 2250//2419 2251//2419
f 2251//2420 2250//2420 2252//2420
f 2251//2420 2252//2420 2253//2420
f 2253//2421 2252//2421 2254//2421
f 2253//2421 2254//2421 2255//2421
f 2255//2422 2254//2422 2256//2422
f 2255//2422 2256//2422 2257//2422
f 2257//2423 2256//2423 2258//2423
f 2257//2423 2258//2423 2259//2423
f 2259//2424 2258//2424 2260//2424
f 2259//2424 2260//2424 2231//2424
f 2231//2425 2260//2425 1303//2425
f 2231//2426 1303//2426 1305//2426
f 2232//1 1460//1 1459//1
f 1459//1 2261//1 2232//1
f 2232//1 2261//1 2262//1
f 2232//1 2262//1 2234//1
f 2234//1 2262//1 2263//1
f 2234//1 2263//1 2236//1
f 2236//1 2263//1 2264//1
f 2236//1 2264//1 2238//1
f 2238//1 2264//1 2265//1
f 2238//1 2265//1 2240//1
f 2240//1 2265//1 2266//1
f 2240//1 2266//1 2242//1
f 2242//1 2266//1 2267//1
f 2242//1 2267//1 2244//1
f 2244//1 2267//1 2268//1
f 2244//1 2268//1 2246//1
f 2246//1 2268//1 2269//1
f 2246//1 2269//1 2248//1
f 2248//1 2269//1 2270//1
f 2248//1 2270//1 2250//1
f 2250//1 2270//1 2271//1
f 2250//1 2271//1 2252//1
f 2252//1 2271//1 2272//1
f 2252//1 2272//1 2254//1
f 2254//1 2272//1 2273//1
f 2254//1 2273//1 2256//1
f 2256//1 2273//1 2274//1
f 2256//1 2274//1 2258//1
f 2258//1 2274//1 2275//1
f 2258//1 2275//1 2260//1
f 2260//1 2275//1 1260//1
f 2260//1 1260//1 1303//1
f 1303//1 1260//1 1259//1
f 1269//250 1268//250 2276//250
f 1466//250 1461//250 2233//250
f 2243//250 2277//250 2241//250
f 2241//250 2277//250 2278//250
f 2241//250 2278//250 2239//250
f 2239//250 2278//250 2279//250
f 2239//250 2279//250 2237//250
f 2237//250 2279//250 2280//250
f 2237//250 2280//250 2235//250
f 2235//250 2280//250 2281//250
f 2235//250 2281//250 2233//250
f 2233//250 2281//250 2282//250
f 2233//250 2282//250 1466//250
f 1304//250 1269//250 2231//250
f 2231//250 1269//250 2276//250
f 2231//250 2276//250 2259//250
f 2259//250 2276//250 2283//250
f 2259//250 2283//250 2257//250
f 2257//250 2283//250 2284//250
f 2257//250 2284//250 2255//250
f 2255//250 2284//250 2285//250
f 2255//250 2285//250 2253//250
f 2253//250 2285//250 2286//250
f 2253//250 2286//250 2251//250
f 2251//250 2286//250 2287//250
f 2251//250 2287//250 2249//250
f 2249//250 2287//250 2288//250
f 2249//250 2288//250 2247//250
f 2247//250 2288//250 2289//250
f 2247//250 2289//250 2245//250
f 2245//250 2289//250 2290//250
f 2245//250 2290//250 2243//250
f 2243//250 2290//250 2291//250
f 2243//250 2291//250 2277//250
f 1483//2427 1485//2427 964//2427
f 964//2428 965//2428 1483//2428
f 1483//2429 965//2429 966//2429
f 1483//2430 966//2430 1481//2430
f 1481//2431 966//2431 967//2431
f 1481//2432 967//2432 1479//2432
f 1995//2433 1994//2433 970//2433
f 970//2433 1994//2433 1478//2433
f 970//2434 1478//2434 969//2434
f 969//2435 1478//2435 1479//2435
f 969//2436 1479//2436 968//2436
f 968//2437 1479//2437 967//2437
f 929//2438 1239//2438 1241//2438
f 929//2439 1241//2439 928//2439
f 970//2440 963//2440 1995//2440
f 1995//2441 963//2441 962//2441
f 1995//2442 962//2442 1997//2442
f 962//2443 961//2443 1997//2443
f 1997//2444 961//2444 960//2444
f 1997//2445 960//2445 1999//2445
f 960//2446 959//2446 1999//2446
f 1999//2447 959//2447 958//2447
f 1999//2448 958//2448 2001//2448
f 958//2449 957//2449 2001//2449
f 2001//2450 957//2450 956//2450
f 2001//2451 956//2451 2003//2451
f 956//2452 955//2452 2003//2452
f 2003//2453 955//2453 954//2453
f 2003//2454 954//2454 2005//2454
f 954//2455 953//2455 2005//2455
f 2005//2456 953//2456 952//2456
f 2005//2457 952//2457 2007//2457
f 2007//2458 952//2458 951//2458
f 2007//2459 951//2459 2009//2459
f 951//2460 950//2460 2009//2460
f 2009//2461 950//2461 949//2461
f 2009//2462 949//2462 2011//2462
f 949//2463 948//2463 2011//2463
f 2011//2464 948//2464 947//2464
f 2011//2465 947//2465 2013//2465
f 947//2466 946//2466 2013//2466
f 2013//2467 946//2467 945//2467
f 2013//2468 945//2468 2015//2468
f 945//2469 944//2469 2015//2469
f 2015//2470 944//2470 943//2470
f 2015//2471 943//2471 2017//2471
f 943//2472 942//2472 2017//2472
f 2017//2473 942//2473 941//2473
f 2017//2474 941//2474 2019//2474
f 2019//2475 941//2475 940//2475
f 1241//2476 1233//2476 928//2476
f 928//2477 1233//2477 1232//2477
f 928//2478 1232//2478 937//2478
f 937//2479 1232//2479 2021//2479
f 937//2480 2021//2480 938//2480
f 938//2481 2021//2481 2019//2481
f 938//2482 2019//2482 939//2482
f 939//2483 2019//2483 940//2483
f 2098//2484 1266//2484 1264//2484
f 1264//2485 1262//2485 2098//2485
f 2098//2486 1262//2486 1260//2486
f 2098//2487 1260//2487 2099//2487
f 1260//2488 2275//2488 2099//2488
f 2099//2489 2275//2489 2274//2489
f 2099//2489 2274//2489 2100//2489
f 2100//2490 2274//2490 2273//2490
f 2100//2490 2273//2490 2101//2490
f 2101//2491 2273//2491 2272//2491
f 2101//2491 2272//2491 2102//2491
f 2102//2492 2272//2492 2271//2492
f 2102//2492 2271//2492 2103//2492
f 2103//2493 2271//2493 2270//2493
f 2103//2493 2270//2493 2104//2493
f 2104//2494 2270//2494 2269//2494
f 2104//2494 2269//2494 2105//2494
f 2105//2495 2269//2495 2268//2495
f 2105//2495 2268//2495 2106//2495
f 2106//2496 2268//2496 2267//2496
f 2106//2496 2267//2496 2107//2496
f 2107//2497 2267//2497 2266//2497
f 2107//2497 2266//2497 2108//2497
f 2108//2498 2266//2498 2265//2498
f 2108//2498 2265//2498 2109//2498
f 2109//2499 2265//2499 2264//2499
f 2109//2499 2264//2499 2110//2499
f 2110//2500 2264//2500 2263//2500
f 2110//2500 2263//2500 2111//2500
f 2111//2501 2263//2501 2262//2501
f 2111//2501 2262//2501 2112//2501
f 2112//2502 2262//2502 2261//2502
f 2112//2502 2261//2502 2113//2502
f 2087//2503 2292//2503 2293//2503
f 2087//2503 2293//2503 2088//2503
f 2088//2504 2293//2504 2294//2504
f 2088//2504 2294//2504 2089//2504
f 2089//2505 2294//2505 2295//2505
f 2089//2505 2295//2505 2090//2505
f 2090//2506 2295//2506 2296//2506
f 2090//2506 2296//2506 2091//2506
f 2091//2507 2296//2507 2297//2507
f 2091//2507 2297//2507 2092//2507
f 2092//2508 2297//2508 2298//2508
f 2092//2508 2298//2508 2093//2508
f 2093//2509 2298//2509 2299//2509
f 2093//2509 2299//2509 2094//2509
f 2094//2510 2299//2510 2300//2510
f 2094//2510 2300//2510 2095//2510
f 2095//2511 2300//2511 2301//2511
f 2095//2511 2301//2511 2096//2511
f 2096//2512 2301//2512 2302//2512
f 2096//2512 2302//2512 2097//2512
f 2097//2513 2302//2513 2303//2513
f 2097//2513 2303//2513 2086//2513
f 2086//2514 2303//2514 2304//2514
f 2086//2514 2304//2514 2085//2514
f 2085//2515 2304//2515 2305//2515
f 2085//2515 2305//2515 2084//2515
f 2084//2516 2305//2516 2306//2516
f 2084//2516 2306//2516 2083//2516
f 2083//2517 2306//2517 1251//2517
f 2083//2518 1251//2518 2082//2518
f 2082//2519 1251//2519 1249//2519
f 2082//2520 1249//2520 1247//2520
f 1268//2521 1270//2521 2230//2521
f 1270//2522 1272//2522 2230//2522
f 2230//2523 1272//2523 1274//2523
f 2230//2524 1274//2524 1276//2524
f 1268//2525 2230//2525 2276//2525
f 2276//2526 2230//2526 2229//2526
f 2276//2526 2229//2526 2283//2526
f 2283//2527 2229//2527 2228//2527
f 2283//2527 2228//2527 2284//2527
f 2284//2528 2228//2528 2227//2528
f 2284//2528 2227//2528 2285//2528
f 2285//2529 2227//2529 2226//2529
f 2285//2529 2226//2529 2286//2529
f 2286//2530 2226//2530 2225//2530
f 2286//2530 2225//2530 2287//2530
f 2287//2531 2225//2531 2224//2531
f 2287//2531 2224//2531 2288//2531
f 2288//2532 2224//2532 2223//2532
f 2288//2532 2223//2532 2289//2532
f 2289//2533 2223//2533 2222//2533
f 2289//2533 2222//2533 2290//2533
f 2290//2534 2222//2534 2221//2534
f 2290//2534 2221//2534 2291//2534
f 2291//2535 2221//2535 2220//2535
f 2291//2535 2220//2535 2277//2535
f 2277//2536 2220//2536 2219//2536
f 2277//2536 2219//2536 2278//2536
f 2278//2537 2219//2537 2218//2537
f 2278//2537 2218//2537 2279//2537
f 2279//2538 2218//2538 2217//2538
f 2279//2538 2217//2538 2280//2538
f 2280//2539 2217//2539 2216//2539
f 2280//2539 2216//2539 2281//2539
f 2281//2540 2216//2540 2215//2540
f 2281//2540 2215//2540 2282//2540
f 1367//2541 1366//2541 2177//2541
f 2120//2542 2119//2542 1359//2542
f 1410//2543 1297//2543 1412//2543
f 1412//2544 1297//2544 1299//2544
f 1412//2545 1299//2545 1287//2545
f 1287//2546 1283//2546 1412//2546
f 1412//2547 1283//2547 1282//2547
f 1412//2548 1282//2548 2146//2548
f 1286//2549 1279//2549 2147//2549
f 2147//2550 1279//2550 1409//2550
f 1279//2551 1278//2551 1409//2551
f 1409//2552 1278//2552 1293//2552
f 1409//2553 1293//2553 1410//2553
f 1410//2554 1293//2554 1295//2554
f 1410//2555 1295//2555 1297//2555
f 2177//2556 2176//2556 1367//2556
f 1367//2557 2176//2557 2174//2557
f 1367//2558 2174//2558 1369//2558
f 2172//2559 2170//2559 1376//2559
f 1376//2560 1374//2560 2172//2560
f 2172//2561 1374//2561 1372//2561
f 2172//2562 1372//2562 2174//2562
f 2174//2563 1372//2563 1371//2563
f 2174//2564 1371//2564 1369//2564
f 2168//2565 2166//2565 1384//2565
f 1384//2566 1381//2566 2168//2566
f 2168//2567 1381//2567 1380//2567
f 2168//2568 1380//2568 2170//2568
f 2170//2569 1380//2569 1378//2569
f 2170//2570 1378//2570 1376//2570
f 2162//2571 1388//2571 2164//2571
f 2164//2572 1388//2572 1387//2572
f 2164//2573 1387//2573 2166//2573
f 2166//2574 1387//2574 1385//2574
f 2166//2575 1385//2575 1384//2575
f 2160//2576 1391//2576 2162//2576
f 2162//2577 1391//2577 1390//2577
f 2162//2578 1390//2578 1388//2578
f 2158//2579 1394//2579 2160//2579
f 2160//2580 1394//2580 1393//2580
f 2160//2581 1393//2581 1391//2581
f 2156//2582 1397//2582 2158//2582
f 2158//2583 1397//2583 1396//2583
f 2158//2584 1396//2584 1394//2584
f 2154//2585 1400//2585 2156//2585
f 2156//2586 1400//2586 1399//2586
f 2156//2587 1399//2587 1397//2587
f 2152//2588 1403//2588 2154//2588
f 2154//2589 1403//2589 1402//2589
f 2154//2590 1402//2590 1400//2590
f 1409//2591 1407//2591 2147//2591
f 2147//2592 1407//2592 1406//2592
f 2147//2593 1406//2593 2152//2593
f 2152//2594 1406//2594 1405//2594
f 2152//2595 1405//2595 1403//2595
f 2144//2596 1416//2596 2146//2596
f 2146//2597 1416//2597 1414//2597
f 2146//2598 1414//2598 1412//2598
f 2142//2599 1419//2599 2144//2599
f 2144//2600 1419//2600 1417//2600
f 2144//2601 1417//2601 1416//2601
f 2140//2602 1422//2602 2142//2602
f 2142//2603 1422//2603 1420//2603
f 2142//2604 1420//2604 1419//2604
f 2138//2605 1425//2605 2140//2605
f 2140//2606 1425//2606 1423//2606
f 2140//2607 1423//2607 1422//2607
f 2136//2608 1428//2608 2138//2608
f 2138//2609 1428//2609 1426//2609
f 2138//2610 1426//2610 1425//2610
f 2134//2611 1431//2611 2136//2611
f 2136//2612 1431//2612 1429//2612
f 2136//2613 1429//2613 1428//2613
f 2132//2614 1434//2614 2134//2614
f 2134//2615 1434//2615 1432//2615
f 2134//2616 1432//2616 1431//2616
f 2130//2617 1437//2617 2132//2617
f 2132//2618 1437//2618 1435//2618
f 2132//2619 1435//2619 1434//2619
f 2128//2620 1440//2620 2130//2620
f 2130//2621 1440//2621 1438//2621
f 2130//2622 1438//2622 1437//2622
f 2126//2623 1443//2623 2128//2623
f 2128//2624 1443//2624 1441//2624
f 2128//2625 1441//2625 1440//2625
f 2124//2626 1446//2626 2126//2626
f 2126//2627 1446//2627 1444//2627
f 2126//2628 1444//2628 1443//2628
f 1359//2629 1452//2629 2120//2629
f 2120//2630 1452//2630 1450//2630
f 2120//2631 1450//2631 2122//2631
f 2122//2632 1450//2632 1449//2632
f 2122//2633 1449//2633 2124//2633
f 2124//2634 1449//2634 1447//2634
f 2124//2635 1447//2635 1446//2635
f 2180//1 2179//1 1257//1
f 2307//1 2196//1 2195//1
f 2193//1 2308//1 2194//1
f 2194//1 2308//1 2309//1
f 2194//1 2309//1 2195//1
f 2195//1 2309//1 2310//1
f 2195//1 2310//1 2307//1
f 1257//1 1258//1 2180//1
f 2180//1 1258//1 2311//1
f 2180//1 2311//1 2182//1
f 2182//1 2311//1 2312//1
f 2182//1 2312//1 2183//1
f 2183//1 2312//1 2313//1
f 2183//1 2313//1 2184//1
f 2184//1 2313//1 2314//1
f 2184//1 2314//1 2185//1
f 2185//1 2314//1 2315//1
f 2185//1 2315//1 2186//1
f 2186//1 2315//1 2316//1
f 2186//1 2316//1 2187//1
f 2187//1 2316//1 2317//1
f 2187//1 2317//1 2188//1
f 2188//1 2317//1 2318//1
f 2188//1 2318//1 2189//1
f 2189//1 2318//1 2319//1
f 2189//1 2319//1 2190//1
f 2190//1 2319//1 2320//1
f 2190//1 2320//1 2191//1
f 2191//1 2320//1 2321//1
f 2191//1 2321//1 2192//1
f 2192//1 2321//1 2322//1
f 2192//1 2322//1 2193//1
f 2193//1 2322//1 2323//1
f 2193//1 2323//1 2308//1
f 1316//2636 1315//2636 2324//2636
f 1316//2637 2324//2637 1317//2637
f 1317//2638 2324//2638 2325//2638
f 2325//2639 2324//2639 2326//2639
f 2325//2639 2326//2639 2327//2639
f 2327//2640 2326//2640 2328//2640
f 2327//2640 2328//2640 2329//2640
f 2329//2641 2328//2641 2330//2641
f 2329//2641 2330//2641 2331//2641
f 2331//2642 2330//2642 2332//2642
f 2331//2642 2332//2642 2333//2642
f 2333//2643 2332//2643 2334//2643
f 2333//2643 2334//2643 2335//2643
f 2335//2644 2334//2644 2336//2644
f 2335//2644 2336//2644 2337//2644
f 2337//2645 2336//2645 2338//2645
f 2337//2645 2338//2645 2339//2645
f 2339//2646 2338//2646 2340//2646
f 2339//2646 2340//2646 2341//2646
f 2341//2647 2340//2647 2342//2647
f 2341//2647 2342//2647 2343//2647
f 2343//2648 2342//2648 2344//2648
f 2343//2648 2344//2648 2345//2648
f 2345//2649 2344//2649 2346//2649
f 2345//2649 2346//2649 2347//2649
f 2347//2650 2346//2650 2348//2650
f 2347//2650 2348//2650 2349//2650
f 2349//2651 2348//2651 2350//2651
f 2349//2651 2350//2651 2351//2651
f 2351//2652 2350//2652 2352//2652
f 2351//2652 2352//2652 2353//2652
f 2353//2653 2352//2653 2354//2653
f 2353//2653 2354//2653 2355//2653
f 2324//1 1315//1 1252//1
f 2356//1 2354//1 2352//1
f 1252//1 1251//1 2324//1
f 2324//1 1251//1 2306//1
f 2324//1 2306//1 2326//1
f 2326//1 2306//1 2305//1
f 2326//1 2305//1 2328//1
f 2328//1 2305//1 2304//1
f 2328//1 2304//1 2330//1
f 2330//1 2304//1 2303//1
f 2330//1 2303//1 2332//1
f 2332//1 2303//1 2302//1
f 2332//1 2302//1 2334//1
f 2334//1 2302//1 2301//1
f 2334//1 2301//1 2336//1
f 2336//1 2301//1 2300//1
f 2336//1 2300//1 2338//1
f 2338//1 2300//1 2299//1
f 2338//1 2299//1 2340//1
f 2340//1 2299//1 2298//1
f 2340//1 2298//1 2342//1
f 2342//1 2298//1 2297//1
f 2342//1 2297//1 2344//1
f 2344//1 2297//1 2296//1
f 2344//1 2296//1 2346//1
f 2346//1 2296//1 2295//1
f 2346//1 2295//1 2348//1
f 2348//1 2295//1 2294//1
f 2348//1 2294//1 2350//1
f 2350//1 2294//1 2293//1
f 2350//1 2293//1 2352//1
f 2352//1 2293//1 2292//1
f 2352//1 2292//1 2356//1
f 1253//250 1317//250 2325//250
f 1253//250 2325//250 1254//250
f 2353//250 2355//250 2357//250
f 2357//250 2358//250 2353//250
f 2353//250 2358//250 2359//250
f 2353//250 2359//250 2351//250
f 2351//250 2359//250 2360//250
f 2351//250 2360//250 2349//250
f 2349//250 2360//250 2361//250
f 2349//250 2361//250 2347//250
f 2347//250 2361//250 2362//250
f 2347//250 2362//250 2345//250
f 2345//250 2362//250 2363//250
f 2345//250 2363//250 2343//250
f 2343//250 2363//250 2364//250
f 2343//250 2364//250 2341//250
f 2341//250 2364//250 2365//250
f 2341//250 2365//250 2339//250
f 2339//250 2365//250 2366//250
f 2339//250 2366//250 2337//250
f 2337//250 2366//250 2367//250
f 2337//250 2367//250 2335//250
f 2335//250 2367//250 2368//250
f 2335//250 2368//250 2333//250
f 2333//250 2368//250 2369//250
f 2333//250 2369//250 2331//250
f 2331//250 2369//250 2370//250
f 2331//250 2370//250 2329//250
f 2329//250 2370//250 2371//250
f 2329//250 2371//250 2327//250
f 2327//250 2371//250 2372//250
f 2327//250 2372//250 2325//250
f 2325//250 2372//250 2373//250
f 2325//250 2373//250 1254//250
f 2358//2654 2310//2654 2309//2654
f 2311//2655 1258//2655 1256//2655
f 2358//2654 2309//2654 2359//2654
f 2359//2656 2309//2656 2308//2656
f 2359//2656 2308//2656 2360//2656
f 2360//2657 2308//2657 2323//2657
f 2360//2657 2323//2657 2361//2657
f 2361//2658 2323//2658 2322//2658
f 2361//2658 2322//2658 2362//2658
f 2362//2659 2322//2659 2321//2659
f 2362//2659 2321//2659 2363//2659
f 2363//2660 2321//2660 2320//2660
f 2363//2660 2320//2660 2364//2660
f 2364//2661 2320//2661 2319//2661
f 2364//2661 2319//2661 2365//2661
f 2365//2662 2319//2662 2318//2662
f 2365//2662 2318//2662 2366//2662
f 2366//2663 2318//2663 2317//2663
f 2366//2663 2317//2663 2367//2663
f 2367//2664 2317//2664 2316//2664
f 2367//2664 2316//2664 2368//2664
f 2368//2665 2316//2665 2315//2665
f 2368//2665 2315//2665 2369//2665
f 2369//2666 2315//2666 2314//2666
f 2369//2666 2314//2666 2370//2666
f 2370//2667 2314//2667 2313//2667
f 2370//2667 2313//2667 2371//2667
f 2371//2668 2313//2668 2312//2668
f 2371//2668 2312//2668 2372//2668
f 2372//2669 2312//2669 2311//2669
f 2372//2669 2311//2669 2373//2669
f 2373//2670 2311//2670 1256//2670
f 2373//2671 1256//2671 1254//2671
f 2374//2672 1897//2672 2375//2672
f 2375//2672 1897//2672 1902//2672
f 2375//2673 1902//2673 2376//2673
f 2376//2673 1902//2673 1903//2673
f 2376//2674 1903//2674 2377//2674
f 2377//2674 1903//2674 1907//2674
f 2377//2675 1907//2675 2378//2675
f 2378//2675 1907//2675 1905//2675
f 2378//2676 1905//2676 2379//2676
f 2379//2676 1905//2676 1914//2676
f 2379//2677 1914//2677 2380//2677
f 2380//2677 1914//2677 1913//2677
f 2380//2678 1913//2678 2381//2678
f 2381//2678 1913//2678 1912//2678
f 2381//2679 1912//2679 2382//2679
f 2382//2679 1912//2679 1911//2679
f 2382//2680 1911//2680 2383//2680
f 2383//2680 1911//2680 1917//2680
f 2383//2681 1917//2681 2384//2681
f 2384//2681 1917//2681 1916//2681
f 2384//2682 1916//2682 2385//2682
f 2385//2682 1916//2682 1915//2682
f 2385//2683 1915//2683 2386//2683
f 2386//2683 1915//2683 1924//2683
f 2386//2684 1924//2684 2387//2684
f 2387//2684 1924//2684 1922//2684
f 2387//1983 1922//1983 2388//1983
f 2388//1983 1922//1983 1921//1983
f 2388//2685 1921//2685 2389//2685
f 2389//2685 1921//2685 1920//2685
f 2389//2686 1920//2686 2390//2686
f 2390//2686 1920//2686 1919//2686
f 2390//2687 1919//2687 2391//2687
f 2391//2687 1919//2687 1927//2687
f 2391//2688 1927//2688 2392//2688
f 2392//2688 1927//2688 1925//2688
f 2392//2689 1925//2689 2393//2689
f 2393//2689 1925//2689 1926//2689
f 2393//2690 1926//2690 2394//2690
f 2394//2690 1926//2690 1929//2690
f 2394//2691 1929//2691 2395//2691
f 2395//2691 1929//2691 1930//2691
f 2395//2692 1930//2692 2396//2692
f 2396//2692 1930//2692 1934//2692
f 2396//2693 1934//2693 2397//2693
f 2397//2693 1934//2693 1933//2693
f 2397//2694 1933//2694 2398//2694
f 2398//2694 1933//2694 1940//2694
f 2398//2695 1940//2695 2399//2695
f 2399//2695 1940//2695 1935//2695
f 2399//2696 1935//2696 2400//2696
f 2400//2696 1935//2696 1894//2696
f 2400//2697 1894//2697 1169//2697
f 1169//2697 1894//2697 1170//2697
f 1212//1 2398//1 1211//1
f 1211//1 2398//1 2399//1
f 1211//1 2399//1 2400//1
f 2394//1 2395//1 1213//1
f 1213//1 2395//1 2396//1
f 1213//1 2396//1 1212//1
f 1212//1 2396//1 2397//1
f 1212//1 2397//1 2398//1
f 2401//1 2402//1 1171//1
f 1171//1 2402//1 1211//1
f 1171//1 1211//1 1169//1
f 1169//1 1211//1 2400//1
f 2394//1 1338//1 2393//1
f 2393//1 1338//1 1339//1
f 2393//1 1339//1 2392//1
f 2392//1 1339//1 1340//1
f 2383//1 2403//1 2404//1
f 2405//1 2381//1 2404//1
f 2404//1 2381//1 2382//1
f 2404//1 2382//1 2383//1
f 2375//1 2406//1 2374//1
f 2374//1 2406//1 2407//1
f 2374//1 2407//1 1167//1
f 2408//1 2407//1 1215//1
f 1215//1 2407//1 1334//1
f 1215//1 1334//1 1214//1
f 1214//1 1334//1 1335//1
f 1214//1 1335//1 1213//1
f 1213//1 1335//1 1336//1
f 1213//1 1336//1 2394//1
f 2394//1 1336//1 1337//1
f 2394//1 1337//1 1338//1
f 1341//1 2390//1 1340//1
f 1340//1 2390//1 2391//1
f 1340//1 2391//1 2392//1
f 2409//1 2387//1 1342//1
f 1342//1 2387//1 2388//1
f 1342//1 2388//1 1341//1
f 1341//1 2388//1 2389//1
f 1341//1 2389//1 2390//1
f 2383//1 2384//1 2403//1
f 2403//1 2384//1 2385//1
f 2403//1 2385//1 2409//1
f 2409//1 2385//1 2386//1
f 2409//1 2386//1 2387//1
f 2410//1 2379//1 2405//1
f 2405//1 2379//1 2380//1
f 2405//1 2380//1 2381//1
f 2375//1 2376//1 2406//1
f 2406//1 2376//1 2377//1
f 2406//1 2377//1 2410//1
f 2410//1 2377//1 2378//1
f 2410//1 2378//1 2379//1
f 1163//1 1165//1 1161//1
f 1161//1 1165//1 1167//1
f 1161//1 1167//1 2411//1
f 2411//1 1167//1 2407//1
f 2411//1 2407//1 2412//1
f 2412//1 2407//1 2408//1
f 1154//1963 1173//1963 1158//1963
f 1158//1963 1173//1963 1175//1963
f 1158//1964 1175//1964 1159//1964
f 1159//1964 1175//1964 1177//1964
f 1159//1978 1177//1978 1160//1978
f 1160//1978 1177//1978 1179//1978
f 1160//1966 1179//1966 1149//1966
f 1149//1966 1179//1966 1181//1966
f 1149//1967 1181//1967 1150//1967
f 1150//1967 1181//1967 1183//1967
f 1150//1968 1183//1968 1151//1968
f 1151//1968 1183//1968 1185//1968
f 1151//1984 1185//1984 1157//1984
f 1157//1984 1185//1984 2413//1984
f 1157//1985 2413//1985 1155//1985
f 1155//1985 2413//1985 2414//1985
f 1155//1986 2414//1986 1156//1986
f 1156//1986 2414//1986 2415//1986
f 1156//1987 2415//1987 1152//1987
f 1152//1987 2415//1987 2416//1987
f 1152//1988 2416//1988 1153//1988
f 1153//1988 2416//1988 2417//1988
f 1153//1989 2417//1989 1154//1989
f 1154//1989 2417//1989 1173//1989
f 1237//2698 1239//2698 929//2698
f 1467//2699 1469//2699 2051//2699
f 1489//2700 1486//2700 903//2700
f 903//2701 902//2701 1489//2701
f 1489//2702 902//2702 901//2702
f 1489//2703 901//2703 1487//2703
f 1487//2704 901//2704 964//2704
f 1487//2705 964//2705 1485//2705
f 1237//2706 929//2706 1236//2706
f 1236//2707 929//2707 930//2707
f 1236//2708 930//2708 1235//2708
f 1235//2709 930//2709 931//2709
f 1235//2710 931//2710 2025//2710
f 2025//2711 931//2711 932//2711
f 2025//2712 932//2712 2027//2712
f 932//2713 933//2713 2027//2713
f 2027//2714 933//2714 934//2714
f 2027//2715 934//2715 2029//2715
f 927//2716 2031//2716 936//2716
f 936//2717 2031//2717 2029//2717
f 936//2718 2029//2718 935//2718
f 935//2719 2029//2719 934//2719
f 927//2720 926//2720 2031//2720
f 2031//2721 926//2721 925//2721
f 2031//2722 925//2722 2033//2722
f 925//2723 924//2723 2033//2723
f 2033//2724 924//2724 923//2724
f 2033//2725 923//2725 2035//2725
f 923//2726 922//2726 2035//2726
f 2035//2727 922//2727 921//2727
f 2035//2728 921//2728 2037//2728
f 921//2729 920//2729 2037//2729
f 2037//2730 920//2730 919//2730
f 2037//2731 919//2731 2039//2731
f 919//2732 918//2732 2039//2732
f 2039//2733 918//2733 917//2733
f 2039//2734 917//2734 2041//2734
f 2041//2735 917//2735 916//2735
f 2041//2736 916//2736 2043//2736
f 916//2737 915//2737 2043//2737
f 2043//2738 915//2738 914//2738
f 2043//2739 914//2739 2045//2739
f 914//2740 913//2740 2045//2740
f 2045//2741 913//2741 912//2741
f 2045//2742 912//2742 2047//2742
f 912//2743 911//2743 2047//2743
f 2047//2744 911//2744 910//2744
f 2047//2745 910//2745 2049//2745
f 910//2746 909//2746 2049//2746
f 2049//2747 909//2747 908//2747
f 2049//2748 908//2748 2051//2748
f 908//2749 907//2749 2051//2749
f 2051//2750 907//2750 906//2750
f 2051//2699 906//2699 1467//2699
f 1467//2751 906//2751 905//2751
f 1467//2752 905//2752 1486//2752
f 1486//2753 905//2753 904//2753
f 1486//2754 904//2754 903//2754
f 1847//1984 1863//1984 1856//1984
f 1856//1984 1863//1984 1943//1984
f 1856//1985 1943//1985 1855//1985
f 1855//1985 1943//1985 1942//1985
f 1855//1986 1942//1986 1853//1986
f 1853//1986 1942//1986 1944//1986
f 1853//1987 1944//1987 1854//1987
f 1854//1987 1944//1987 1945//1987
f 1854//1988 1945//1988 1845//1988
f 1845//1988 1945//1988 1946//1988
f 1845//1989 1946//1989 1846//1989
f 1846//1989 1946//1989 1857//1989
f 1844//2755 2418//2755 2419//2755
f 2420//2756 2418//2756 1844//2756
f 1842//2757 2420//2757 1844//2757
f 1844//2758 2421//2758 1830//2758
f 2422//2759 2421//2759 1844//2759
f 2419//2760 2422//2760 1844//2760
f 1842//2761 1843//2761 2420//2761
f 2420//2761 1843//2761 1951//2761
f 2420//2762 1951//2762 2418//2762
f 2418//2762 1951//2762 1949//2762
f 2418//1986 1949//1986 2419//1986
f 2419//1986 1949//1986 1948//1986
f 2419//1987 1948//1987 2422//1987
f 2422//1987 1948//1987 1953//1987
f 2422//2763 1953//2763 2421//2763
f 2421//2763 1953//2763 1952//2763
f 2421//2764 1952//2764 1830//2764
f 1830//2764 1952//2764 1831//2764
f 1829//2755 2423//2755 2424//2755
f 2425//2765 2423//2765 1829//2765
f 1827//2757 2425//2757 1829//2757
f 1829//2758 2426//2758 1815//2758
f 2427//2766 2426//2766 1829//2766
f 2424//2760 2427//2760 1829//2760
f 1827//1984 1828//1984 2425//1984
f 2425//1984 1828//1984 1939//1984
f 2425//1985 1939//1985 2423//1985
f 2423//1985 1939//1985 1938//1985
f 2423//1986 1938//1986 2424//1986
f 2424//1986 1938//1986 1932//1986
f 2424//2767 1932//2767 2427//2767
f 2427//2767 1932//2767 1937//2767
f 2427//1988 1937//1988 2426//1988
f 2426//1988 1937//1988 1936//1988
f 2426//1989 1936//1989 1815//1989
f 1815//1989 1936//1989 1816//1989
f 1814//2755 2428//2755 2429//2755
f 2430//2765 2428//2765 1814//2765
f 1812//2757 2430//2757 1814//2757
f 1814//2758 2431//2758 1800//2758
f 2432//2759 2431//2759 1814//2759
f 2429//2760 2432//2760 1814//2760
f 1812//1984 1813//1984 2430//1984
f 2430//1984 1813//1984 1904//1984
f 2430//1985 1904//1985 2428//1985
f 2428//1985 1904//1985 1906//1985
f 2428//1986 1906//1986 2429//1986
f 2429//1986 1906//1986 1908//1986
f 2429//2767 1908//2767 2432//2767
f 2432//2767 1908//2767 1910//2767
f 2432//1988 1910//1988 2431//1988
f 2431//1988 1910//1988 1909//1988
f 2431//1989 1909//1989 1800//1989
f 1800//1989 1909//1989 1801//1989
f 2087//1608 2081//1608 2292//1608
f 2292//1608 2081//1608 2356//1608
f 2358//1608 2357//1608 2310//1608
f 2310//1608 2357//1608 2307//1608
f 2119//1608 2118//1608 1359//1608
f 1359//1608 2118//1608 1360//1608
f 1360//2768 2118//2768 1474//2768
f 1474//2769 2118//2769 2117//2769
f 1474//2770 2117//2770 2196//2770
f 2355//2770 2354//2770 1475//2770
f 1475//2770 1474//2770 2355//2770
f 2355//2770 1474//2770 2196//2770
f 2355//2771 2196//2771 2357//2771
f 2357//2771 2196//2771 2307//2771
f 1470//2771 1468//2771 2022//2771
f 2022//2772 1468//2772 1475//2772
f 2022//2770 1475//2770 2066//2770
f 2066//2770 1475//2770 2354//2770
f 2066//2771 2354//2771 2081//2771
f 2081//2771 2354//2771 2356//2771
f 1453//2773 1478//2773 1454//2773
f 1454//2773 1478//2773 1994//2773
f 1458//2773 2113//2773 1459//2773
f 1459//2773 2113//2773 2261//2773
f 1466//2773 2282//2773 1465//2773
f 1465//2773 2282//2773 2215//2773
f 1462//2773 2177//2773 1363//2773
f 1363//2773 2177//2773 1366//2773
f 1363//2774 1366//2774 1364//2774
f 1364//2774 1366//2774 1365//2774
f 1360//2775 1474//2775 1362//2775
f 1362//2776 1474//2776 1941//2776
f 1357//2777 1358//2777 1471//2777
f 1471//2778 1358//2778 1947//2778
f 1353//2776 1354//2776 1474//2776
f 1474//2775 1354//2775 1941//2775
f 1352//2779 1351//2779 1581//2779
f 1352//2779 1581//2779 1950//2779
f 1950//2780 1581//2780 1521//2780
f 1950//2781 1521//2781 1954//2781
f 1471//2782 1947//2782 1524//2782
f 1524//2783 1947//2783 1954//2783
f 1524//2784 1954//2784 1522//2784
f 1522//2785 1954//2785 1521//2785
f 1342//2786 1319//2786 1318//2786
f 1342//2786 1318//2786 2409//2786
f 2409//2787 1318//2787 1329//2787
f 2409//2787 1329//2787 2403//2787
f 2403//2788 1329//2788 1328//2788
f 2403//2788 1328//2788 2404//2788
f 2404//2789 1328//2789 1330//2789
f 2404//2789 1330//2789 2405//2789
f 2405//2790 1330//2790 1331//2790
f 2405//2790 1331//2790 2410//2790
f 2410//2791 1331//2791 1327//2791
f 2410//2791 1327//2791 2406//2791
f 2406//2792 1327//2792 1326//2792
f 2406//2792 1326//2792 2407//2792
f 2407//2793 1326//2793 1325//2793
f 2407//2793 1325//2793 1334//2793
f 1271//2794 1269//2794 1304//2794
f 1275//2795 1273//2795 1086//2795
f 1086//2796 1273//2796 1271//2796
f 1086//2797 1271//2797 1116//2797
f 1116//2798 1271//2798 1304//2798
f 1116//2799 1304//2799 1117//2799
f 1113//2800 2199//2800 1112//2800
f 1112//2801 2199//2801 2214//2801
f 1112//2802 2214//2802 1086//2802
f 1086//2803 2214//2803 1277//2803
f 1086//2804 1277//2804 1275//2804
f 1280//2805 1284//2805 2150//2805
f 1136//2806 1292//2806 1291//2806
f 1136//2807 1291//2807 1115//2807
f 1291//2808 1280//2808 1115//2808
f 1115//2809 1280//2809 2150//2809
f 1115//2810 2150//2810 1113//2810
f 1113//2811 2150//2811 2198//2811
f 1113//2812 2198//2812 2199//2812
f 1292//2813 1136//2813 1294//2813
f 1294//2814 1136//2814 1142//2814
f 1294//2815 1142//2815 1296//2815
f 1142//2816 1144//2816 1296//2816
f 1296//2817 1144//2817 1146//2817
f 1296//2818 1146//2818 1298//2818
f 1298//2819 1146//2819 1148//2819
f 1298//2820 1148//2820 1300//2820
f 1300//2821 1148//2821 996//2821
f 1290//2822 1289//2822 997//2822
f 997//2823 1289//2823 1288//2823
f 997//2824 1288//2824 996//2824
f 996//2825 1288//2825 1301//2825
f 996//2826 1301//2826 1300//2826
f 1006//2827 2179//2827 1001//2827
f 1001//2828 2179//2828 2178//2828
f 1001//2829 2178//2829 999//2829
f 999//2830 2178//2830 2181//2830
f 999//2831 2181//2831 997//2831
f 997//2832 2181//2832 2114//2832
f 997//2833 2114//2833 1290//2833
f 1317//2834 1253//2834 1255//2834
f 1009//2835 1317//2835 1008//2835
f 1008//2836 1317//2836 1255//2836
f 1008//2837 1255//2837 1006//2837
f 1006//2838 1255//2838 1257//2838
f 1006//2839 1257//2839 2179//2839
f 1162//2840 1161//2840 2411//2840
f 1895//2841 1162//2841 2433//2841
f 2433//2789 2434//2789 1895//2789
f 1895//2790 2434//2790 2435//2790
f 1895//2790 2435//2790 1901//2790
f 1901//2791 2435//2791 2436//2791
f 1901//2791 2436//2791 1900//2791
f 1900//2792 2436//2792 2437//2792
f 1900//2792 2437//2792 1899//2792
f 1899//2793 2437//2793 1203//2793
f 1899//2793 1203//2793 1205//2793
f 1162//2840 2411//2840 2433//2840
f 2433//2788 2411//2788 2412//2788
f 2433//2788 2412//2788 2438//2788
f 2438//2787 2412//2787 2408//2787
f 2438//2787 2408//2787 2439//2787
f 2439//2786 2408//2786 1215//2786
f 2439//2786 1215//2786 1188//2786
f 1204//2842 1203//2842 2437//2842
f 1204//2842 2437//2842 1219//2842
f 1219//2843 2437//2843 2436//2843
f 1219//2844 2436//2844 1220//2844
f 1220//2845 2436//2845 2435//2845
f 1220//2846 2435//2846 1221//2846
f 1221//2847 2435//2847 2434//2847
f 1221//2847 2434//2847 1222//2847
f 1222//2848 2434//2848 2433//2848
f 1222//2849 2433//2849 1223//2849
f 1223//2850 2433//2850 2438//2850
f 1223//2851 2438//2851 1224//2851
f 1224//2852 2438//2852 2439//2852
f 1224//2852 2439//2852 1217//2852
f 1217//2853 2439//2853 1188//2853
f 1217//2853 1188//2853 1187//2853
f 1185//2854 1186//2854 2413//2854
f 2413//2854 1186//2854 1218//2854
f 2413//2855 1218//2855 2414//2855
f 2414//2855 1218//2855 1225//2855
f 2414//2856 1225//2856 2415//2856
f 2415//2856 1225//2856 1226//2856
f 2415//2857 1226//2857 2416//2857
f 2416//2857 1226//2857 1227//2857
f 2416//2858 1227//2858 2417//2858
f 2417//2858 1227//2858 1216//2858
f 2417//2859 1216//2859 1173//2859
f 1173//2860 1216//2860 1174//2860
f 1171//2861 1172//2861 2401//2861
f 2401//2861 1172//2861 1898//2861
f 2401//2862 1898//2862 2402//2862
f 2402//2862 1898//2862 1896//2862
f 2402//2863 1896//2863 1211//2863
f 1211//2863 1896//2863 1210//2863
f 1167//2864 1168//2864 2374//2864
f 2374//2864 1168//2864 1897//2864
f 2440//2865 2441//2865 2442//2865
f 2443//2866 2444//2866 2445//2866
f 2446//2867 2447//2867 2444//2867
f 2448//2868 2447//2868 2449//2868
f 2449//2868 2447//2868 2446//2868
f 2449//2869 2446//2869 2450//2869
f 2443//2866 2445//2866 2451//2866
f 2451//2870 2445//2870 2452//2870
f 2451//2870 2452//2870 2453//2870
f 2453//2871 2452//2871 2454//2871
f 2453//2871 2454//2871 2455//2871
f 2455//2872 2454//2872 2456//2872
f 2455//2872 2456//2872 2457//2872
f 2457//2873 2456//2873 2458//2873
f 2457//2873 2458//2873 2459//2873
f 2459//2874 2458//2874 2460//2874
f 2459//2874 2460//2874 2461//2874
f 2462//2875 2443//2875 2463//2875
f 2463//2876 2443//2876 2451//2876
f 2463//2876 2451//2876 2464//2876
f 2464//2877 2451//2877 2453//2877
f 2464//2877 2453//2877 2465//2877
f 2465//2878 2453//2878 2455//2878
f 2465//2878 2455//2878 2466//2878
f 2466//2879 2455//2879 2457//2879
f 2466//2879 2457//2879 2467//2879
f 2467//2880 2457//2880 2459//2880
f 2467//2880 2459//2880 2468//2880
f 2468//2881 2459//2881 2461//2881
f 2468//2881 2461//2881 2469//2881
f 2470//2882 2440//2882 2471//2882
f 2471//2883 2440//2883 2442//2883
f 2471//2884 2442//2884 2472//2884
f 2472//2884 2442//2884 2473//2884
f 2472//2885 2473//2885 2474//2885
f 2474//2885 2473//2885 2475//2885
f 2474//2886 2448//2886 2472//2886
f 2472//2886 2448//2886 2449//2886
f 2472//2887 2449//2887 2471//2887
f 2471//2887 2449//2887 2450//2887
f 2471//2888 2450//2888 2470//2888
f 2470//2888 2450//2888 2476//2888
f 2444//2867 2443//2867 2446//2867
f 2446//2875 2443//2875 2462//2875
f 2446//2869 2462//2869 2450//2869
f 2450//2889 2462//2889 2477//2889
f 2450//2890 2477//2890 2476//2890
f 2478//2891 2479//2891 2465//2891
f 2465//2892 2479//2892 2480//2892
f 2465//2892 2480//2892 2464//2892
f 2464//2893 2480//2893 2481//2893
f 2464//2893 2481//2893 2463//2893
f 2463//2894 2481//2894 2482//2894
f 2463//2895 2482//2895 2462//2895
f 2462//2896 2482//2896 2483//2896
f 2462//2897 2483//2897 2477//2897
f 2478//2898 2465//2898 2484//2898
f 2484//2899 2465//2899 2466//2899
f 2484//2900 2466//2900 2485//2900
f 2485//2901 2466//2901 2467//2901
f 2485//2902 2467//2902 2486//2902
f 2486//2903 2467//2903 2468//2903
f 2486//2904 2468//2904 2487//2904
f 2469//2905 2488//2905 2468//2905
f 2468//2906 2488//2906 2489//2906
f 2468//2907 2489//2907 2487//2907
f 2490//2908 2480//2908 2491//2908
f 2491//2909 2480//2909 2479//2909
f 2491//2910 2479//2910 2492//2910
f 2492//2911 2479//2911 2493//2911
f 2479//2912 2478//2912 2493//2912
f 2493//2913 2478//2913 2484//2913
f 2493//2914 2484//2914 2494//2914
f 2484//2915 2485//2915 2494//2915
f 2494//2916 2485//2916 2486//2916
f 2494//2917 2486//2917 2495//2917
f 2495//2918 2486//2918 2487//2918
f 2495//2919 2487//2919 2496//2919
f 2496//2920 2487//2920 2497//2920
f 2497//2921 2487//2921 2489//2921
f 2497//2922 2489//2922 2498//2922
f 2498//2922 2489//2922 2488//2922
f 2498//2923 2488//2923 2499//2923
f 2499//2923 2488//2923 2500//2923
f 2499//2924 2500//2924 2501//2924
f 2501//2925 2500//2925 2502//2925
f 2501//2926 2502//2926 2503//2926
f 2503//2927 2502//2927 2504//2927
f 2503//2928 2504//2928 2505//2928
f 2506//2929 2507//2929 2508//2929
f 2504//2930 2509//2930 2505//2930
f 2505//2931 2509//2931 2510//2931
f 2505//2932 2510//2932 2511//2932
f 2511//2933 2510//2933 2512//2933
f 2511//2934 2512//2934 2513//2934
f 2513//2935 2512//2935 2506//2935
f 2513//2936 2506//2936 2514//2936
f 2514//2937 2506//2937 2508//2937
f 2515//2938 2516//2938 2517//2938
f 2518//2939 2519//2939 2520//2939
f 2520//2940 2519//2940 2521//2940
f 2520//2941 2521//2941 2517//2941
f 2517//2942 2521//2942 2522//2942
f 2517//2943 2522//2943 2515//2943
f 2518//2944 2520//2944 2523//2944
f 2523//2945 2520//2945 2524//2945
f 2523//2946 2524//2946 2525//2946
f 2525//2946 2524//2946 2526//2946
f 2525//2947 2526//2947 2527//2947
f 2527//2947 2526//2947 2528//2947
f 2527//2948 2528//2948 2529//2948
f 2529//2948 2528//2948 2530//2948
f 2529//2949 2530//2949 2531//2949
f 2531//2949 2530//2949 2532//2949
f 2531//2950 2532//2950 2533//2950
f 2532//2950 2534//2950 2533//2950
f 2533//2951 2534//2951 2535//2951
f 2533//2951 2535//2951 2536//2951
f 2537//2952 2538//2952 2539//2952
f 2539//2953 2538//2953 2540//2953
f 2541//2954 2542//2954 2543//2954
f 2543//2955 2542//2955 2544//2955
f 2543//2956 2544//2956 2545//2956
f 2545//2957 2544//2957 2538//2957
f 2545//2958 2538//2958 2546//2958
f 2546//2959 2538//2959 2537//2959
f 2541//2960 2547//2960 2542//2960
f 2542//2961 2547//2961 2548//2961
f 2542//2962 2548//2962 2549//2962
f 2549//2963 2548//2963 2550//2963
f 2549//2964 2550//2964 2551//2964
f 2550//2965 2552//2965 2551//2965
f 2551//2966 2552//2966 2553//2966
f 2551//2967 2553//2967 2554//2967
f 2554//2968 2553//2968 2555//2968
f 2555//2969 2556//2969 2554//2969
f 2554//2970 2556//2970 2557//2970
f 2554//2971 2557//2971 2558//2971
f 2558//2972 2557//2972 2559//2972
f 2558//2973 2559//2973 2560//2973
f 2560//2974 2559//2974 2561//2974
f 2562//2975 2563//2975 2564//2975
f 2564//2976 2563//2976 2560//2976
f 2564//2977 2560//2977 2565//2977
f 2565//2978 2560//2978 2561//2978
f 2563//2979 2535//2979 2560//2979
f 2560//2979 2535//2979 2534//2979
f 2560//2980 2534//2980 2558//2980
f 2558//2980 2534//2980 2532//2980
f 2558//2981 2532//2981 2554//2981
f 2554//2981 2532//2981 2530//2981
f 2554//2982 2530//2982 2551//2982
f 2551//2982 2530//2982 2528//2982
f 2551//2983 2528//2983 2549//2983
f 2549//2983 2528//2983 2526//2983
f 2549//2984 2526//2984 2542//2984
f 2542//2984 2526//2984 2524//2984
f 2542//2985 2524//2985 2544//2985
f 2544//2985 2524//2985 2520//2985
f 2544//2986 2520//2986 2538//2986
f 2538//2986 2520//2986 2517//2986
f 2538//2987 2517//2987 2540//2987
f 2540//2987 2517//2987 2516//2987
f 1012//2988 1010//2988 2566//2988
f 2567//2989 2568//2989 2566//2989
f 2566//2990 2568//2990 2569//2990
f 1014//2991 1012//2991 2570//2991
f 2570//2992 1012//2992 2566//2992
f 2570//2993 2566//2993 2571//2993
f 2571//2994 2566//2994 2569//2994
f 2572//2995 2573//2995 2574//2995
f 2574//2996 2573//2996 2575//2996
f 2576//2997 2577//2997 2572//2997
f 2578//2998 2579//2998 2580//2998
f 2580//2999 2579//2999 2581//2999
f 2576//3000 2572//3000 2581//3000
f 2581//3001 2572//3001 2574//3001
f 2581//3002 2574//3002 2580//3002
f 1018//3003 2576//3003 1016//3003
f 1016//3004 2576//3004 2581//3004
f 2474//1983 2460//1983 2458//1983
f 2582//1983 2583//1983 2584//1983
f 2584//1983 2583//1983 2585//1983
f 2584//1983 2585//1983 2586//1983
f 2582//1983 2587//1983 2583//1983
f 2583//1983 2587//1983 2588//1983
f 2583//1983 2588//1983 2589//1983
f 2474//1983 2475//1983 2460//1983
f 2460//1983 2475//1983 2584//1983
f 2460//1983 2584//1983 2590//1983
f 2590//1983 2584//1983 2586//1983
f 2447//1983 2454//1983 2444//1983
f 2444//1983 2454//1983 2452//1983
f 2444//1983 2452//1983 2445//1983
f 2458//1983 2456//1983 2474//1983
f 2474//1983 2456//1983 2454//1983
f 2474//1983 2454//1983 2448//1983
f 2448//1983 2454//1983 2447//1983
f 2500//3005 2488//3005 2469//3005
f 2591//3006 2583//3006 2589//3006
f 2592//3007 2585//3007 2583//3007
f 2586//3008 2585//3008 2593//3008
f 2593//3008 2585//3008 2592//3008
f 2593//3009 2592//3009 2594//3009
f 2591//3006 2589//3006 2595//3006
f 2595//3010 2589//3010 2588//3010
f 2595//3010 2588//3010 2596//3010
f 2596//3011 2588//3011 2587//3011
f 2596//3011 2587//3011 2597//3011
f 2597//3012 2587//3012 2582//3012
f 2597//3012 2582//3012 2598//3012
f 2598//3013 2582//3013 2584//3013
f 2598//3013 2584//3013 2599//3013
f 2599//3014 2584//3014 2475//3014
f 2599//3014 2475//3014 2473//3014
f 2600//3015 2591//3015 2601//3015
f 2601//3016 2591//3016 2595//3016
f 2601//3016 2595//3016 2602//3016
f 2602//3017 2595//3017 2596//3017
f 2602//3017 2596//3017 2603//3017
f 2603//3018 2596//3018 2597//3018
f 2603//3018 2597//3018 2604//3018
f 2604//3019 2597//3019 2598//3019
f 2604//3019 2598//3019 2605//3019
f 2605//3020 2598//3020 2599//3020
f 2605//3020 2599//3020 2606//3020
f 2606//3021 2599//3021 2473//3021
f 2606//3021 2473//3021 2442//3021
f 2502//3022 2500//3022 2607//3022
f 2607//3023 2500//3023 2469//3023
f 2607//3024 2469//3024 2608//3024
f 2608//3024 2469//3024 2461//3024
f 2608//3025 2461//3025 2590//3025
f 2590//3025 2461//3025 2460//3025
f 2590//3026 2586//3026 2608//3026
f 2608//3026 2586//3026 2593//3026
f 2608//3027 2593//3027 2607//3027
f 2607//3027 2593//3027 2594//3027
f 2607//3028 2594//3028 2502//3028
f 2502//3028 2594//3028 2504//3028
f 2583//3007 2591//3007 2592//3007
f 2592//3015 2591//3015 2600//3015
f 2592//3009 2600//3009 2594//3009
f 2594//3029 2600//3029 2509//3029
f 2594//3030 2509//3030 2504//3030
f 2609//3031 2610//3031 2603//3031
f 2603//3032 2610//3032 2507//3032
f 2603//3032 2507//3032 2602//3032
f 2602//3033 2507//3033 2506//3033
f 2602//3033 2506//3033 2601//3033
f 2601//3034 2506//3034 2512//3034
f 2601//3035 2512//3035 2600//3035
f 2600//3036 2512//3036 2510//3036
f 2600//3037 2510//3037 2509//3037
f 2609//3038 2603//3038 2611//3038
f 2611//3039 2603//3039 2604//3039
f 2611//3040 2604//3040 2612//3040
f 2612//3041 2604//3041 2605//3041
f 2612//3042 2605//3042 2613//3042
f 2613//3043 2605//3043 2606//3043
f 2613//3043 2606//3043 2614//3043
f 2442//3044 2441//3044 2606//3044
f 2606//3045 2441//3045 2615//3045
f 2606//3046 2615//3046 2614//3046
f 2508//3047 2507//3047 2616//3047
f 2616//3048 2507//3048 2610//3048
f 2616//3049 2610//3049 2617//3049
f 2617//3050 2610//3050 2618//3050
f 2610//3051 2609//3051 2618//3051
f 2618//3052 2609//3052 2611//3052
f 2618//3053 2611//3053 2619//3053
f 2611//3054 2612//3054 2619//3054
f 2619//3055 2612//3055 2613//3055
f 2619//3056 2613//3056 2620//3056
f 2620//3057 2613//3057 2614//3057
f 2620//3058 2614//3058 2621//3058
f 2621//3059 2614//3059 2622//3059
f 2622//3060 2614//3060 2615//3060
f 2622//3061 2615//3061 2623//3061
f 2623//3061 2615//3061 2441//3061
f 2623//3062 2441//3062 2624//3062
f 2624//3062 2441//3062 2440//3062
f 2624//3063 2440//3063 2625//3063
f 2625//3064 2440//3064 2470//3064
f 2625//3065 2470//3065 2626//3065
f 2626//3066 2470//3066 2476//3066
f 2626//3067 2476//3067 2627//3067
f 2481//3068 2480//3068 2490//3068
f 2476//3069 2477//3069 2627//3069
f 2627//3070 2477//3070 2483//3070
f 2627//3071 2483//3071 2628//3071
f 2628//3072 2483//3072 2482//3072
f 2628//3073 2482//3073 2629//3073
f 2629//3074 2482//3074 2481//3074
f 2629//3075 2481//3075 2630//3075
f 2630//3076 2481//3076 2490//3076
f 2631//1982 2632//1982 2511//1982
f 2633//1982 2634//1982 2631//1982
f 2635//1982 2636//1982 2637//1982
f 2627//1982 2628//1982 2638//1982
f 2639//1982 2547//1982 2541//1982
f 2566//1982 2617//1982 2567//1982
f 2567//1982 2617//1982 2618//1982
f 2511//1982 2632//1982 2505//1982
f 2494//1982 2495//1982 2640//1982
f 2640//1982 2495//1982 2641//1982
f 2640//1982 2641//1982 2642//1982
f 2637//1982 2643//1982 2644//1982
f 2645//1982 2646//1982 2647//1982
f 2556//1982 2648//1982 2557//1982
f 2557//1982 2648//1982 2649//1982
f 2557//1982 2649//1982 2559//1982
f 2650//1982 2651//1982 2652//1982
f 2652//1982 2651//1982 2653//1982
f 2652//1982 2653//1982 2649//1982
f 2654//1982 2655//1982 2656//1982
f 2545//1982 2657//1982 2543//1982
f 2543//1982 2657//1982 2619//1982
f 2543//1982 2619//1982 2541//1982
f 2541//1982 2619//1982 2620//1982
f 2541//1982 2620//1982 2639//1982
f 2658//1982 2567//1982 2657//1982
f 2657//1982 2567//1982 2618//1982
f 2657//1982 2618//1982 2619//1982
f 2659//1982 2660//1982 2661//1982
f 2661//1982 2660//1982 2662//1982
f 2661//1982 2662//1982 2663//1982
f 2664//1982 2665//1982 2666//1982
f 2666//1982 2665//1982 2667//1982
f 2666//1982 2667//1982 2662//1982
f 2668//1982 2669//1982 2670//1982
f 2671//1982 2672//1982 2643//1982
f 2643//1982 2672//1982 2673//1982
f 2643//1982 2673//1982 2644//1982
f 2674//1982 2675//1982 2658//1982
f 2658//1982 2675//1982 2676//1982
f 2658//1982 2676//1982 2567//1982
f 2631//1982 2511//1982 2633//1982
f 2633//1982 2511//1982 2513//1982
f 2633//1982 2513//1982 2677//1982
f 2677//1982 2513//1982 2514//1982
f 2677//1982 2514//1982 2678//1982
f 2678//1982 2514//1982 2508//1982
f 2678//1982 2508//1982 2566//1982
f 2566//1982 2508//1982 2616//1982
f 2566//1982 2616//1982 2617//1982
f 2640//1982 2635//1982 2494//1982
f 2494//1982 2635//1982 2637//1982
f 2494//1982 2637//1982 2493//1982
f 2493//1982 2637//1982 2644//1982
f 2493//1982 2644//1982 2492//1982
f 2492//1982 2644//1982 2679//1982
f 2492//1982 2679//1982 2491//1982
f 2498//1982 2499//1982 2680//1982
f 2680//1982 2499//1982 2501//1982
f 2680//1982 2501//1982 2667//1982
f 2667//1982 2501//1982 2503//1982
f 2667//1982 2503//1982 2662//1982
f 2662//1982 2503//1982 2505//1982
f 2662//1982 2505//1982 2663//1982
f 2663//1982 2505//1982 2632//1982
f 2663//1982 2632//1982 2681//1982
f 2491//1982 2679//1982 2490//1982
f 2490//1982 2679//1982 2682//1982
f 2490//1982 2682//1982 2630//1982
f 2630//1982 2682//1982 2683//1982
f 2630//1982 2683//1982 2629//1982
f 2629//1982 2683//1982 2645//1982
f 2629//1982 2645//1982 2628//1982
f 2628//1982 2645//1982 2647//1982
f 2628//1982 2647//1982 2638//1982
f 2623//1982 2624//1982 2684//1982
f 2684//1982 2624//1982 2625//1982
f 2684//1982 2625//1982 2653//1982
f 2653//1982 2625//1982 2626//1982
f 2653//1982 2626//1982 2649//1982
f 2649//1982 2626//1982 2627//1982
f 2649//1982 2627//1982 2559//1982
f 2559//1982 2627//1982 2638//1982
f 2559//1982 2638//1982 2561//1982
f 2684//1982 2685//1982 2623//1982
f 2623//1982 2685//1982 2686//1982
f 2623//1982 2686//1982 2622//1982
f 2622//1982 2686//1982 2687//1982
f 2622//1982 2687//1982 2621//1982
f 2621//1982 2687//1982 2654//1982
f 2621//1982 2654//1982 2620//1982
f 2620//1982 2654//1982 2656//1982
f 2620//1982 2656//1982 2639//1982
f 2680//1982 2688//1982 2498//1982
f 2498//1982 2688//1982 2689//1982
f 2498//1982 2689//1982 2497//1982
f 2497//1982 2689//1982 2690//1982
f 2497//1982 2690//1982 2496//1982
f 2496//1982 2690//1982 2668//1982
f 2496//1982 2668//1982 2495//1982
f 2495//1982 2668//1982 2670//1982
f 2495//1982 2670//1982 2641//1982
f 2536//3077 2535//3077 2691//3077
f 2691//3077 2535//3077 2692//3077
f 2691//3078 2692//3078 2693//3078
f 2693//3078 2692//3078 2694//3078
f 2693//3079 2694//3079 2695//3079
f 2695//3079 2694//3079 2696//3079
f 2695//3080 2696//3080 2697//3080
f 2696//3080 2698//3080 2697//3080
f 2697//3081 2698//3081 2699//3081
f 2697//3082 2699//3082 2700//3082
f 2700//3083 2699//3083 2701//3083
f 2700//3084 2701//3084 2702//3084
f 2702//3085 2701//3085 2703//3085
f 2702//3086 2703//3086 2704//3086
f 2704//3087 2703//3087 2705//3087
f 2704//3088 2705//3088 2706//3088
f 2706//3089 2705//3089 2516//3089
f 2706//3090 2516//3090 2515//3090
f 2707//3091 2708//3091 2562//3091
f 2562//3091 2708//3091 2563//3091
f 2640//3092 2709//3092 2635//3092
f 2635//3092 2709//3092 2710//3092
f 2635//3093 2710//3093 2636//3093
f 2636//3094 2710//3094 2708//3094
f 2636//3095 2708//3095 2711//3095
f 2711//3096 2708//3096 2707//3096
f 2640//3097 2642//3097 2709//3097
f 2709//3098 2642//3098 2712//3098
f 2709//3099 2712//3099 2713//3099
f 2713//3100 2712//3100 2714//3100
f 2713//3101 2714//3101 2715//3101
f 2714//3102 2716//3102 2715//3102
f 2715//3103 2716//3103 2717//3103
f 2715//3104 2717//3104 2718//3104
f 2718//3105 2717//3105 2719//3105
f 2719//3106 2659//3106 2718//3106
f 2718//3107 2659//3107 2661//3107
f 2718//3108 2661//3108 2720//3108
f 2720//3108 2661//3108 2663//3108
f 2720//3109 2663//3109 2721//3109
f 2721//3110 2663//3110 2681//3110
f 2539//3111 2540//3111 2722//3111
f 2722//3111 2540//3111 2721//3111
f 2722//3112 2721//3112 2723//3112
f 2723//3113 2721//3113 2681//3113
f 2540//3114 2516//3114 2721//3114
f 2721//3114 2516//3114 2705//3114
f 2721//3115 2705//3115 2720//3115
f 2720//3115 2705//3115 2703//3115
f 2720//3116 2703//3116 2718//3116
f 2718//3116 2703//3116 2701//3116
f 2718//3117 2701//3117 2715//3117
f 2715//3117 2701//3117 2699//3117
f 2715//3118 2699//3118 2713//3118
f 2713//3118 2699//3118 2698//3118
f 2713//3119 2698//3119 2709//3119
f 2709//3119 2698//3119 2696//3119
f 2709//3120 2696//3120 2710//3120
f 2710//3120 2696//3120 2694//3120
f 2710//3121 2694//3121 2708//3121
f 2708//3121 2694//3121 2692//3121
f 2708//3122 2692//3122 2563//3122
f 2563//3122 2692//3122 2535//3122
f 2724//3123 2725//3123 2726//3123
f 2724//3124 2726//3124 2727//3124
f 2726//3125 2728//3125 2727//3125
f 2727//3126 2728//3126 2729//3126
f 2727//3127 2729//3127 2730//3127
f 2669//3128 2668//3128 2731//3128
f 2731//3129 2668//3129 2730//3129
f 2731//3130 2730//3130 2732//3130
f 2732//3131 2730//3131 2729//3131
f 2730//3132 2668//3132 2690//3132
f 2667//3133 2733//3133 2680//3133
f 2680//3134 2733//3134 2734//3134
f 2680//3135 2734//3135 2735//3135
f 2736//3136 977//3136 1147//3136
f 2735//3137 2736//3137 2680//3137
f 2680//3138 2736//3138 1147//3138
f 2680//3139 1147//3139 2688//3139
f 2688//3140 1147//3140 1145//3140
f 2688//3141 1145//3141 2689//3141
f 2689//3142 1145//3142 1143//3142
f 1143//3143 1139//3143 2737//3143
f 1143//3144 2737//3144 2689//3144
f 2689//3145 2737//3145 2724//3145
f 2689//3146 2724//3146 2690//3146
f 2690//3147 2724//3147 2727//3147
f 2690//3148 2727//3148 2730//3148
f 2664//3149 2738//3149 2665//3149
f 2665//3150 2738//3150 2733//3150
f 2665//3151 2733//3151 2667//3151
f 2738//3152 2739//3152 2733//3152
f 2733//3153 2739//3153 2740//3153
f 2733//3154 2740//3154 2734//3154
f 2734//3155 2740//3155 2741//3155
f 2742//3156 2735//3156 2743//3156
f 2743//3157 2735//3157 2734//3157
f 2743//3158 2734//3158 2744//3158
f 2744//3159 2734//3159 2741//3159
f 2745//3160 2746//3160 2747//3160
f 2745//3161 2747//3161 2748//3161
f 2747//3162 2749//3162 2748//3162
f 2748//3163 2749//3163 2750//3163
f 2748//3164 2750//3164 2751//3164
f 2634//3165 2633//3165 2752//3165
f 2752//3166 2633//3166 2751//3166
f 2752//3167 2751//3167 2753//3167
f 2753//3168 2751//3168 2750//3168
f 2751//3169 2633//3169 2677//3169
f 1007//3170 993//3170 2754//3170
f 1010//3171 1007//3171 2566//3171
f 2566//3172 1007//3172 2754//3172
f 2566//3173 2754//3173 2678//3173
f 2678//3174 2754//3174 2745//3174
f 2678//3175 2745//3175 2677//3175
f 2677//3176 2745//3176 2748//3176
f 2677//3177 2748//3177 2751//3177
f 2674//3178 2755//3178 2675//3178
f 2675//3179 2755//3179 2568//3179
f 2675//3180 2568//3180 2676//3180
f 2676//3180 2568//3180 2567//3180
f 2755//3181 2756//3181 2568//3181
f 2568//3182 2756//3182 2757//3182
f 2568//3183 2757//3183 2569//3183
f 2758//3184 2759//3184 2760//3184
f 2760//3185 2759//3185 2571//3185
f 2760//3186 2571//3186 2761//3186
f 2761//3187 2571//3187 2569//3187
f 2761//3188 2569//3188 2762//3188
f 2762//3189 2569//3189 2757//3189
f 2763//3190 2764//3190 2765//3190
f 2763//3191 2765//3191 2766//3191
f 2765//3192 2767//3192 2766//3192
f 2766//3193 2767//3193 2768//3193
f 2766//3194 2768//3194 2769//3194
f 2655//3195 2654//3195 2770//3195
f 2770//3196 2654//3196 2769//3196
f 2770//3197 2769//3197 2771//3197
f 2771//3198 2769//3198 2768//3198
f 2769//3199 2654//3199 2687//3199
f 2653//3200 2772//3200 2684//3200
f 2684//3201 2772//3201 2773//3201
f 2684//3202 2773//3202 2774//3202
f 2775//3203 1060//3203 1067//3203
f 2774//3204 2775//3204 2684//3204
f 2684//3205 2775//3205 1067//3205
f 2684//3206 1067//3206 2685//3206
f 2685//3207 1067//3207 1065//3207
f 2685//3208 1065//3208 2686//3208
f 2686//3209 1065//3209 1063//3209
f 1063//3210 1051//3210 2776//3210
f 1063//3211 2776//3211 2686//3211
f 2686//3212 2776//3212 2763//3212
f 2686//3213 2763//3213 2687//3213
f 2687//3214 2763//3214 2766//3214
f 2687//3215 2766//3215 2769//3215
f 2650//3216 2777//3216 2651//3216
f 2651//3217 2777//3217 2772//3217
f 2651//3218 2772//3218 2653//3218
f 2777//3219 2778//3219 2772//3219
f 2772//3220 2778//3220 2779//3220
f 2772//3221 2779//3221 2773//3221
f 2773//3222 2779//3222 2780//3222
f 2781//3223 2774//3223 2782//3223
f 2782//3224 2774//3224 2773//3224
f 2782//3225 2773//3225 2783//3225
f 2783//3226 2773//3226 2780//3226
f 2784//3227 2785//3227 2786//3227
f 2784//3228 2786//3228 2787//3228
f 2786//3229 2788//3229 2787//3229
f 2787//3230 2788//3230 2789//3230
f 2787//3231 2789//3231 2790//3231
f 2646//3232 2645//3232 2791//3232
f 2791//3233 2645//3233 2790//3233
f 2791//3234 2790//3234 2792//3234
f 2792//3235 2790//3235 2789//3235
f 2790//3236 2645//3236 2683//3236
f 2644//3237 2793//3237 2679//3237
f 2679//3238 2793//3238 2794//3238
f 1085//3239 1084//3239 2795//3239
f 2795//3240 1084//3240 2679//3240
f 2795//3241 2679//3241 2796//3241
f 2796//3242 2679//3242 2794//3242
f 1118//3243 1088//3243 2797//3243
f 1084//3244 1118//3244 2679//3244
f 2679//3245 1118//3245 2797//3245
f 2679//3246 2797//3246 2682//3246
f 2682//3247 2797//3247 2784//3247
f 2682//3248 2784//3248 2683//3248
f 2683//3249 2784//3249 2787//3249
f 2683//3250 2787//3250 2790//3250
f 2671//3251 2798//3251 2672//3251
f 2672//3252 2798//3252 2793//3252
f 2672//3253 2793//3253 2673//3253
f 2673//3253 2793//3253 2644//3253
f 2798//3254 2799//3254 2793//3254
f 2793//3255 2799//3255 2800//3255
f 2793//3256 2800//3256 2794//3256
f 2794//3257 2800//3257 2801//3257
f 2802//3258 2796//3258 2803//3258
f 2803//3259 2796//3259 2794//3259
f 2803//3260 2794//3260 2804//3260
f 2804//3261 2794//3261 2801//3261
f 2706//1982 2805//1982 2806//1982
f 2807//1982 2697//1982 2808//1982
f 2808//1982 2697//1982 2700//1982
f 2808//1982 2700//1982 2809//1982
f 2809//1982 2700//1982 2702//1982
f 2809//1982 2702//1982 2806//1982
f 2806//1982 2702//1982 2704//1982
f 2806//1982 2704//1982 2706//1982
f 2810//1982 2691//1982 2811//1982
f 2811//1982 2691//1982 2693//1982
f 2811//1982 2693//1982 2807//1982
f 2807//1982 2693//1982 2695//1982
f 2807//1982 2695//1982 2697//1982
f 2812//1982 2533//1982 2810//1982
f 2810//1982 2533//1982 2536//1982
f 2810//1982 2536//1982 2691//1982
f 2521//1982 2813//1982 2522//1982
f 2522//1982 2813//1982 2805//1982
f 2522//1982 2805//1982 2515//1982
f 2515//1982 2805//1982 2706//1982
f 2814//1982 2527//1982 2815//1982
f 2815//1982 2527//1982 2529//1982
f 2815//1982 2529//1982 2812//1982
f 2812//1982 2529//1982 2531//1982
f 2812//1982 2531//1982 2533//1982
f 2521//1982 2519//1982 2813//1982
f 2813//1982 2519//1982 2518//1982
f 2813//1982 2518//1982 2816//1982
f 2816//1982 2518//1982 2523//1982
f 2816//1982 2523//1982 2814//1982
f 2814//1982 2523//1982 2525//1982
f 2814//1982 2525//1982 2527//1982
f 1139//3262 1141//3262 2737//3262
f 2737//3262 1141//3262 2817//3262
f 2737//3262 2817//3262 2724//3262
f 2724//3262 2817//3262 2818//3262
f 2724//3263 2818//3263 2725//3263
f 978//3264 977//3264 2819//3264
f 2819//3264 977//3264 2736//3264
f 2819//3264 2736//3264 2820//3264
f 2820//3264 2736//3264 2735//3264
f 2820//3264 2735//3264 2742//3264
f 2573//3265 2572//3265 2821//3265
f 2821//3266 2572//3266 2822//3266
f 992//3267 2580//3267 993//3267
f 993//3268 2580//3268 2574//3268
f 993//3269 2574//3269 2754//3269
f 2574//3270 2575//3270 2754//3270
f 2754//3269 2575//3269 2823//3269
f 2754//3269 2823//3269 2745//3269
f 2745//3269 2823//3269 2824//3269
f 2745//3269 2824//3269 2746//3269
f 2571//3271 2759//3271 2825//3271
f 2571//3271 2825//3271 2570//3271
f 2826//3272 1023//3272 2822//3272
f 2822//3273 1023//3273 1014//3273
f 2822//3274 1014//3274 2821//3274
f 2821//3271 1014//3271 2570//3271
f 2821//3271 2570//3271 2827//3271
f 2827//3271 2570//3271 2825//3271
f 1051//3275 1053//3275 2776//3275
f 2776//3275 1053//3275 2828//3275
f 2776//3275 2828//3275 2763//3275
f 2763//3275 2828//3275 2829//3275
f 2763//3275 2829//3275 2764//3275
f 1061//3276 1060//3276 2830//3276
f 2830//3276 1060//3276 2775//3276
f 2830//3276 2775//3276 2831//3276
f 2831//3276 2775//3276 2774//3276
f 2831//3276 2774//3276 2781//3276
f 1087//3277 2832//3277 1088//3277
f 1088//3278 2832//3278 2833//3278
f 1088//3279 2833//3279 2797//3279
f 2833//3280 2834//3280 2797//3280
f 2797//3279 2834//3279 2835//3279
f 2797//3279 2835//3279 2784//3279
f 2784//3279 2835//3279 2836//3279
f 2784//3279 2836//3279 2785//3279
f 2796//3281 2802//3281 2837//3281
f 2796//3281 2837//3281 2795//3281
f 2838//3282 1100//3282 2839//3282
f 2839//3283 1100//3283 1085//3283
f 2839//3284 1085//3284 2840//3284
f 2840//3281 1085//3281 2795//3281
f 2840//3281 2795//3281 2841//3281
f 2841//3281 2795//3281 2837//3281
f 2809//3285 2806//3285 2842//3285
f 2842//3286 2806//3286 2805//3286
f 2842//3287 2805//3287 2813//3287
f 2842//3288 2815//3288 2812//3288
f 2808//1982 2809//1982 2807//1982
f 2807//3289 2809//3289 2842//3289
f 2807//3290 2842//3290 2811//3290
f 2811//3291 2842//3291 2812//3291
f 2811//1982 2812//1982 2810//1982
f 2813//3292 2816//3292 2842//3292
f 2842//3293 2816//3293 2814//3293
f 2842//3294 2814//3294 2815//3294
f 2843//3295 2844//3295 2839//3295
f 2839//3296 2844//3296 2845//3296
f 2839//3297 2845//3297 2838//3297
f 2838//3298 2845//3298 2846//3298
f 2847//3299 2848//3299 2832//3299
f 2832//3300 2848//3300 2849//3300
f 2843//3301 2839//3301 2850//3301
f 2850//3302 2839//3302 2851//3302
f 2850//3303 2851//3303 2849//3303
f 2849//3304 2851//3304 2833//3304
f 2849//3305 2833//3305 2832//3305
f 2572//3306 2577//3306 2822//3306
f 2822//3307 2577//3307 2852//3307
f 2852//3308 2853//3308 2822//3308
f 2822//3309 2853//3309 2854//3309
f 2822//3310 2854//3310 2826//3310
f 2826//3311 2854//3311 2855//3311
f 2580//3312 992//3312 2578//3312
f 2578//3313 992//3313 1005//3313
f 1005//3314 1004//3314 2578//3314
f 2578//3315 1004//3315 1003//3315
f 2578//3316 1003//3316 2579//3316
f 2579//3317 1003//3317 1016//3317
f 2579//3318 1016//3318 2581//3318
f 2852//3319 1020//3319 2853//3319
f 2853//3320 1020//3320 1022//3320
f 1026//3321 2855//3321 1022//3321
f 1022//3322 2855//3322 2854//3322
f 1022//3323 2854//3323 2853//3323
f 1026//3324 1025//3324 2855//3324
f 2855//3325 1025//3325 1023//3325
f 2855//3326 1023//3326 2826//3326
f 2832//3327 1087//3327 2847//3327
f 2847//3328 1087//3328 1111//3328
f 1111//3329 1110//3329 2847//3329
f 2847//3330 1110//3330 1109//3330
f 2847//3331 1109//3331 2848//3331
f 2848//3332 1109//3332 1101//3332
f 2848//3333 1101//3333 2849//3333
f 2843//3334 1106//3334 2844//3334
f 2844//3335 1106//3335 1105//3335
f 1096//3336 2846//3336 1105//3336
f 1105//3337 2846//3337 2845//3337
f 1105//3338 2845//3338 2844//3338
f 1096//3339 1098//3339 2846//3339
f 2846//3340 1098//3340 1100//3340
f 2846//3341 1100//3341 2838//3341
f 2849//3342 1101//3342 2850//3342
f 2850//3343 1101//3343 1104//3343
f 2850//3344 1104//3344 2843//3344
f 2843//3345 1104//3345 1106//3345
f 1020//3346 2852//3346 1018//3346
f 1018//3347 2852//3347 2577//3347
f 1018//3348 2577//3348 2576//3348
f 2856//3349 2714//3349 2857//3349
f 2857//3350 2714//3350 2712//3350
f 2856//3351 2858//3351 2714//3351
f 2714//3352 2858//3352 2726//3352
f 2714//3353 2726//3353 2725//3353
f 2859//3354 2860//3354 2717//3354
f 2859//3355 2717//3355 2861//3355
f 2725//3356 2818//3356 2714//3356
f 2714//3357 2818//3357 2862//3357
f 2714//3358 2862//3358 2716//3358
f 2716//3359 2862//3359 2717//3359
f 2862//3360 2820//3360 2742//3360
f 2862//3361 2742//3361 2717//3361
f 2717//3362 2742//3362 2743//3362
f 2717//3363 2743//3363 2861//3363
f 2860//3364 2863//3364 2717//3364
f 2717//3365 2863//3365 2864//3365
f 2717//3366 2864//3366 2719//3366
f 2839//3367 2840//3367 2851//3367
f 2851//3368 2840//3368 2865//3368
f 2851//3369 2865//3369 2833//3369
f 2833//3370 2865//3370 2834//3370
f 2866//3371 2711//3371 2707//3371
f 2565//3372 2867//3372 2564//3372
f 2564//3373 2867//3373 2868//3373
f 2564//3374 2868//3374 2562//3374
f 2562//3375 2868//3375 2869//3375
f 2836//3376 2870//3376 2785//3376
f 2785//3377 2870//3377 2562//3377
f 2785//3378 2562//3378 2786//3378
f 2786//3379 2562//3379 2869//3379
f 2870//3380 2837//3380 2562//3380
f 2562//3381 2837//3381 2802//3381
f 2562//3382 2802//3382 2803//3382
f 2866//3383 2707//3383 2871//3383
f 2803//3384 2872//3384 2562//3384
f 2562//3385 2872//3385 2873//3385
f 2562//3386 2873//3386 2707//3386
f 2707//3387 2873//3387 2874//3387
f 2707//3388 2874//3388 2871//3388
f 2875//3389 2550//3389 2876//3389
f 2876//3390 2550//3390 2548//3390
f 2875//3391 2877//3391 2550//3391
f 2550//3392 2877//3392 2765//3392
f 2550//3393 2765//3393 2764//3393
f 2878//3394 2879//3394 2553//3394
f 2878//3395 2553//3395 2880//3395
f 2764//3396 2829//3396 2550//3396
f 2550//3397 2829//3397 2881//3397
f 2550//3398 2881//3398 2552//3398
f 2552//3399 2881//3399 2553//3399
f 2881//3400 2831//3400 2781//3400
f 2881//3401 2781//3401 2553//3401
f 2553//3402 2781//3402 2782//3402
f 2553//3403 2782//3403 2880//3403
f 2879//3404 2882//3404 2553//3404
f 2553//3405 2882//3405 2883//3405
f 2553//3406 2883//3406 2555//3406
f 2884//3407 2546//3407 2537//3407
f 2539//3408 2885//3408 2886//3408
f 2758//3409 2539//3409 2759//3409
f 2759//3410 2539//3410 2886//3410
f 2759//3411 2886//3411 2825//3411
f 2884//3412 2537//3412 2887//3412
f 2758//3413 2888//3413 2539//3413
f 2539//3414 2888//3414 2889//3414
f 2539//3415 2889//3415 2537//3415
f 2537//3416 2889//3416 2890//3416
f 2537//3417 2890//3417 2887//3417
f 2723//3418 2891//3418 2722//3418
f 2722//3419 2891//3419 2892//3419
f 2722//3420 2892//3420 2539//3420
f 2539//3421 2892//3421 2893//3421
f 2824//3422 2885//3422 2746//3422
f 2746//3423 2885//3423 2539//3423
f 2746//3424 2539//3424 2747//3424
f 2747//3425 2539//3425 2893//3425
f 2894//3426 1108//3426 2895//3426
f 2895//3427 1108//3427 1103//3427
f 2895//3428 1103//3428 1102//3428
f 2896//3429 2836//3429 2897//3429
f 2897//3430 2836//3430 2835//3430
f 2897//3431 2835//3431 2834//3431
f 2820//3432 2862//3432 2898//3432
f 2899//3433 2900//3433 2820//3433
f 2820//3434 2898//3434 2899//3434
f 2899//3435 2898//3435 2901//3435
f 2899//3436 2901//3436 2902//3436
f 2903//3437 2904//3437 2905//3437
f 2903//3438 2905//3438 2906//3438
f 2906//3439 2905//3439 2907//3439
f 2906//3440 2907//3440 2908//3440
f 2909//3441 2910//3441 2911//3441
f 2911//3442 2910//3442 2912//3442
f 2911//3443 2912//3443 2913//3443
f 2913//3444 2912//3444 2914//3444
f 2910//3445 2915//3445 2912//3445
f 2912//3446 2915//3446 2916//3446
f 2912//3447 2916//3447 2914//3447
f 2914//3448 2916//3448 2917//3448
f 2918//1370 2919//1370 2920//1370
f 2918//1370 2920//1370 2921//1370
f 2921//3449 2920//3449 2922//3449
f 2921//3449 2922//3449 2923//3449
f 2923//3450 2922//3450 2924//3450
f 2923//3450 2924//3450 2925//3450
f 2925//3451 2924//3451 2926//3451
f 2925//3451 2926//3451 2927//3451
f 2927//3452 2926//3452 2928//3452
f 2927//3452 2928//3452 2929//3452
f 2929//3453 2928//3453 2930//3453
f 2929//3453 2930//3453 2931//3453
f 2932//3454 2933//3454 2934//3454
f 2932//3454 2934//3454 2935//3454
f 2935//3455 2934//3455 2936//3455
f 2935//3455 2936//3455 2937//3455
f 2937//3456 2936//3456 2938//3456
f 2937//3456 2938//3456 2939//3456
f 2939//3457 2938//3457 2940//3457
f 2939//3457 2940//3457 2941//3457
f 2941//3458 2940//3458 2942//3458
f 2941//3458 2942//3458 2943//3458
f 2943//3459 2942//3459 2944//3459
f 2943//3459 2944//3459 2945//3459
f 2946//3460 1097//3460 2894//3460
f 2894//3461 1097//3461 1107//3461
f 2894//3462 1107//3462 1108//3462
f 2947//3463 2948//3463 2949//3463
f 2895//3463 1102//3463 2897//3463
f 2897//3463 1102//3463 1089//3463
f 2897//3463 1089//3463 2896//3463
f 2896//3463 1089//3463 2947//3463
f 2896//3464 2947//3464 2950//3464
f 2950//3465 2947//3465 2949//3465
f 2951//3466 1077//3466 1070//3466
f 2951//3467 1070//3467 2952//3467
f 2953//3468 2954//3468 2955//3468
f 2955//3469 2954//3469 1058//3469
f 2955//3470 1058//3470 2956//3470
f 2956//3471 2957//3471 2955//3471
f 2955//3472 2957//3472 2958//3472
f 2955//3473 2958//3473 2953//3473
f 2954//3474 2652//3474 1058//3474
f 1058//3475 2652//3475 2649//3475
f 1058//3476 2649//3476 2959//3476
f 2952//3477 1070//3477 2960//3477
f 2960//3478 1070//3478 1058//3478
f 2960//3479 1058//3479 2961//3479
f 2961//3480 1058//3480 2959//3480
f 2961//3481 2959//3481 2962//3481
f 2963//3482 2956//3482 2964//3482
f 2964//3483 2956//3483 2965//3483
f 1058//3482 1057//3482 2956//3482
f 2956//3482 1057//3482 2966//3482
f 2956//3484 2966//3484 2965//3484
f 2967//3485 2968//3485 2969//3485
f 1050//3485 1049//3485 2970//3485
f 2970//3485 1049//3485 2967//3485
f 2970//3485 2967//3485 2971//3485
f 2971//3486 2967//3486 2969//3486
f 2972//3487 2973//3487 1024//3487
f 1024//3488 2974//3488 2975//3488
f 2658//3489 1024//3489 2976//3489
f 2976//3490 1024//3490 2975//3490
f 2976//3491 2975//3491 2977//3491
f 2974//3492 2978//3492 2975//3492
f 2975//3493 2978//3493 2979//3493
f 2975//3494 2979//3494 2977//3494
f 2980//3495 2972//3495 2981//3495
f 2981//3496 2972//3496 1024//3496
f 2981//3497 1024//3497 2657//3497
f 2657//3498 1024//3498 2658//3498
f 2973//3499 2982//3499 1024//3499
f 1024//3500 2982//3500 2983//3500
f 1024//3501 2983//3501 2984//3501
f 2984//3502 2985//3502 1024//3502
f 1024//3503 2985//3503 2986//3503
f 1024//3504 2986//3504 1029//3504
f 1029//3505 2986//3505 2987//3505
f 1029//3506 2987//3506 1047//3506
f 1047//3507 2987//3507 1031//3507
f 2988//3508 2974//3508 2989//3508
f 2989//3508 2974//3508 2990//3508
f 1021//3508 2991//3508 1024//3508
f 1024//3508 2991//3508 2992//3508
f 1024//3508 2992//3508 2974//3508
f 2974//3508 2992//3508 2993//3508
f 2974//3509 2993//3509 2990//3509
f 1017//3510 1002//3510 2994//3510
f 1017//3511 2994//3511 1019//3511
f 2994//3512 2995//3512 1019//3512
f 1019//3513 2995//3513 2991//3513
f 1019//3514 2991//3514 1021//3514
f 2996//3515 2997//3515 2998//3515
f 2994//3515 1002//3515 2999//3515
f 2999//3515 1002//3515 994//3515
f 2999//3515 994//3515 3000//3515
f 3000//3515 994//3515 2996//3515
f 3000//3516 2996//3516 3001//3516
f 3001//3517 2996//3517 2998//3517
f 3002//3518 985//3518 995//3518
f 3002//3519 995//3519 3003//3519
f 3004//3520 3005//3520 3006//3520
f 3006//3521 3005//3521 975//3521
f 3006//3522 975//3522 3007//3522
f 3007//3523 3008//3523 3006//3523
f 3006//3524 3008//3524 3009//3524
f 3006//3525 3009//3525 3004//3525
f 3005//3526 2666//3526 975//3526
f 975//3527 2666//3527 2662//3527
f 975//3528 2662//3528 3010//3528
f 3003//3529 995//3529 3011//3529
f 3011//3530 995//3530 975//3530
f 3011//3531 975//3531 3012//3531
f 3012//3532 975//3532 3010//3532
f 3012//3533 3010//3533 3013//3533
f 3014//3534 3007//3534 2902//3534
f 2902//3535 3007//3535 2899//3535
f 975//3534 974//3534 3007//3534
f 3007//3534 974//3534 2900//3534
f 3007//3536 2900//3536 2899//3536
f 3015//3537 3016//3537 3017//3537
f 1138//3537 1137//3537 3018//3537
f 3018//3537 1137//3537 3015//3537
f 3018//3538 3015//3538 3019//3538
f 3019//3539 3015//3539 3017//3539
f 3020//3540 3021//3540 1099//3540
f 1099//3541 3022//3541 3023//3541
f 2643//3542 1099//3542 3024//3542
f 3024//3543 1099//3543 3023//3543
f 3024//3544 3023//3544 3025//3544
f 3022//3545 3026//3545 3023//3545
f 3023//3546 3026//3546 3027//3546
f 3023//3547 3027//3547 3025//3547
f 3028//3548 3020//3548 3029//3548
f 3029//3549 3020//3549 1099//3549
f 3029//3550 1099//3550 2637//3550
f 2637//3551 1099//3551 2643//3551
f 3021//3552 3030//3552 1099//3552
f 1099//3553 3030//3553 3031//3553
f 1099//3554 3031//3554 3032//3554
f 3032//3555 3033//3555 1099//3555
f 1099//3556 3033//3556 3034//3556
f 1099//3557 3034//3557 1114//3557
f 1114//3558 3034//3558 3035//3558
f 1114//3559 3035//3559 1135//3559
f 1135//3560 3035//3560 1120//3560
f 3036//3561 3022//3561 3037//3561
f 3037//3562 3022//3562 3038//3562
f 1097//3561 2946//3561 1099//3561
f 1099//3561 2946//3561 3039//3561
f 1099//3561 3039//3561 3022//3561
f 3022//3561 3039//3561 3040//3561
f 3022//3563 3040//3563 3038//3563
f 3039//1982 2946//1982 2840//1982
f 2840//1982 2946//1982 2894//1982
f 2840//1982 2894//1982 2865//1982
f 2865//1982 2894//1982 2834//1982
f 2834//1982 2894//1982 2895//1982
f 2834//1982 2895//1982 2897//1982
f 2952//3564 3041//3564 3042//3564
f 2952//3565 3042//3565 2951//3565
f 2951//3566 3042//3566 1076//3566
f 2951//3567 1076//3567 1077//3567
f 3043//3568 3044//3568 3045//3568
f 3045//3569 3044//3569 3046//3569
f 3047//3570 3048//3570 3049//3570
f 3047//3571 3049//3571 3050//3571
f 3046//3572 3051//3572 3045//3572
f 3045//3573 3051//3573 3050//3573
f 3045//3574 3050//3574 3052//3574
f 3052//3575 3050//3575 3049//3575
f 3048//1983 3047//1983 3053//1983
f 3053//1983 3047//1983 3054//1983
f 3053//1983 3054//1983 1055//1983
f 1055//1983 3054//1983 1056//1983
f 1039//3576 1045//3576 3055//3576
f 1039//3577 3055//3577 3056//3577
f 3056//3578 3055//3578 3057//3578
f 3056//3579 3057//3579 3058//3579
f 1032//1983 1031//1983 3059//1983
f 3059//1983 1031//1983 2987//1983
f 3059//1983 2987//1983 3060//1983
f 3060//1983 2987//1983 2986//1983
f 2982//3580 3061//3580 2983//3580
f 2983//3581 3061//3581 3062//3581
f 2983//3582 3062//3582 3063//3582
f 3060//3583 2986//3583 3064//3583
f 3064//3584 2986//3584 2985//3584
f 3064//3585 2985//3585 3063//3585
f 3063//3586 2985//3586 2984//3586
f 3063//3587 2984//3587 2983//3587
f 2992//1982 2991//1982 2821//1982
f 2821//1982 2991//1982 2995//1982
f 2821//1982 2995//1982 2573//1982
f 2573//1982 2995//1982 2575//1982
f 2575//1982 2995//1982 2994//1982
f 2575//1982 2994//1982 2999//1982
f 3002//3588 3003//3588 3065//3588
f 3065//3589 3066//3589 3002//3589
f 3002//3590 3066//3590 979//3590
f 3002//3591 979//3591 985//3591
f 3067//3592 3068//3592 3069//3592
f 3069//3593 3068//3593 3070//3593
f 3071//3594 3072//3594 3073//3594
f 3073//3595 3072//3595 3074//3595
f 3070//3596 3075//3596 3069//3596
f 3069//3597 3075//3597 3073//3597
f 3069//3598 3073//3598 3076//3598
f 3076//3599 3073//3599 3074//3599
f 3072//1983 3071//1983 3077//1983
f 3077//1983 3071//1983 3078//1983
f 3077//1983 3078//1983 972//1983
f 972//1983 3078//1983 973//1983
f 3032//3600 3079//3600 3033//3600
f 3033//3601 3079//3601 3080//3601
f 3033//3602 3080//3602 3034//3602
f 3081//3603 3031//3603 3082//3603
f 3082//3604 3031//3604 3030//3604
f 3081//3605 3083//3605 3031//3605
f 3031//3606 3083//3606 3084//3606
f 3031//3607 3084//3607 3032//3607
f 3032//3608 3084//3608 3085//3608
f 3032//3609 3085//3609 3079//3609
f 3086//3610 3087//3610 3088//3610
f 3088//3611 3087//3611 3089//3611
f 3088//3612 3089//3612 3090//3612
f 3090//3613 3089//3613 1128//3613
f 3090//3614 1128//3614 1133//3614
f 3034//1983 3080//1983 3035//1983
f 3035//3615 3080//3615 3091//3615
f 1121//3616 1120//3616 3092//3616
f 3092//1983 1120//1983 3035//1983
f 3092//1983 3035//1983 3093//1983
f 3093//1983 3035//1983 3091//1983
f 2837//3617 3040//3617 2841//3617
f 2841//3618 3040//3618 3039//3618
f 2841//3619 3039//3619 2840//3619
f 2961//3620 3094//3620 2960//3620
f 2960//3621 3094//3621 3041//3621
f 2960//3620 3041//3620 2952//3620
f 3095//3622 1073//3622 3096//3622
f 3096//3623 1073//3623 1072//3623
f 3096//3624 1072//3624 3097//3624
f 3097//3625 1072//3625 1071//3625
f 3097//3626 1071//3626 3098//3626
f 3098//3627 1071//3627 1075//3627
f 3098//3628 1075//3628 3099//3628
f 3099//3629 1075//3629 3100//3629
f 3100//3630 3101//3630 3102//3630
f 3102//3631 3101//3631 3041//3631
f 3103//3632 3041//3632 3101//3632
f 1074//3633 1076//3633 3042//3633
f 3100//3634 1075//3634 3101//3634
f 3101//3635 1075//3635 1074//3635
f 3101//3636 1074//3636 3103//3636
f 3103//3637 1074//3637 3042//3637
f 3103//3638 3042//3638 3041//3638
f 3044//3639 3043//3639 3104//3639
f 3104//3639 3043//3639 3105//3639
f 3104//3639 3105//3639 3106//3639
f 3107//3640 3108//3640 3109//3640
f 3107//3641 3109//3641 3110//3641
f 3049//3642 3048//3642 3111//3642
f 3111//3643 3048//3643 3112//3643
f 3111//3644 3112//3644 3110//3644
f 3110//3645 3112//3645 3113//3645
f 3110//3646 3113//3646 3107//3646
f 3049//3647 3111//3647 3052//3647
f 3052//3648 3111//3648 3114//3648
f 3052//3649 3114//3649 3045//3649
f 3109//3650 3115//3650 3110//3650
f 3110//3651 3115//3651 3116//3651
f 3110//3652 3116//3652 3111//3652
f 3111//3653 3116//3653 3117//3653
f 3111//3654 3117//3654 3114//3654
f 3114//3655 3117//3655 3118//3655
f 3114//3656 3118//3656 3045//3656
f 3045//3657 3118//3657 3043//3657
f 3112//3658 3048//3658 3053//3658
f 1078//3659 1080//3659 3119//3659
f 3119//3660 1080//3660 1079//3660
f 3112//3661 3053//3661 3113//3661
f 1055//3662 1078//3662 3053//3662
f 3053//3663 1078//3663 3119//3663
f 3053//3664 3119//3664 3113//3664
f 3113//3665 3119//3665 3120//3665
f 3113//3665 3120//3665 3107//3665
f 3121//3666 3108//3666 3107//3666
f 3107//3667 3120//3667 3121//3667
f 3121//3668 3120//3668 1073//3668
f 3121//3669 1073//3669 3095//3669
f 1081//3670 1073//3670 3120//3670
f 1081//3671 3120//3671 1082//3671
f 1082//3672 3120//3672 3119//3672
f 1082//3673 3119//3673 1083//3673
f 1083//3674 3119//3674 1079//3674
f 2966//3675 1057//3675 2831//3675
f 2831//3676 1057//3676 1059//3676
f 2831//3677 1059//3677 2830//3677
f 2830//3678 1059//3678 1061//3678
f 3058//3679 3057//3679 3122//3679
f 3122//3679 3057//3679 3123//3679
f 3122//3680 3123//3680 3124//3680
f 1043//3681 1042//3681 3125//3681
f 3125//3682 3126//3682 3127//3682
f 3127//3683 3126//3683 3057//3683
f 3127//3684 3057//3684 3055//3684
f 1042//3685 3128//3685 3125//3685
f 3125//3686 3128//3686 3129//3686
f 3125//3687 3129//3687 3126//3687
f 1040//3688 3130//3688 1041//3688
f 1041//3689 3130//3689 3131//3689
f 1041//3690 3131//3690 1042//3690
f 1042//3691 3131//3691 3132//3691
f 1042//3692 3132//3692 3128//3692
f 3055//3693 1045//3693 3127//3693
f 3127//3694 1045//3694 1046//3694
f 3127//3695 1046//3695 3125//3695
f 3125//3696 1046//3696 1044//3696
f 3125//3697 1044//3697 1043//3697
f 1034//3698 1032//3698 3059//3698
f 3133//3699 3130//3699 1040//3699
f 3134//3700 3135//3700 3133//3700
f 3136//3701 3137//3701 3138//3701
f 3138//3702 3137//3702 3134//3702
f 3138//3702 3134//3702 3139//3702
f 3139//3700 3134//3700 3133//3700
f 1036//3703 1035//3703 3138//3703
f 3133//3704 1040//3704 3139//3704
f 3139//3705 1040//3705 1038//3705
f 3139//3706 1038//3706 3138//3706
f 3138//3707 1038//3707 1037//3707
f 3138//3708 1037//3708 1036//3708
f 1035//3709 1034//3709 3138//3709
f 3138//3710 1034//3710 3059//3710
f 3138//3711 3059//3711 3136//3711
f 3136//3712 3059//3712 3060//3712
f 2972//3713 3140//3713 2973//3713
f 2973//3713 3140//3713 3061//3713
f 2973//3713 3061//3713 2982//3713
f 3134//3714 3137//3714 3141//3714
f 3141//3715 3137//3715 3136//3715
f 3141//3716 3136//3716 3142//3716
f 3143//3717 3144//3717 3145//3717
f 3145//3718 3144//3718 3146//3718
f 3145//3719 3146//3719 3142//3719
f 3142//3720 3146//3720 3147//3720
f 3142//3721 3147//3721 3141//3721
f 3141//3722 3147//3722 3148//3722
f 3141//3723 3148//3723 3134//3723
f 3134//3724 3148//3724 3135//3724
f 3061//3725 3143//3725 3062//3725
f 3062//3726 3143//3726 3145//3726
f 3062//3727 3145//3727 3063//3727
f 3063//3728 3145//3728 3142//3728
f 3063//3729 3142//3729 3064//3729
f 3064//3730 3142//3730 3136//3730
f 3064//3731 3136//3731 3060//3731
f 3000//3732 2824//3732 2999//3732
f 2999//3733 2824//3733 2823//3733
f 2999//3734 2823//3734 2575//3734
f 3012//3735 3149//3735 3011//3735
f 3011//3735 3149//3735 3065//3735
f 3011//3735 3065//3735 3003//3735
f 982//3736 3150//3736 984//3736
f 3151//3737 3152//3737 983//3737
f 3151//3738 983//3738 984//3738
f 3151//3739 984//3739 3153//3739
f 3153//3740 984//3740 3150//3740
f 3153//3741 3150//3741 3154//3741
f 3154//3742 3150//3742 982//3742
f 3154//3743 982//3743 3155//3743
f 3155//3744 982//3744 980//3744
f 3156//3745 3157//3745 3158//3745
f 3158//3746 3157//3746 3066//3746
f 3158//3747 3066//3747 3065//3747
f 3156//3748 3155//3748 3157//3748
f 3157//3749 3155//3749 980//3749
f 3157//3750 980//3750 3066//3750
f 3066//3751 980//3751 979//3751
f 3068//3752 3067//3752 3159//3752
f 3159//3752 3067//3752 3160//3752
f 3159//3753 3160//3753 3161//3753
f 3074//3754 3072//3754 3162//3754
f 3163//3755 3164//3755 3165//3755
f 3166//3756 3167//3756 3165//3756
f 3165//3757 3167//3757 3168//3757
f 3165//3758 3168//3758 3163//3758
f 3069//3759 3076//3759 3169//3759
f 3169//3760 3076//3760 3074//3760
f 3169//3761 3074//3761 3166//3761
f 3166//3762 3074//3762 3162//3762
f 3166//3763 3162//3763 3167//3763
f 3165//3764 3170//3764 3166//3764
f 3166//3765 3170//3765 3171//3765
f 3166//3766 3171//3766 3169//3766
f 3169//3767 3171//3767 3172//3767
f 3169//3768 3172//3768 3069//3768
f 3069//3769 3172//3769 3173//3769
f 3069//3770 3173//3770 3067//3770
f 3164//3771 3174//3771 3165//3771
f 3165//3772 3174//3772 3175//3772
f 3165//3773 3175//3773 3170//3773
f 3162//3774 3072//3774 3077//3774
f 986//3775 988//3775 3176//3775
f 3176//3776 988//3776 987//3776
f 3162//3777 3077//3777 3167//3777
f 972//3778 986//3778 3077//3778
f 3077//3779 986//3779 3176//3779
f 3077//3780 3176//3780 3167//3780
f 3167//3781 3176//3781 3177//3781
f 3167//3782 3177//3782 3168//3782
f 3178//3783 3163//3783 3168//3783
f 3168//3783 3177//3783 3178//3783
f 3178//3784 3177//3784 983//3784
f 3178//3785 983//3785 3152//3785
f 989//3786 983//3786 3177//3786
f 989//3787 3177//3787 990//3787
f 990//3788 3177//3788 3176//3788
f 990//3789 3176//3789 991//3789
f 991//3790 3176//3790 987//3790
f 2817//3791 1141//3791 1140//3791
f 1138//3792 3018//3792 1140//3792
f 1140//3793 3018//3793 2818//3793
f 1140//3794 2818//3794 2817//3794
f 3020//3795 3179//3795 3021//3795
f 3021//3796 3179//3796 3082//3796
f 3021//3796 3082//3796 3030//3796
f 3180//3797 3181//3797 3182//3797
f 3183//3798 3184//3798 3185//3798
f 3185//3799 3184//3799 3186//3799
f 3187//3800 3188//3800 3189//3800
f 3189//3801 3188//3801 3190//3801
f 3189//3802 3190//3802 3191//3802
f 3191//3803 3190//3803 3192//3803
f 3191//3804 3192//3804 3186//3804
f 3186//3805 3192//3805 3193//3805
f 3186//3806 3193//3806 3185//3806
f 3082//3807 3180//3807 3081//3807
f 3081//3808 3180//3808 3182//3808
f 3081//3809 3182//3809 3083//3809
f 3083//3810 3182//3810 3084//3810
f 3181//3811 3187//3811 3182//3811
f 3182//3812 3187//3812 3189//3812
f 3182//3813 3189//3813 3084//3813
f 3084//3814 3189//3814 3191//3814
f 3084//3815 3191//3815 3085//3815
f 3085//3816 3191//3816 3079//3816
f 3080//3817 3079//3817 3194//3817
f 3194//3818 3079//3818 3191//3818
f 3194//3819 3191//3819 3195//3819
f 3195//3820 3191//3820 3186//3820
f 3195//3821 3186//3821 3196//3821
f 3196//3822 3186//3822 3184//3822
f 3087//3823 3086//3823 3197//3823
f 3197//3823 3086//3823 3198//3823
f 3197//3824 3198//3824 3199//3824
f 3200//3825 1134//3825 3201//3825
f 3201//3826 1134//3826 1132//3826
f 3201//3827 1132//3827 3202//3827
f 1133//3828 1134//3828 3090//3828
f 3090//3829 1134//3829 3200//3829
f 3090//3830 3200//3830 3088//3830
f 3088//3831 3200//3831 3203//3831
f 3088//3832 3203//3832 3086//3832
f 3202//3833 1132//3833 3204//3833
f 3204//3834 1132//3834 1131//3834
f 3204//3835 1131//3835 3205//3835
f 3205//3836 1131//3836 1130//3836
f 3205//3837 1130//3837 3206//3837
f 3206//3838 1130//3838 3207//3838
f 3207//3839 1130//3839 1129//3839
f 3207//3840 1129//3840 3208//3840
f 3038//3841 3040//3841 2837//3841
f 3037//3842 3038//3842 3209//3842
f 3209//3843 3038//3843 3210//3843
f 3209//3844 3210//3844 2949//3844
f 2949//3845 3210//3845 2950//3845
f 3038//3846 2837//3846 3210//3846
f 3210//3847 2837//3847 2870//3847
f 3210//3848 2870//3848 2950//3848
f 2950//3849 2870//3849 2836//3849
f 2950//3850 2836//3850 2896//3850
f 3102//3851 3041//3851 3094//3851
f 3211//3852 3212//3852 3213//3852
f 3213//3853 3212//3853 3214//3853
f 3213//3854 3214//3854 3215//3854
f 3215//3855 3214//3855 3216//3855
f 3215//3856 3216//3856 3217//3856
f 3094//3857 3218//3857 3211//3857
f 3211//3858 3218//3858 3219//3858
f 3211//3859 3219//3859 3212//3859
f 3102//3860 3094//3860 3100//3860
f 3100//3861 3094//3861 3211//3861
f 3100//3862 3211//3862 3099//3862
f 3099//3863 3211//3863 3213//3863
f 3099//3864 3213//3864 3098//3864
f 3098//3865 3213//3865 3097//3865
f 3097//3866 3213//3866 3215//3866
f 3097//3867 3215//3867 3096//3867
f 3096//3868 3215//3868 3217//3868
f 3096//3869 3217//3869 3095//3869
f 2556//3870 3220//3870 3221//3870
f 2649//3871 2648//3871 2959//3871
f 2959//3871 2648//3871 2556//3871
f 2556//3872 3221//3872 2959//3872
f 2959//3873 3221//3873 3222//3873
f 2959//3874 3222//3874 2962//3874
f 3094//3875 2961//3875 3223//3875
f 3223//3876 2961//3876 2962//3876
f 3223//3877 2962//3877 3224//3877
f 3224//3878 2962//3878 3222//3878
f 3225//3879 3226//3879 3227//3879
f 3228//3880 3229//3880 3230//3880
f 3230//3881 3229//3881 3231//3881
f 3230//3882 3231//3882 3232//3882
f 3232//3883 3231//3883 3233//3883
f 3232//3884 3233//3884 3105//3884
f 3226//3885 3115//3885 3227//3885
f 3227//3886 3115//3886 3109//3886
f 3227//3887 3109//3887 3108//3887
f 3225//3888 3228//3888 3226//3888
f 3226//3889 3228//3889 3230//3889
f 3226//3890 3230//3890 3115//3890
f 3115//3891 3230//3891 3116//3891
f 3116//3892 3230//3892 3117//3892
f 3117//3893 3230//3893 3232//3893
f 3117//3894 3232//3894 3118//3894
f 3118//3895 3232//3895 3105//3895
f 3118//3896 3105//3896 3043//3896
f 2561//3897 2638//3897 3234//3897
f 3106//3898 3105//3898 3235//3898
f 3235//3899 3105//3899 3236//3899
f 3235//3900 3236//3900 3237//3900
f 3237//3901 3236//3901 3234//3901
f 3236//3902 3238//3902 3234//3902
f 3234//3903 3238//3903 3239//3903
f 3234//3904 3239//3904 2561//3904
f 2561//3905 3239//3905 3240//3905
f 3095//3906 3217//3906 3121//3906
f 3121//3907 3217//3907 3241//3907
f 3121//3908 3241//3908 3108//3908
f 3108//3909 3241//3909 3227//3909
f 2829//3910 2970//3910 2971//3910
f 3242//3911 2971//3911 2969//3911
f 2829//3912 2971//3912 2881//3912
f 2881//3913 2971//3913 3242//3913
f 2881//3914 3242//3914 2831//3914
f 2831//3915 3242//3915 2965//3915
f 2831//3916 2965//3916 2966//3916
f 2969//3917 3243//3917 3242//3917
f 3242//3918 3243//3918 3244//3918
f 3242//3919 3244//3919 2965//3919
f 2965//3920 3244//3920 2964//3920
f 3131//3921 3130//3921 3245//3921
f 3246//3922 3247//3922 3248//3922
f 3248//3923 3247//3923 3249//3923
f 3248//3924 3249//3924 3123//3924
f 3245//3925 3250//3925 3251//3925
f 3251//3926 3250//3926 3252//3926
f 3251//3927 3252//3927 3246//3927
f 3246//3928 3252//3928 3253//3928
f 3246//3929 3253//3929 3247//3929
f 3131//3930 3245//3930 3132//3930
f 3132//3931 3245//3931 3251//3931
f 3132//3932 3251//3932 3128//3932
f 3128//3933 3251//3933 3246//3933
f 3128//3934 3246//3934 3129//3934
f 3129//3935 3246//3935 3248//3935
f 3129//3936 3248//3936 3126//3936
f 3126//3937 3248//3937 3123//3937
f 3126//3938 3123//3938 3057//3938
f 2547//3939 2639//3939 3254//3939
f 3124//3940 3123//3940 3255//3940
f 3255//3941 3123//3941 3256//3941
f 3255//3942 3256//3942 3257//3942
f 3257//3943 3256//3943 3254//3943
f 3256//3944 3258//3944 3254//3944
f 3254//3945 3258//3945 3259//3945
f 3254//3946 3259//3946 2547//3946
f 2547//3947 3259//3947 3260//3947
f 3135//3948 3261//3948 3133//3948
f 3133//3949 3261//3949 3262//3949
f 3133//3950 3262//3950 3130//3950
f 3130//3951 3262//3951 3245//3951
f 3143//3952 3061//3952 3140//3952
f 3263//3953 3264//3953 3265//3953
f 3266//3954 3261//3954 3267//3954
f 3266//3955 3267//3955 3268//3955
f 3268//3956 3267//3956 3269//3956
f 3268//3957 3269//3957 3270//3957
f 3263//3958 3265//3958 3140//3958
f 3140//3959 3265//3959 3144//3959
f 3140//3960 3144//3960 3143//3960
f 3264//3961 3270//3961 3265//3961
f 3265//3962 3270//3962 3269//3962
f 3265//3963 3269//3963 3144//3963
f 3144//3964 3269//3964 3146//3964
f 3146//3965 3269//3965 3147//3965
f 3147//3966 3269//3966 3267//3966
f 3147//3967 3267//3967 3148//3967
f 3148//3968 3267//3968 3261//3968
f 3148//3969 3261//3969 3135//3969
f 2545//3970 3271//3970 3272//3970
f 2981//3971 2657//3971 2545//3971
f 2545//3972 3272//3972 2981//3972
f 2981//3973 3272//3973 3273//3973
f 2981//3974 3273//3974 2980//3974
f 3140//3975 2972//3975 3274//3975
f 3274//3976 2972//3976 2980//3976
f 3274//3977 2980//3977 3275//3977
f 3275//3978 2980//3978 3273//3978
f 2990//3979 2993//3979 2825//3979
f 2990//3980 2825//3980 3276//3980
f 2989//3981 2990//3981 3277//3981
f 3277//3982 2990//3982 3276//3982
f 3277//3983 3276//3983 2998//3983
f 2998//3984 3276//3984 3001//3984
f 2825//3985 2886//3985 3276//3985
f 3276//3986 2886//3986 2885//3986
f 3276//3987 2885//3987 3001//3987
f 3001//3988 2885//3988 2824//3988
f 3001//3989 2824//3989 3000//3989
f 3158//3990 3065//3990 3149//3990
f 3278//3991 3279//3991 3280//3991
f 3280//3992 3279//3992 3281//3992
f 3280//3993 3281//3993 3282//3993
f 3282//3994 3281//3994 3283//3994
f 3282//3995 3283//3995 3284//3995
f 3149//3996 3285//3996 3278//3996
f 3278//3997 3285//3997 3286//3997
f 3278//3998 3286//3998 3279//3998
f 3158//3999 3149//3999 3156//3999
f 3156//4000 3149//4000 3278//4000
f 3156//4001 3278//4001 3155//4001
f 3155//4002 3278//4002 3280//4002
f 3155//4003 3280//4003 3154//4003
f 3154//4004 3280//4004 3282//4004
f 3154//4005 3282//4005 3153//4005
f 3284//4006 3152//4006 3282//4006
f 3282//4007 3152//4007 3151//4007
f 3282//4008 3151//4008 3153//4008
f 2659//4009 3287//4009 3288//4009
f 2659//4010 3010//4010 2660//4010
f 2660//4010 3010//4010 2662//4010
f 2659//4011 3288//4011 3010//4011
f 3010//4012 3288//4012 3289//4012
f 3010//4013 3289//4013 3013//4013
f 3149//4014 3012//4014 3290//4014
f 3290//4015 3012//4015 3013//4015
f 3290//4016 3013//4016 3291//4016
f 3291//4017 3013//4017 3289//4017
f 3164//4018 3163//4018 3292//4018
f 3293//4019 3294//4019 3295//4019
f 3295//4020 3294//4020 3296//4020
f 3295//4021 3296//4021 3160//4021
f 3292//4022 3297//4022 3298//4022
f 3298//4023 3297//4023 3299//4023
f 3298//4024 3299//4024 3293//4024
f 3293//4025 3299//4025 3300//4025
f 3293//4026 3300//4026 3294//4026
f 3164//4027 3292//4027 3174//4027
f 3174//4028 3292//4028 3298//4028
f 3174//4029 3298//4029 3175//4029
f 3175//4030 3298//4030 3293//4030
f 3175//4031 3293//4031 3170//4031
f 3170//4032 3293//4032 3171//4032
f 3171//4033 3293//4033 3295//4033
f 3171//4034 3295//4034 3172//4034
f 3172//4035 3295//4035 3173//4035
f 3173//4036 3295//4036 3160//4036
f 3173//4037 3160//4037 3067//4037
f 2681//4038 2632//4038 3301//4038
f 3161//4039 3160//4039 3302//4039
f 3302//4040 3160//4040 3303//4040
f 3302//4041 3303//4041 3304//4041
f 3304//4042 3303//4042 3301//4042
f 3303//4043 3305//4043 3301//4043
f 3301//4044 3305//4044 3306//4044
f 3301//4045 3306//4045 2681//4045
f 2681//4046 3306//4046 3307//4046
f 3152//4047 3284//4047 3178//4047
f 3178//4048 3284//4048 3308//4048
f 3178//4049 3308//4049 3163//4049
f 3163//4050 3308//4050 3292//4050
f 2818//4051 3018//4051 3019//4051
f 3017//4052 2901//4052 2898//4052
f 3017//4053 2898//4053 3019//4053
f 3019//4054 2898//4054 2862//4054
f 3019//4055 2862//4055 2818//4055
f 3309//4056 3310//4056 3183//4056
f 3180//4057 3082//4057 3179//4057
f 3311//4058 3312//4058 3179//4058
f 3310//4059 3309//4059 3313//4059
f 3313//4060 3309//4060 3314//4060
f 3314//4061 3309//4061 3315//4061
f 3314//4062 3315//4062 3316//4062
f 3312//4063 3311//4063 3315//4063
f 3315//4064 3311//4064 3317//4064
f 3315//4065 3317//4065 3316//4065
f 3180//4066 3179//4066 3181//4066
f 3181//4067 3179//4067 3187//4067
f 3187//4068 3179//4068 3312//4068
f 3187//4069 3312//4069 3188//4069
f 3188//4070 3312//4070 3315//4070
f 3188//4071 3315//4071 3190//4071
f 3183//4072 3185//4072 3309//4072
f 3309//4073 3185//4073 3193//4073
f 3309//4074 3193//4074 3315//4074
f 3315//4075 3193//4075 3192//4075
f 3315//4076 3192//4076 3190//4076
f 2636//4077 3318//4077 3319//4077
f 3029//4078 2637//4078 2636//4078
f 2636//4079 3319//4079 3029//4079
f 3029//4080 3319//4080 3320//4080
f 3029//4081 3320//4081 3028//4081
f 3179//4082 3020//4082 3321//4082
f 3321//4083 3020//4083 3028//4083
f 3321//4084 3028//4084 3322//4084
f 3322//4085 3028//4085 3320//4085
f 3207//4086 3208//4086 3323//4086
f 3324//4087 3325//4087 3326//4087
f 3198//4088 3327//4088 3328//4088
f 3328//4089 3327//4089 3329//4089
f 3323//4090 3330//4090 3331//4090
f 3331//4091 3330//4091 3324//4091
f 3207//4092 3323//4092 3206//4092
f 3206//4093 3323//4093 3331//4093
f 3206//4094 3331//4094 3205//4094
f 3324//4095 3326//4095 3331//4095
f 3331//4096 3326//4096 3204//4096
f 3331//4097 3204//4097 3205//4097
f 3203//4098 3200//4098 3326//4098
f 3200//4099 3201//4099 3326//4099
f 3326//4100 3201//4100 3202//4100
f 3326//4101 3202//4101 3204//4101
f 3325//4102 3329//4102 3326//4102
f 3326//4103 3329//4103 3327//4103
f 3326//4104 3327//4104 3203//4104
f 3203//4105 3327//4105 3198//4105
f 3203//4106 3198//4106 3086//4106
f 2642//4107 2641//4107 3332//4107
f 3199//4108 3198//4108 3333//4108
f 3333//4109 3198//4109 3334//4109
f 3333//4110 3334//4110 3335//4110
f 3335//4111 3334//4111 3332//4111
f 3334//4112 3336//4112 3332//4112
f 3332//4113 3336//4113 3337//4113
f 3332//4114 3337//4114 2642//4114
f 2642//4115 3337//4115 3338//4115
f 3036//4116 3037//4116 3209//4116
f 2949//4117 2948//4117 3209//4117
f 3209//4118 2948//4118 3339//4118
f 3209//4119 3339//4119 2907//4119
f 2907//4120 3339//4120 3340//4120
f 3340//4121 3341//4121 2907//4121
f 2907//4122 3341//4122 3342//4122
f 2907//4123 3342//4123 2908//4123
f 3343//4124 3344//4124 2907//4124
f 2907//4125 3344//4125 3345//4125
f 2907//4126 3345//4126 3209//4126
f 3209//4127 3345//4127 3346//4127
f 3209//4128 3346//4128 3036//4128
f 3219//4129 3218//4129 3347//4129
f 3216//4130 3214//4130 3348//4130
f 3217//4131 3216//4131 3349//4131
f 3349//4132 3216//4132 3348//4132
f 3349//4133 3348//4133 3350//4133
f 3350//4134 3348//4134 3351//4134
f 3350//4135 3351//4135 3352//4135
f 3221//4136 3220//4136 3353//4136
f 3353//4137 3354//4137 3355//4137
f 3355//4138 3354//4138 3356//4138
f 3355//4139 3356//4139 3357//4139
f 3353//4140 3355//4140 3221//4140
f 3221//4141 3355//4141 3358//4141
f 3221//4142 3358//4142 3222//4142
f 3222//4143 3358//4143 3224//4143
f 3224//4144 3358//4144 3347//4144
f 3224//4145 3347//4145 3223//4145
f 3223//4146 3347//4146 3218//4146
f 3223//4147 3218//4147 3094//4147
f 3359//4148 3351//4148 3360//4148
f 3360//4149 3351//4149 3348//4149
f 3360//4150 3348//4150 3212//4150
f 3212//4151 3348//4151 3214//4151
f 3361//4152 3352//4152 3357//4152
f 3357//4153 3352//4153 3351//4153
f 3357//4154 3351//4154 3355//4154
f 3355//4155 3351//4155 3359//4155
f 3355//4156 3359//4156 3358//4156
f 3358//4157 3359//4157 3360//4157
f 3358//4158 3360//4158 3347//4158
f 3347//4159 3360//4159 3212//4159
f 3347//4160 3212//4160 3219//4160
f 3228//4161 3225//4161 3362//4161
f 3363//4162 3364//4162 3365//4162
f 3366//4163 3367//4163 3368//4163
f 3368//4164 3367//4164 3369//4164
f 3368//4165 3369//4165 3364//4165
f 3228//4166 3362//4166 3229//4166
f 3238//4167 3236//4167 3370//4167
f 3239//4168 3238//4168 3371//4168
f 3372//4169 3373//4169 3371//4169
f 3371//4170 3373//4170 3363//4170
f 3371//4171 3363//4171 3239//4171
f 3239//4172 3363//4172 3365//4172
f 3239//4173 3365//4173 3240//4173
f 3238//4174 3370//4174 3371//4174
f 3371//4175 3370//4175 3374//4175
f 3371//4176 3374//4176 3372//4176
f 3225//4177 3227//4177 3362//4177
f 3362//4178 3227//4178 3375//4178
f 3362//4179 3375//4179 3368//4179
f 3368//4180 3375//4180 3376//4180
f 3368//4181 3376//4181 3366//4181
f 3364//4182 3363//4182 3368//4182
f 3368//4183 3363//4183 3373//4183
f 3368//4184 3373//4184 3362//4184
f 3362//4185 3373//4185 3372//4185
f 3362//4186 3372//4186 3229//4186
f 3229//4187 3372//4187 3374//4187
f 3229//4188 3374//4188 3231//4188
f 3231//4189 3374//4189 3370//4189
f 3231//4190 3370//4190 3233//4190
f 3233//4191 3370//4191 3236//4191
f 3233//4192 3236//4192 3105//4192
f 3361//4193 3377//4193 3352//4193
f 3352//4193 3377//4193 3378//4193
f 3352//4194 3378//4194 3350//4194
f 3241//4195 3217//4195 3349//4195
f 3241//4196 3349//4196 3379//4196
f 3227//4197 3241//4197 3375//4197
f 3375//4198 3241//4198 3379//4198
f 3375//4199 3379//4199 3376//4199
f 3376//4200 3379//4200 3366//4200
f 3349//4201 3350//4201 3379//4201
f 3379//4194 3350//4194 3378//4194
f 3379//4200 3378//4200 3366//4200
f 3366//4202 3378//4202 3377//4202
f 3366//4203 3377//4203 3367//4203
f 3380//4204 3381//4204 3382//4204
f 3243//4205 2915//4205 3244//4205
f 3244//4206 2915//4206 3380//4206
f 3382//4207 3383//4207 3380//4207
f 3380//4208 3383//4208 3384//4208
f 3380//4209 3384//4209 3244//4209
f 3244//4210 3384//4210 2963//4210
f 3244//4211 2963//4211 2964//4211
f 2916//4212 2915//4212 3243//4212
f 2969//4213 2968//4213 3243//4213
f 3243//4214 2968//4214 3385//4214
f 3243//4215 3385//4215 3386//4215
f 3386//4216 3387//4216 3243//4216
f 3243//4217 3387//4217 3388//4217
f 3243//4218 3388//4218 2916//4218
f 2916//4219 3388//4219 2917//4219
f 3252//4220 3250//4220 3389//4220
f 3390//4221 3391//4221 3392//4221
f 3393//4222 3394//4222 3395//4222
f 3395//4223 3394//4223 3396//4223
f 3395//4224 3396//4224 3391//4224
f 3252//4225 3389//4225 3253//4225
f 3258//4226 3256//4226 3397//4226
f 3259//4227 3258//4227 3398//4227
f 3399//4228 3400//4228 3398//4228
f 3398//4229 3400//4229 3390//4229
f 3398//4230 3390//4230 3259//4230
f 3259//4231 3390//4231 3392//4231
f 3259//4232 3392//4232 3260//4232
f 3258//4233 3397//4233 3398//4233
f 3398//4234 3397//4234 3401//4234
f 3398//4235 3401//4235 3399//4235
f 3250//4236 3245//4236 3389//4236
f 3389//4237 3245//4237 3402//4237
f 3389//4238 3402//4238 3395//4238
f 3395//4239 3402//4239 3403//4239
f 3395//4240 3403//4240 3393//4240
f 3391//4241 3390//4241 3395//4241
f 3395//4242 3390//4242 3400//4242
f 3395//4243 3400//4243 3389//4243
f 3389//4244 3400//4244 3399//4244
f 3389//4245 3399//4245 3253//4245
f 3253//4246 3399//4246 3401//4246
f 3253//4247 3401//4247 3247//4247
f 3247//4248 3401//4248 3397//4248
f 3247//4249 3397//4249 3249//4249
f 3249//4250 3397//4250 3256//4250
f 3249//4251 3256//4251 3123//4251
f 3404//4252 3405//4252 3406//4252
f 3406//4252 3405//4252 3407//4252
f 3406//4253 3407//4253 3408//4253
f 3262//4254 3261//4254 3409//4254
f 3262//4255 3409//4255 3410//4255
f 3245//4256 3262//4256 3402//4256
f 3402//4257 3262//4257 3410//4257
f 3402//4258 3410//4258 3403//4258
f 3403//4259 3410//4259 3393//4259
f 3409//4260 3408//4260 3410//4260
f 3410//4253 3408//4253 3407//4253
f 3410//4259 3407//4259 3393//4259
f 3393//4261 3407//4261 3405//4261
f 3393//4262 3405//4262 3394//4262
f 3264//4263 3263//4263 3411//4263
f 3266//4264 3268//4264 3412//4264
f 3261//4265 3266//4265 3409//4265
f 3409//4266 3266//4266 3412//4266
f 3409//4267 3412//4267 3408//4267
f 3408//4268 3412//4268 3413//4268
f 3408//4269 3413//4269 3406//4269
f 3272//4270 3271//4270 3414//4270
f 3414//4271 3415//4271 3416//4271
f 3416//4272 3415//4272 3417//4272
f 3416//4273 3417//4273 3418//4273
f 3414//4274 3416//4274 3272//4274
f 3272//4275 3416//4275 3419//4275
f 3272//4276 3419//4276 3273//4276
f 3273//4277 3419//4277 3275//4277
f 3275//4278 3419//4278 3411//4278
f 3275//4279 3411//4279 3274//4279
f 3274//4280 3411//4280 3263//4280
f 3274//4281 3263//4281 3140//4281
f 3420//4282 3413//4282 3421//4282
f 3421//4283 3413//4283 3412//4283
f 3421//4284 3412//4284 3270//4284
f 3270//4285 3412//4285 3268//4285
f 3404//4286 3406//4286 3418//4286
f 3418//4287 3406//4287 3413//4287
f 3418//4288 3413//4288 3416//4288
f 3416//4289 3413//4289 3420//4289
f 3416//4290 3420//4290 3419//4290
f 3419//4291 3420//4291 3421//4291
f 3419//4292 3421//4292 3411//4292
f 3411//4293 3421//4293 3270//4293
f 3411//4294 3270//4294 3264//4294
f 3422//4295 3423//4295 3424//4295
f 3425//4296 3426//4296 3277//4296
f 3277//4297 3426//4297 2988//4297
f 3277//4298 2988//4298 2989//4298
f 3427//4299 3277//4299 2997//4299
f 2997//4300 3277//4300 2998//4300
f 3427//4301 3428//4301 3277//4301
f 3277//4302 3428//4302 3429//4302
f 3277//4303 3429//4303 3430//4303
f 3424//4304 3425//4304 3422//4304
f 3422//4305 3425//4305 3277//4305
f 3422//4306 3277//4306 3431//4306
f 3431//4307 3277//4307 3430//4307
f 3431//4308 3430//4308 3432//4308
f 3286//4309 3285//4309 3433//4309
f 3283//4310 3281//4310 3434//4310
f 3284//4311 3283//4311 3435//4311
f 3435//4312 3283//4312 3434//4312
f 3435//4313 3434//4313 3436//4313
f 3436//4314 3434//4314 3437//4314
f 3436//4315 3437//4315 3438//4315
f 3288//4316 3287//4316 3439//4316
f 3439//4317 3440//4317 3441//4317
f 3441//4318 3440//4318 3442//4318
f 3441//4319 3442//4319 3443//4319
f 3439//4320 3441//4320 3288//4320
f 3288//4321 3441//4321 3444//4321
f 3288//4322 3444//4322 3289//4322
f 3289//4323 3444//4323 3291//4323
f 3291//4324 3444//4324 3433//4324
f 3291//4325 3433//4325 3290//4325
f 3290//4326 3433//4326 3285//4326
f 3290//4327 3285//4327 3149//4327
f 3445//4328 3437//4328 3446//4328
f 3446//4329 3437//4329 3434//4329
f 3446//4330 3434//4330 3279//4330
f 3279//4331 3434//4331 3281//4331
f 3447//4332 3438//4332 3443//4332
f 3443//4333 3438//4333 3437//4333
f 3443//4334 3437//4334 3441//4334
f 3441//4335 3437//4335 3445//4335
f 3441//4336 3445//4336 3444//4336
f 3444//4337 3445//4337 3446//4337
f 3444//4338 3446//4338 3433//4338
f 3433//4339 3446//4339 3279//4339
f 3433//4340 3279//4340 3286//4340
f 3448//4341 3449//4341 3450//4341
f 3451//4342 3307//4342 3306//4342
f 3452//4343 3453//4343 3454//4343
f 3453//4344 3452//4344 3455//4344
f 3455//4345 3452//4345 3456//4345
f 3456//4346 3452//4346 3457//4346
f 3456//4347 3457//4347 3458//4347
f 3297//4348 3292//4348 3459//4348
f 3300//4349 3299//4349 3457//4349
f 3457//4350 3299//4350 3297//4350
f 3457//4351 3297//4351 3458//4351
f 3458//4352 3297//4352 3459//4352
f 3458//4353 3459//4353 3456//4353
f 3448//4354 3450//4354 3303//4354
f 3454//4355 3451//4355 3460//4355
f 3460//4356 3451//4356 3306//4356
f 3460//4357 3306//4357 3450//4357
f 3450//4358 3306//4358 3305//4358
f 3450//4359 3305//4359 3303//4359
f 3449//4360 3461//4360 3450//4360
f 3450//4361 3461//4361 3462//4361
f 3450//4362 3462//4362 3460//4362
f 3454//4363 3460//4363 3452//4363
f 3452//4364 3460//4364 3462//4364
f 3452//4365 3462//4365 3457//4365
f 3457//4366 3462//4366 3461//4366
f 3457//4367 3461//4367 3300//4367
f 3300//4368 3461//4368 3449//4368
f 3300//4369 3449//4369 3294//4369
f 3294//4370 3449//4370 3448//4370
f 3294//4371 3448//4371 3296//4371
f 3296//4372 3448//4372 3303//4372
f 3296//4373 3303//4373 3160//4373
f 3447//4374 3463//4374 3438//4374
f 3438//4374 3463//4374 3464//4374
f 3438//4375 3464//4375 3436//4375
f 3459//4376 3292//4376 3308//4376
f 3284//4377 3435//4377 3308//4377
f 3308//4378 3435//4378 3465//4378
f 3308//4376 3465//4376 3459//4376
f 3459//4379 3465//4379 3456//4379
f 3435//4380 3436//4380 3465//4380
f 3465//4375 3436//4375 3464//4375
f 3465//4379 3464//4379 3456//4379
f 3456//4381 3464//4381 3463//4381
f 3456//4382 3463//4382 3455//4382
f 3014//4383 2902//4383 2901//4383
f 3466//4384 3467//4384 3468//4384
f 3468//4385 3467//4385 3469//4385
f 3468//4386 3469//4386 2901//4386
f 2901//4387 3469//4387 3470//4387
f 2901//4388 3470//4388 3014//4388
f 3017//4389 3016//4389 2901//4389
f 2901//4390 3016//4390 3471//4390
f 2901//4391 3471//4391 3468//4391
f 3468//4392 3471//4392 3472//4392
f 3472//4393 3473//4393 3468//4393
f 3468//4394 3473//4394 3474//4394
f 3468//4395 3474//4395 3475//4395
f 3317//4396 3311//4396 3476//4396
f 3313//4397 3314//4397 3477//4397
f 3310//4398 3313//4398 3478//4398
f 3478//4399 3313//4399 3477//4399
f 3478//4400 3477//4400 3479//4400
f 3479//4401 3477//4401 3480//4401
f 3479//4402 3480//4402 3481//4402
f 3319//4403 3318//4403 3482//4403
f 3482//4404 3483//4404 3484//4404
f 3484//4405 3483//4405 3485//4405
f 3484//4406 3485//4406 3486//4406
f 3482//4407 3484//4407 3319//4407
f 3319//4408 3484//4408 3487//4408
f 3319//4409 3487//4409 3320//4409
f 3320//4410 3487//4410 3322//4410
f 3322//4411 3487//4411 3476//4411
f 3322//4412 3476//4412 3321//4412
f 3321//4413 3476//4413 3311//4413
f 3321//4414 3311//4414 3179//4414
f 3488//4415 3480//4415 3489//4415
f 3489//4416 3480//4416 3477//4416
f 3489//4417 3477//4417 3316//4417
f 3316//4418 3477//4418 3314//4418
f 3490//4419 3481//4419 3486//4419
f 3486//4420 3481//4420 3480//4420
f 3486//4421 3480//4421 3484//4421
f 3484//4422 3480//4422 3488//4422
f 3484//4423 3488//4423 3487//4423
f 3487//4424 3488//4424 3489//4424
f 3487//4425 3489//4425 3476//4425
f 3476//4426 3489//4426 3316//4426
f 3476//4427 3316//4427 3317//4427
f 3324//4428 3330//4428 3491//4428
f 3492//4429 3493//4429 3494//4429
f 3495//4430 3496//4430 3497//4430
f 3497//4431 3496//4431 3498//4431
f 3497//4432 3498//4432 3493//4432
f 3324//4433 3491//4433 3325//4433
f 3336//4434 3334//4434 3499//4434
f 3337//4435 3336//4435 3500//4435
f 3501//4436 3502//4436 3500//4436
f 3500//4437 3502//4437 3492//4437
f 3500//4438 3492//4438 3337//4438
f 3337//4439 3492//4439 3494//4439
f 3337//4440 3494//4440 3338//4440
f 3336//4441 3499//4441 3500//4441
f 3500//4442 3499//4442 3503//4442
f 3500//4443 3503//4443 3501//4443
f 3330//4444 3323//4444 3491//4444
f 3491//4445 3323//4445 3504//4445
f 3491//4446 3504//4446 3497//4446
f 3497//4447 3504//4447 3505//4447
f 3497//4448 3505//4448 3495//4448
f 3493//4449 3492//4449 3497//4449
f 3497//4450 3492//4450 3502//4450
f 3497//4451 3502//4451 3491//4451
f 3491//4452 3502//4452 3501//4452
f 3491//4453 3501//4453 3325//4453
f 3325//4454 3501//4454 3503//4454
f 3325//4455 3503//4455 3329//4455
f 3329//4456 3503//4456 3499//4456
f 3329//4457 3499//4457 3328//4457
f 3328//4458 3499//4458 3334//4458
f 3328//4459 3334//4459 3198//4459
f 3343//4460 2907//4460 2905//4460
f 3343//4461 2905//4461 3506//4461
f 3506//4462 2905//4462 2904//4462
f 3506//4463 2904//4463 3507//4463
f 3508//4464 3381//4464 3509//4464
f 3509//4465 3381//4465 3380//4465
f 3509//4466 3380//4466 2910//4466
f 2910//4467 3380//4467 2915//4467
f 3510//4468 3508//4468 3511//4468
f 3511//4469 3508//4469 3509//4469
f 3511//4470 3509//4470 2909//4470
f 2909//4471 3509//4471 2910//4471
f 3512//4472 3513//4472 3514//4472
f 3514//4473 3513//4473 3515//4473
f 3516//4474 3517//4474 3518//4474
f 3518//4475 3517//4475 3519//4475
f 3520//4476 3521//4476 3519//4476
f 3522//4477 3519//4477 3523//4477
f 3523//4478 3519//4478 3524//4478
f 3515//4479 3513//4479 3524//4479
f 3524//4480 3513//4480 3525//4480
f 3524//4481 3525//4481 3523//4481
f 3526//4482 3527//4482 3432//4482
f 3432//4483 3528//4483 3529//4483
f 3512//4484 3423//4484 3513//4484
f 3513//4485 3423//4485 3422//4485
f 3513//4486 3422//4486 3525//4486
f 3525//4487 3422//4487 3431//4487
f 3525//4488 3431//4488 3523//4488
f 3523//4489 3431//4489 3432//4489
f 3523//4490 3432//4490 3522//4490
f 3522//4491 3432//4491 3527//4491
f 3522//4492 3527//4492 3519//4492
f 3519//4493 3527//4493 3526//4493
f 3519//4494 3526//4494 3520//4494
f 3520//4495 3526//4495 3432//4495
f 3520//4496 3432//4496 3521//4496
f 3521//4497 3432//4497 3529//4497
f 3521//4498 3529//4498 3519//4498
f 3519//4499 3529//4499 3528//4499
f 3519//4500 3528//4500 3518//4500
f 3518//4501 3528//4501 3432//4501
f 3518//4502 3432//4502 3516//4502
f 3530//4503 3531//4503 3532//4503
f 3530//4504 3532//4504 3533//4504
f 3533//4505 3532//4505 3534//4505
f 3533//4506 3534//4506 3535//4506
f 3475//4507 3534//4507 3468//4507
f 3468//4508 3534//4508 3532//4508
f 3468//4509 3532//4509 3466//4509
f 3466//4510 3532//4510 3531//4510
f 3536//4511 3537//4511 3538//4511
f 3539//4512 3496//4512 3495//4512
f 3323//4513 3540//4513 3504//4513
f 3504//4514 3540//4514 3541//4514
f 3537//4515 3539//4515 3538//4515
f 3538//4516 3539//4516 3495//4516
f 3538//4517 3495//4517 3541//4517
f 3541//4518 3495//4518 3505//4518
f 3541//4519 3505//4519 3504//4519
f 3490//4520 3536//4520 3481//4520
f 3481//4521 3536//4521 3538//4521
f 3481//4522 3538//4522 3479//4522
f 3479//4522 3538//4522 3541//4522
f 3479//4523 3541//4523 3478//4523
f 3478//4524 3541//4524 3540//4524
f 3478//4525 3540//4525 3310//4525
f 2931//4526 2930//4526 3542//4526
f 2931//4526 3542//4526 3543//4526
f 3543//4527 3542//4527 3544//4527
f 3543//4527 3544//4527 3545//4527
f 3545//4528 3544//4528 3546//4528
f 3545//4528 3546//4528 3547//4528
f 3547//4529 3546//4529 3548//4529
f 3547//4529 3548//4529 3549//4529
f 3549//4530 3548//4530 3550//4530
f 3549//4530 3550//4530 3551//4530
f 3551//2854 3550//2854 2919//2854
f 3551//2854 2919//2854 2918//2854
f 3183//4531 3310//4531 3552//4531
f 3552//4532 3310//4532 3540//4532
f 3552//4533 3540//4533 3208//4533
f 3208//4534 3540//4534 3323//4534
f 3545//1982 3553//1982 3543//1982
f 3543//1982 3553//1982 3554//1982
f 3543//1982 3554//1982 2931//1982
f 2931//1982 3554//1982 3555//1982
f 2931//1982 3555//1982 2929//1982
f 2929//1982 3555//1982 3556//1982
f 2929//1982 3556//1982 2927//1982
f 2927//1982 3556//1982 3557//1982
f 2927//1982 3557//1982 2925//1982
f 2925//1982 3557//1982 2932//1982
f 2925//1982 2932//1982 2923//1982
f 2923//1982 2932//1982 2935//1982
f 2923//1982 2935//1982 2921//1982
f 2921//1982 2935//1982 2937//1982
f 2921//1982 2937//1982 2918//1982
f 2918//1982 2937//1982 2939//1982
f 2918//1982 2939//1982 3551//1982
f 3551//1982 2939//1982 2941//1982
f 3551//1982 2941//1982 3549//1982
f 3549//1982 2941//1982 2943//1982
f 3549//1982 2943//1982 3547//1982
f 3547//1982 2943//1982 2945//1982
f 3547//1982 2945//1982 3545//1982
f 3545//1982 2945//1982 3553//1982
f 3552//4535 3208//4535 1129//4535
f 3183//4536 3552//4536 3184//4536
f 3184//4537 3552//4537 3558//4537
f 3184//4538 3558//4538 3196//4538
f 3196//4539 3558//4539 3559//4539
f 3196//4540 3559//4540 3195//4540
f 3091//4541 3080//4541 3194//4541
f 3194//4542 3195//4542 3091//4542
f 3091//4543 3195//4543 3559//4543
f 3091//4544 3559//4544 3093//4544
f 3093//4545 3559//4545 3092//4545
f 3552//4546 1129//4546 3558//4546
f 3558//4547 1129//4547 1127//4547
f 3558//4548 1127//4548 3559//4548
f 3559//4549 1127//4549 1126//4549
f 3559//4550 1126//4550 1125//4550
f 1121//4551 3092//4551 1123//4551
f 1123//4552 3092//4552 3559//4552
f 1123//4553 3559//4553 1124//4553
f 1124//4554 3559//4554 1125//4554
f 2945//4555 2944//4555 3560//4555
f 2945//4555 3560//4555 3553//4555
f 3553//4556 3560//4556 3561//4556
f 3553//4556 3561//4556 3554//4556
f 3554//4557 3561//4557 3562//4557
f 3554//4557 3562//4557 3555//4557
f 3555//4558 3562//4558 3563//4558
f 3555//4558 3563//4558 3556//4558
f 3556//4559 3563//4559 3564//4559
f 3556//4559 3564//4559 3557//4559
f 3557//4560 3564//4560 2933//4560
f 3557//4560 2933//4560 2932//4560
f 3560//1983 2944//1983 3561//1983
f 3561//1983 2944//1983 2942//1983
f 2940//1983 2938//1983 2942//1983
f 2942//1983 2938//1983 2936//1983
f 2942//1983 2936//1983 2934//1983
f 3562//1983 3561//1983 3563//1983
f 3563//1983 3561//1983 2942//1983
f 3563//1983 2942//1983 3564//1983
f 3564//1983 2942//1983 2934//1983
f 3564//1983 2934//1983 2933//1983
f 2647//4561 2646//4561 3565//4561
f 3565//4562 2646//4562 2791//4562
f 3565//4563 2791//4563 3566//4563
f 3566//4564 2791//4564 2792//4564
f 2792//4565 2789//4565 3566//4565
f 3566//4566 2789//4566 2788//4566
f 3566//4567 2788//4567 3567//4567
f 2786//4568 2948//4568 2947//4568
f 2786//4569 2947//4569 2788//4569
f 2788//4570 2947//4570 3568//4570
f 2788//4571 3568//4571 3567//4571
f 2948//4572 2786//4572 3339//4572
f 3339//4573 2786//4573 2869//4573
f 3339//4574 2869//4574 3340//4574
f 3340//4575 2869//4575 2868//4575
f 3340//4576 2868//4576 3341//4576
f 3341//4577 2868//4577 3342//4577
f 3342//4578 2868//4578 2867//4578
f 3342//4579 2867//4579 2908//4579
f 2908//4580 2867//4580 2906//4580
f 2906//4581 2867//4581 2565//4581
f 2906//4582 2565//4582 2903//4582
f 3508//4583 3510//4583 2555//4583
f 3508//4584 2555//4584 3381//4584
f 2555//4585 2883//4585 3381//4585
f 3381//4586 2883//4586 2882//4586
f 3381//4587 2882//4587 3382//4587
f 3382//4588 2882//4588 2879//4588
f 3382//4589 2879//4589 3383//4589
f 3383//4590 2879//4590 2878//4590
f 3383//4591 2878//4591 3384//4591
f 3384//4592 2878//4592 2880//4592
f 3384//4593 2880//4593 2963//4593
f 2963//4594 2880//4594 2782//4594
f 2963//4595 2782//4595 2956//4595
f 2956//4596 2782//4596 2957//4596
f 2782//4597 2783//4597 2957//4597
f 2957//4598 2783//4598 2780//4598
f 2957//4599 2780//4599 2958//4599
f 2958//4600 2780//4600 2779//4600
f 2958//4601 2779//4601 2953//4601
f 2779//4602 2778//4602 2953//4602
f 2953//4603 2778//4603 2777//4603
f 2953//4604 2777//4604 2954//4604
f 2954//4605 2777//4605 2650//4605
f 2954//4606 2650//4606 2652//4606
f 2656//4607 2655//4607 3569//4607
f 3569//4608 2655//4608 2770//4608
f 3569//4609 2770//4609 3570//4609
f 3570//4610 2770//4610 2771//4610
f 2771//4611 2768//4611 3570//4611
f 3570//4612 2768//4612 2767//4612
f 3570//4613 2767//4613 3571//4613
f 2765//4614 2968//4614 2967//4614
f 2765//4615 2967//4615 2767//4615
f 2767//4616 2967//4616 3572//4616
f 2767//4617 3572//4617 3571//4617
f 2968//4618 2765//4618 3385//4618
f 3385//4619 2765//4619 2877//4619
f 3385//4620 2877//4620 3386//4620
f 3386//4621 2877//4621 2875//4621
f 3386//4622 2875//4622 3387//4622
f 3387//4623 2875//4623 3388//4623
f 3388//4624 2875//4624 2876//4624
f 3388//4625 2876//4625 2917//4625
f 2917//4626 2876//4626 2914//4626
f 2914//4627 2876//4627 2548//4627
f 2914//4628 2548//4628 2913//4628
f 3512//4629 3514//4629 2546//4629
f 3512//4630 2546//4630 3423//4630
f 2546//4631 2884//4631 3423//4631
f 3423//4632 2884//4632 2887//4632
f 3423//4633 2887//4633 3424//4633
f 3424//4634 2887//4634 2890//4634
f 3424//4635 2890//4635 3425//4635
f 3425//4636 2890//4636 2889//4636
f 3425//4637 2889//4637 3426//4637
f 3426//4638 2889//4638 2888//4638
f 3426//4639 2888//4639 2988//4639
f 2988//4640 2888//4640 2758//4640
f 2988//4641 2758//4641 2974//4641
f 2974//4642 2758//4642 2978//4642
f 2758//4643 2760//4643 2978//4643
f 2978//4644 2760//4644 2761//4644
f 2978//4645 2761//4645 2979//4645
f 2761//4646 2762//4646 2979//4646
f 2979//4647 2762//4647 2757//4647
f 2979//4648 2757//4648 2977//4648
f 2757//4649 2756//4649 2977//4649
f 2977//4650 2756//4650 2755//4650
f 2977//4651 2755//4651 2976//4651
f 2976//4652 2755//4652 2674//4652
f 2976//4653 2674//4653 2658//4653
f 2631//4654 2634//4654 2752//4654
f 2753//4655 3573//4655 2752//4655
f 2752//4656 3573//4656 3574//4656
f 2752//4657 3574//4657 2631//4657
f 2753//4658 2750//4658 3573//4658
f 3573//4659 2750//4659 2749//4659
f 3573//4660 2749//4660 3575//4660
f 2747//4661 2997//4661 2996//4661
f 2747//4662 2996//4662 2749//4662
f 2749//4663 2996//4663 3576//4663
f 2749//4664 3576//4664 3575//4664
f 2997//4665 2747//4665 3427//4665
f 3427//4666 2747//4666 2893//4666
f 3427//4667 2893//4667 3428//4667
f 3428//4668 2893//4668 2892//4668
f 3428//4669 2892//4669 3429//4669
f 3429//4670 2892//4670 3430//4670
f 3430//4671 2892//4671 2891//4671
f 3430//4672 2891//4672 3432//4672
f 3432//4673 2891//4673 3516//4673
f 3516//4674 2891//4674 2723//4674
f 3516//4675 2723//4675 3517//4675
f 3531//4676 3530//4676 2719//4676
f 3531//4677 2719//4677 3466//4677
f 2719//4678 2864//4678 3466//4678
f 3466//4679 2864//4679 2863//4679
f 3466//4680 2863//4680 3467//4680
f 3467//4681 2863//4681 2860//4681
f 3467//4682 2860//4682 3469//4682
f 3469//4683 2860//4683 2859//4683
f 3469//4684 2859//4684 3470//4684
f 3470//4685 2859//4685 2861//4685
f 3470//4686 2861//4686 3014//4686
f 3014//4687 2861//4687 2743//4687
f 3014//4688 2743//4688 3007//4688
f 3007//4689 2743//4689 3008//4689
f 2743//4690 2744//4690 3008//4690
f 3008//4691 2744//4691 2741//4691
f 3008//4692 2741//4692 3009//4692
f 3009//4693 2741//4693 2740//4693
f 3009//4694 2740//4694 3004//4694
f 2740//4695 2739//4695 3004//4695
f 3004//4696 2739//4696 2738//4696
f 3004//4697 2738//4697 3005//4697
f 3005//4698 2738//4698 2664//4698
f 3005//4699 2664//4699 2666//4699
f 2670//4700 2669//4700 3577//4700
f 3577//4701 2669//4701 2731//4701
f 3577//4702 2731//4702 3578//4702
f 3578//4703 2731//4703 2732//4703
f 2732//4704 2729//4704 3578//4704
f 3578//4705 2729//4705 2728//4705
f 3578//4706 2728//4706 3579//4706
f 2726//4707 3016//4707 3015//4707
f 2726//4708 3015//4708 2728//4708
f 2728//4709 3015//4709 3580//4709
f 2728//4710 3580//4710 3579//4710
f 3016//4711 2726//4711 3471//4711
f 3471//4712 2726//4712 2858//4712
f 3471//4713 2858//4713 3472//4713
f 3472//4714 2858//4714 2856//4714
f 3472//4715 2856//4715 3473//4715
f 3473//4716 2856//4716 3474//4716
f 3474//4717 2856//4717 2857//4717
f 3474//4718 2857//4718 3475//4718
f 3475//4719 2857//4719 3534//4719
f 3534//4720 2857//4720 2712//4720
f 3534//4721 2712//4721 3535//4721
f 3506//4722 3507//4722 2711//4722
f 3506//4723 2711//4723 3343//4723
f 2711//4724 2866//4724 3343//4724
f 3343//4725 2866//4725 2871//4725
f 3343//4726 2871//4726 3344//4726
f 3344//4727 2871//4727 2874//4727
f 3344//4728 2874//4728 3345//4728
f 3345//4729 2874//4729 2873//4729
f 3345//4730 2873//4730 3346//4730
f 3346//4731 2873//4731 2872//4731
f 3346//4732 2872//4732 3036//4732
f 3036//4733 2872//4733 2803//4733
f 3036//4734 2803//4734 3022//4734
f 3022//4735 2803//4735 3026//4735
f 2803//4736 2804//4736 3026//4736
f 3026//4737 2804//4737 2801//4737
f 3026//4738 2801//4738 3027//4738
f 3027//4739 2801//4739 2800//4739
f 3027//4740 2800//4740 3025//4740
f 2800//4741 2799//4741 3025//4741
f 3025//4742 2799//4742 2798//4742
f 3025//4743 2798//4743 3024//4743
f 3024//4744 2798//4744 2671//4744
f 3024//4745 2671//4745 2643//4745
f 2828//4746 1053//4746 1052//4746
f 1050//4747 2970//4747 1052//4747
f 1052//4748 2970//4748 2829//4748
f 1052//4749 2829//4749 2828//4749
f 2825//4750 2993//4750 2827//4750
f 2827//4751 2993//4751 2992//4751
f 2827//4752 2992//4752 2821//4752
f 2900//4753 974//4753 2820//4753
f 2820//4754 974//4754 976//4754
f 2820//4755 976//4755 2819//4755
f 2819//4756 976//4756 978//4756
f 2565//1983 2561//1983 2903//1983
f 2903//3616 2561//3616 3240//3616
f 2903//3616 3240//3616 2904//3616
f 2545//1983 2546//1983 3271//1983
f 3271//1983 2546//1983 3514//1983
f 2556//1983 2555//1983 3220//1983
f 3220//1983 2555//1983 3510//1983
f 3220//1983 3510//1983 3353//1983
f 3356//1983 3354//1983 2930//1983
f 3365//1983 3364//1983 2924//1983
f 2924//1983 3364//1983 3369//1983
f 2924//1983 3369//1983 2926//1983
f 2659//1983 2719//1983 3287//1983
f 3287//1983 2719//1983 3530//1983
f 3369//4757 3367//4757 2926//4757
f 2926//4758 3367//4758 3377//4758
f 2926//1983 3377//1983 2928//1983
f 2928//1983 3377//1983 3361//1983
f 2928//1983 3361//1983 2930//1983
f 2930//1983 3361//1983 3357//1983
f 2930//1983 3357//1983 3356//1983
f 2636//1983 2711//1983 3318//1983
f 3318//1983 2711//1983 3507//1983
f 3486//1983 3485//1983 2904//1983
f 2904//1983 3485//1983 3483//1983
f 2904//1983 3483//1983 3507//1983
f 3507//1983 3483//1983 3482//1983
f 3507//1983 3482//1983 3318//1983
f 2712//1983 2642//1983 3535//1983
f 3535//4759 2642//4759 3338//4759
f 3535//4759 3338//4759 3533//4759
f 3490//1983 3486//1983 2922//1983
f 2922//1983 3486//1983 2904//1983
f 2922//1983 2904//1983 2924//1983
f 2924//4760 2904//4760 3240//4760
f 2924//4761 3240//4761 3365//4761
f 3494//1983 3493//1983 2919//1983
f 2919//1983 3493//1983 3498//1983
f 2919//1983 3498//1983 2920//1983
f 2920//4762 3498//4762 3496//4762
f 3447//1983 3550//1983 3463//1983
f 3463//1983 3550//1983 3548//1983
f 3443//1983 3442//1983 3533//1983
f 3533//1983 3442//1983 3440//1983
f 3533//1983 3440//1983 3530//1983
f 3530//1983 3440//1983 3439//1983
f 3530//1983 3439//1983 3287//1983
f 3447//1983 3443//1983 3550//1983
f 3550//1983 3443//1983 3533//1983
f 3550//1983 3533//1983 2919//1983
f 2919//4763 3533//4763 3338//4763
f 2919//4764 3338//4764 3494//4764
f 3451//1983 3454//1983 3546//1983
f 3546//1983 3454//1983 3453//1983
f 3546//1983 3453//1983 3548//1983
f 3548//4765 3453//4765 3455//4765
f 3548//4766 3455//4766 3463//4766
f 3496//4767 3539//4767 2920//4767
f 2920//1983 3539//1983 3537//1983
f 2920//1983 3537//1983 2922//1983
f 2922//1983 3537//1983 3536//1983
f 2922//1983 3536//1983 3490//1983
f 2548//1983 2547//1983 2913//1983
f 2913//4768 2547//4768 3260//4768
f 2913//4769 3260//4769 2911//4769
f 2911//4770 3260//4770 3392//4770
f 2911//1983 3392//1983 2909//1983
f 2909//1983 3392//1983 3511//1983
f 3354//1983 3353//1983 2930//1983
f 2930//1983 3353//1983 3510//1983
f 2930//1983 3510//1983 3542//1983
f 3542//1983 3510//1983 3396//1983
f 2723//1983 2681//1983 3517//1983
f 3517//4763 2681//4763 3307//4763
f 3517//4763 3307//4763 3519//4763
f 3519//4771 3307//4771 3451//4771
f 3519//1983 3451//1983 3524//1983
f 3524//1983 3451//1983 3546//1983
f 3524//1983 3546//1983 3515//1983
f 3515//1983 3546//1983 3544//1983
f 3515//1983 3544//1983 3418//1983
f 3511//1983 3392//1983 3510//1983
f 3510//1983 3392//1983 3391//1983
f 3510//1983 3391//1983 3396//1983
f 3418//1983 3417//1983 3515//1983
f 3515//1983 3417//1983 3415//1983
f 3515//1983 3415//1983 3514//1983
f 3514//1983 3415//1983 3414//1983
f 3514//1983 3414//1983 3271//1983
f 3396//4772 3394//4772 3542//4772
f 3542//4773 3394//4773 3405//4773
f 3542//1983 3405//1983 3544//1983
f 3544//1983 3405//1983 3404//1983
f 3544//1983 3404//1983 3418//1983
f 3050//4774 3051//4774 1089//4774
f 1089//4775 3051//4775 3046//4775
f 2947//4776 3235//4776 3237//4776
f 2638//4777 2647//4777 3581//4777
f 3567//4778 3568//4778 3581//4778
f 3581//4779 3568//4779 2947//4779
f 3581//4780 2947//4780 2638//4780
f 2638//4781 2947//4781 3237//4781
f 2638//4782 3237//4782 3234//4782
f 2647//4783 3565//4783 3581//4783
f 3581//4784 3565//4784 3566//4784
f 3581//4785 3566//4785 3567//4785
f 3046//4786 3044//4786 1089//4786
f 1089//4787 3044//4787 3104//4787
f 1089//4788 3104//4788 2947//4788
f 2947//4789 3104//4789 3106//4789
f 2947//4790 3106//4790 3235//4790
f 3050//4791 1089//4791 3047//4791
f 3047//4792 1089//4792 1093//4792
f 3047//4793 1093//4793 3054//4793
f 3054//4794 1093//4794 1091//4794
f 3054//4795 1091//4795 1056//4795
f 1049//4796 1039//4796 3056//4796
f 2967//4797 3255//4797 3257//4797
f 2639//4798 2656//4798 3582//4798
f 3571//4799 3572//4799 3582//4799
f 3582//4800 3572//4800 2967//4800
f 3582//4801 2967//4801 2639//4801
f 2639//4802 2967//4802 3257//4802
f 2639//4803 3257//4803 3254//4803
f 2656//4804 3569//4804 3582//4804
f 3582//4805 3569//4805 3570//4805
f 3582//4806 3570//4806 3571//4806
f 3056//4807 3058//4807 1049//4807
f 1049//4808 3058//4808 3122//4808
f 1049//4809 3122//4809 2967//4809
f 2967//4810 3122//4810 3124//4810
f 2967//4811 3124//4811 3255//4811
f 3073//4812 3075//4812 994//4812
f 994//4813 3075//4813 3070//4813
f 2996//4814 3302//4814 3304//4814
f 2632//4815 2631//4815 3583//4815
f 3575//4816 3576//4816 3583//4816
f 3583//4817 3576//4817 2996//4817
f 3583//4818 2996//4818 2632//4818
f 2632//4819 2996//4819 3304//4819
f 2632//4820 3304//4820 3301//4820
f 2631//4821 3574//4821 3583//4821
f 3583//4822 3574//4822 3573//4822
f 3583//4823 3573//4823 3575//4823
f 3070//4824 3068//4824 994//4824
f 994//4825 3068//4825 3159//4825
f 994//4826 3159//4826 2996//4826
f 2996//4827 3159//4827 3161//4827
f 2996//4828 3161//4828 3302//4828
f 3073//4829 994//4829 3071//4829
f 3071//4830 994//4830 1000//4830
f 3071//4831 1000//4831 3078//4831
f 3078//4832 1000//4832 998//4832
f 3078//4833 998//4833 973//4833
f 1137//4834 1128//4834 3089//4834
f 3015//4835 3333//4835 3335//4835
f 2641//4836 2670//4836 3584//4836
f 3579//4837 3580//4837 3584//4837
f 3584//4838 3580//4838 3015//4838
f 3584//4839 3015//4839 2641//4839
f 2641//4840 3015//4840 3335//4840
f 2641//4841 3335//4841 3332//4841
f 2670//4842 3577//4842 3584//4842
f 3584//4843 3577//4843 3578//4843
f 3584//4844 3578//4844 3579//4844
f 3089//4845 3087//4845 1137//4845
f 1137//4846 3087//4846 3197//4846
f 1137//4847 3197//4847 3015//4847
f 3015//4848 3197//4848 3199//4848
f 3015//4849 3199//4849 3333//4849
f 3585//4850 3586//4850 3587//4850
f 3588//4851 3589//4851 3590//4851
f 3590//4852 3589//4852 3591//4852
f 3590//4853 3591//4853 3592//4853
f 3585//4854 3587//4854 3591//4854
f 3591//4855 3587//4855 3593//4855
f 3591//4856 3593//4856 3592//4856
f 3594//4857 3595//4857 3596//4857
f 3596//4858 3595//4858 3597//4858
f 3598//4859 3599//4859 3600//4859
f 3598//4860 3600//4860 3601//4860
f 3601//4861 3600//4861 3602//4861
f 3601//4862 3602//4862 3603//4862
f 3602//4863 3604//4863 3603//4863
f 3603//4864 3604//4864 3605//4864
f 3603//4865 3605//4865 3606//4865
f 3605//4866 3607//4866 3606//4866
f 3606//4867 3607//4867 3608//4867
f 3606//4868 3608//4868 3609//4868
f 3609//4869 3608//4869 3610//4869
f 3610//4870 3611//4870 3609//4870
f 3609//4871 3611//4871 3612//4871
f 3609//4872 3612//4872 3613//4872
f 3613//4873 3612//4873 3614//4873
f 3613//4874 3614//4874 3615//4874
f 3615//4875 3614//4875 3616//4875
f 3616//4876 3617//4876 3615//4876
f 3615//4877 3617//4877 3618//4877
f 3615//4878 3618//4878 3619//4878
f 3619//4879 3618//4879 3620//4879
f 3619//4880 3620//4880 3621//4880
f 3621//4881 3620//4881 3622//4881
f 3622//4882 3623//4882 3621//4882
f 3621//4883 3623//4883 3624//4883
f 3621//4884 3624//4884 3625//4884
f 3625//4885 3624//4885 3626//4885
f 3625//4886 3626//4886 3627//4886
f 3627//4887 3626//4887 3628//4887
f 3628//4888 3629//4888 3627//4888
f 3627//4889 3629//4889 3630//4889
f 3627//4890 3630//4890 3631//4890
f 3631//4891 3630//4891 3632//4891
f 3631//4892 3632//4892 3633//4892
f 3633//4893 3632//4893 3634//4893
f 3634//4894 3635//4894 3633//4894
f 3633//4895 3635//4895 3636//4895
f 3633//4896 3636//4896 3637//4896
f 3637//4897 3636//4897 3638//4897
f 3637//4898 3638//4898 3639//4898
f 3639//4899 3638//4899 3640//4899
f 3640//4900 3641//4900 3639//4900
f 3639//4901 3641//4901 3642//4901
f 3639//4902 3642//4902 3643//4902
f 3593//4903 3597//4903 3592//4903
f 3592//4904 3597//4904 3595//4904
f 3592//4905 3595//4905 3644//4905
f 3644//4906 3595//4906 3643//4906
f 3644//4907 3643//4907 3645//4907
f 3645//4908 3643//4908 3642//4908
f 3646//1 3647//1 3648//1
f 3646//1 3648//1 3649//1
f 3649//1 3648//1 3650//1
f 3649//1 3650//1 3651//1
f 3651//1 3650//1 3652//1
f 3651//1 3652//1 3653//1
f 3654//1 3655//1 3653//1
f 3653//1 3655//1 3656//1
f 3653//1 3656//1 3651//1
f 3654//1 3585//1 3657//1
f 3657//1 3585//1 3658//1
f 3586//1 3585//1 3659//1
f 3659//1 3585//1 3654//1
f 3659//1 3654//1 3660//1
f 3660//1 3654//1 3653//1
f 3661//1 3662//1 3663//1
f 3663//1 3662//1 3664//1
f 3665//1 3666//1 3667//1
f 3668//1 3665//1 3669//1
f 3669//1 3665//1 3595//1
f 3669//1 3595//1 3594//1
f 3664//1 3670//1 3663//1
f 3663//1 3670//1 3671//1
f 3663//1 3671//1 3672//1
f 3672//1 3671//1 3673//1
f 3672//1 3673//1 3674//1
f 3674//1 3673//1 3675//1
f 3674//1 3675//1 3676//1
f 3676//1 3675//1 3677//1
f 3676//1 3677//1 3678//1
f 3678//1 3677//1 3679//1
f 3678//1 3679//1 3680//1
f 3680//1 3679//1 3681//1
f 3680//1 3681//1 3682//1
f 3682//1 3681//1 3683//1
f 3682//1 3683//1 3684//1
f 3684//1 3683//1 3685//1
f 3684//1 3685//1 3686//1
f 3686//1 3685//1 3687//1
f 3686//1 3687//1 3688//1
f 3688//1 3687//1 3689//1
f 3688//1 3689//1 3690//1
f 3690//1 3689//1 3691//1
f 3690//1 3691//1 3692//1
f 3692//1 3691//1 3693//1
f 3692//1 3693//1 3694//1
f 3694//1 3693//1 3695//1
f 3694//1 3695//1 3696//1
f 3696//1 3695//1 3697//1
f 3696//1 3697//1 3698//1
f 3698//1 3697//1 3699//1
f 3698//1 3699//1 3700//1
f 3700//1 3699//1 3701//1
f 3700//1 3701//1 3702//1
f 3702//1 3701//1 3598//1
f 3702//1 3598//1 3703//1
f 3703//1 3598//1 3601//1
f 3703//1 3601//1 3704//1
f 3704//1 3601//1 3603//1
f 3704//1 3603//1 3705//1
f 3705//1 3603//1 3606//1
f 3705//1 3606//1 3706//1
f 3706//1 3606//1 3609//1
f 3706//1 3609//1 3707//1
f 3707//1 3609//1 3613//1
f 3665//1 3667//1 3595//1
f 3595//1 3667//1 3708//1
f 3595//1 3708//1 3643//1
f 3643//1 3708//1 3709//1
f 3643//1 3709//1 3639//1
f 3639//1 3709//1 3710//1
f 3639//1 3710//1 3637//1
f 3637//1 3710//1 3711//1
f 3637//1 3711//1 3633//1
f 3633//1 3711//1 3712//1
f 3633//1 3712//1 3631//1
f 3631//1 3712//1 3713//1
f 3631//1 3713//1 3627//1
f 3627//1 3713//1 3714//1
f 3627//1 3714//1 3625//1
f 3625//1 3714//1 3715//1
f 3625//1 3715//1 3621//1
f 3621//1 3715//1 3716//1
f 3621//1 3716//1 3619//1
f 3619//1 3716//1 3717//1
f 3619//1 3717//1 3615//1
f 3615//1 3717//1 3718//1
f 3615//1 3718//1 3613//1
f 3613//1 3718//1 3719//1
f 3613//1 3719//1 3707//1
f 3720//1 3721//1 3664//1
f 3664//1 3721//1 3722//1
f 3664//1 3722//1 3670//1
f 3720//1 3664//1 3723//1
f 3723//1 3664//1 3724//1
f 3723//1 3724//1 3725//1
f 3726//4909 3727//4909 3664//4909
f 3664//4909 3662//4909 3726//4909
f 3726//4910 3662//4910 3661//4910
f 3726//4911 3661//4911 3728//4911
f 3728//4912 3661//4912 3729//4912
f 3728//4913 3729//4913 3730//4913
f 3730//4913 3729//4913 3731//4913
f 3730//4914 3731//4914 3732//4914
f 3732//4914 3731//4914 3733//4914
f 3734//4915 3670//4915 3722//4915
f 3734//4916 3722//4916 3735//4916
f 3722//4917 3721//4917 3735//4917
f 3735//4918 3721//4918 3720//4918
f 3735//4919 3720//4919 3736//4919
f 3736//4920 3720//4920 3723//4920
f 3736//4921 3723//4921 3737//4921
f 3737//4922 3723//4922 3725//4922
f 3737//4923 3725//4923 3738//4923
f 3738//4924 3725//4924 3739//4924
f 3739//4925 3725//4925 3724//4925
f 3739//4926 3724//4926 3740//4926
f 3741//4927 3742//4927 3743//4927
f 3743//4927 3742//4927 3744//4927
f 3743//4928 3744//4928 3745//4928
f 3744//4928 3746//4928 3745//4928
f 3745//4929 3746//4929 3647//4929
f 3745//4930 3647//4930 3747//4930
f 3747//4931 3647//4931 3646//4931
f 3747//4932 3646//4932 3748//4932
f 3748//4932 3646//4932 3649//4932
f 3585//4933 3591//4933 3749//4933
f 3585//4934 3749//4934 3658//4934
f 3749//4935 3750//4935 3658//4935
f 3658//4936 3750//4936 3751//4936
f 3658//4937 3751//4937 3657//4937
f 3657//4938 3751//4938 3752//4938
f 3657//4939 3752//4939 3654//4939
f 3654//4940 3752//4940 3753//4940
f 3654//4941 3753//4941 3655//4941
f 3655//4942 3753//4942 3656//4942
f 3656//4943 3753//4943 3754//4943
f 3656//4944 3754//4944 3651//4944
f 3732//4945 3733//4945 3741//4945
f 3741//4945 3733//4945 3742//4945
f 3749//1 3591//1 3589//1
f 3589//1 3734//1 3735//1
f 3752//1 3751//1 3589//1
f 3589//1 3751//1 3750//1
f 3589//1 3750//1 3749//1
f 3735//1 3736//1 3589//1
f 3589//1 3736//1 3737//1
f 3589//1 3737//1 3738//1
f 3738//1 3754//1 3589//1
f 3589//1 3754//1 3753//1
f 3589//1 3753//1 3752//1
f 3728//1 3730//1 3726//1
f 3726//1 3730//1 3732//1
f 3726//1 3732//1 3727//1
f 3727//1 3732//1 3748//1
f 3727//1 3748//1 3740//1
f 3740//1 3748//1 3754//1
f 3740//1 3754//1 3739//1
f 3739//1 3754//1 3738//1
f 3745//1 3747//1 3743//1
f 3743//1 3747//1 3748//1
f 3743//1 3748//1 3741//1
f 3741//1 3748//1 3732//1
f 3724//4946 3664//4946 3740//4946
f 3740//4947 3664//4947 3727//4947
f 3754//4948 3748//4948 3651//4948
f 3651//4949 3748//4949 3649//4949
f 3755//4950 3756//4950 3757//4950
f 3757//4950 3756//4950 3758//4950
f 3757//4951 3758//4951 3759//4951
f 3759//4952 3758//4952 3760//4952
f 3759//4953 3760//4953 3761//4953
f 3761//4954 3760//4954 3762//4954
f 3761//4955 3762//4955 3763//4955
f 3763//4956 3762//4956 3764//4956
f 3763//4957 3764//4957 3765//4957
f 3765//4957 3764//4957 3766//4957
f 3765//4958 3766//4958 3767//4958
f 3767//4958 3766//4958 3768//4958
f 3767//4959 3768//4959 3769//4959
f 3769//4959 3768//4959 3770//4959
f 3769//4960 3770//4960 3771//4960
f 3771//4960 3770//4960 3772//4960
f 3771//4961 3772//4961 3773//4961
f 3773//4961 3772//4961 3774//4961
f 3773//4962 3774//4962 3775//4962
f 3775//4962 3774//4962 3776//4962
f 3775//4963 3776//4963 3777//4963
f 3777//4964 3776//4964 3778//4964
f 3777//4965 3778//4965 3779//4965
f 3779//4966 3778//4966 3780//4966
f 3779//4967 3780//4967 3781//4967
f 3781//4967 3780//4967 3782//4967
f 3781//4968 3782//4968 3783//4968
f 3783//4968 3782//4968 3784//4968
f 3783//4969 3784//4969 3785//4969
f 3785//4969 3784//4969 3786//4969
f 3785//4970 3786//4970 3787//4970
f 3787//4971 3786//4971 3788//4971
f 3787//4972 3788//4972 3789//4972
f 3789//4972 3788//4972 3790//4972
f 3789//4973 3790//4973 3791//4973
f 3791//4973 3790//4973 3792//4973
f 3791//4974 3792//4974 3793//4974
f 3793//4975 3792//4975 3794//4975
f 3793//4976 3794//4976 3795//4976
f 3795//4977 3794//4977 3796//4977
f 3795//4978 3796//4978 3797//4978
f 3797//4979 3796//4979 3798//4979
f 3797//4980 3798//4980 3799//4980
f 3799//4980 3798//4980 3800//4980
f 3799//4981 3800//4981 3801//4981
f 3801//4981 3800//4981 3802//4981
f 3801//4982 3802//4982 3803//4982
f 3803//4982 3802//4982 3804//4982
f 3803//4983 3804//4983 3805//4983
f 3805//4983 3804//4983 3806//4983
f 3805//4984 3806//4984 3807//4984
f 3807//4984 3806//4984 3808//4984
f 3807//4985 3808//4985 3809//4985
f 3809//4985 3808//4985 3810//4985
f 3809//4986 3810//4986 3811//4986
f 3811//4987 3810//4987 3812//4987
f 3811//4988 3812//4988 3813//4988
f 3813//4989 3812//4989 3814//4989
f 3813//4990 3814//4990 3815//4990
f 3815//4990 3814//4990 3816//4990
f 3815//4991 3816//4991 3817//4991
f 3817//4991 3816//4991 3818//4991
f 3817//4992 3818//4992 3819//4992
f 3819//4992 3818//4992 3820//4992
f 3819//4993 3820//4993 3821//4993
f 3821//4994 3820//4994 3822//4994
f 3821//4995 3822//4995 3823//4995
f 3823//4995 3822//4995 3824//4995
f 3825//4996 3755//4996 3826//4996
f 3826//4996 3755//4996 3757//4996
f 3826//4997 3757//4997 3827//4997
f 3827//4998 3757//4998 3759//4998
f 3827//4999 3759//4999 3828//4999
f 3828//5000 3759//5000 3761//5000
f 3828//5001 3761//5001 3829//5001
f 3829//5001 3761//5001 3763//5001
f 3829//5002 3763//5002 3830//5002
f 3830//5003 3763//5003 3765//5003
f 3830//5004 3765//5004 3831//5004
f 3831//5004 3765//5004 3767//5004
f 3831//5005 3767//5005 3832//5005
f 3832//5005 3767//5005 3769//5005
f 3832//5006 3769//5006 3833//5006
f 3833//5007 3769//5007 3771//5007
f 3833//5008 3771//5008 3834//5008
f 3834//5009 3771//5009 3773//5009
f 3834//5010 3773//5010 3835//5010
f 3835//5011 3773//5011 3775//5011
f 3835//5012 3775//5012 3836//5012
f 3836//5013 3775//5013 3777//5013
f 3836//5014 3777//5014 3837//5014
f 3837//5014 3777//5014 3779//5014
f 3837//5015 3779//5015 3838//5015
f 3838//5015 3779//5015 3781//5015
f 3838//5016 3781//5016 3839//5016
f 3839//5016 3781//5016 3783//5016
f 3839//5017 3783//5017 3840//5017
f 3840//5018 3783//5018 3785//5018
f 3840//5019 3785//5019 3841//5019
f 3841//5019 3785//5019 3787//5019
f 3841//5020 3787//5020 3842//5020
f 3842//5020 3787//5020 3789//5020
f 3842//5021 3789//5021 3843//5021
f 3843//5021 3789//5021 3791//5021
f 3843//5022 3791//5022 3844//5022
f 3844//5023 3791//5023 3793//5023
f 3844//5024 3793//5024 3845//5024
f 3845//5025 3793//5025 3795//5025
f 3845//5026 3795//5026 3846//5026
f 3846//5026 3795//5026 3797//5026
f 3846//5027 3797//5027 3847//5027
f 3847//5028 3797//5028 3799//5028
f 3847//5029 3799//5029 3848//5029
f 3848//5029 3799//5029 3801//5029
f 3848//5030 3801//5030 3849//5030
f 3849//5030 3801//5030 3803//5030
f 3849//5031 3803//5031 3850//5031
f 3850//5032 3803//5032 3805//5032
f 3850//5033 3805//5033 3851//5033
f 3851//5034 3805//5034 3807//5034
f 3851//5035 3807//5035 3852//5035
f 3852//5036 3807//5036 3809//5036
f 3852//5037 3809//5037 3853//5037
f 3853//5038 3809//5038 3811//5038
f 3853//5039 3811//5039 3854//5039
f 3854//5039 3811//5039 3813//5039
f 3854//5040 3813//5040 3855//5040
f 3855//5040 3813//5040 3815//5040
f 3855//5041 3815//5041 3856//5041
f 3856//5041 3815//5041 3817//5041
f 3856//5042 3817//5042 3857//5042
f 3857//5043 3817//5043 3819//5043
f 3857//5044 3819//5044 3858//5044
f 3858//5044 3819//5044 3821//5044
f 3858//5045 3821//5045 3859//5045
f 3859//5045 3821//5045 3823//5045
f 3588//5046 3825//5046 3860//5046
f 3860//5047 3825//5047 3826//5047
f 3860//5048 3826//5048 3861//5048
f 3861//5049 3826//5049 3827//5049
f 3861//5050 3827//5050 3862//5050
f 3862//5050 3827//5050 3828//5050
f 3862//5051 3828//5051 3863//5051
f 3863//5052 3828//5052 3829//5052
f 3863//5053 3829//5053 3864//5053
f 3864//5054 3829//5054 3830//5054
f 3864//5055 3830//5055 3865//5055
f 3865//5055 3830//5055 3831//5055
f 3865//5056 3831//5056 3866//5056
f 3866//5056 3831//5056 3832//5056
f 3866//5057 3832//5057 3867//5057
f 3867//5058 3832//5058 3833//5058
f 3867//5059 3833//5059 3868//5059
f 3868//5060 3833//5060 3834//5060
f 3868//5061 3834//5061 3869//5061
f 3869//5061 3834//5061 3835//5061
f 3869//5062 3835//5062 3870//5062
f 3870//5062 3835//5062 3836//5062
f 3870//5063 3836//5063 3871//5063
f 3871//5064 3836//5064 3837//5064
f 3871//5065 3837//5065 3872//5065
f 3872//5065 3837//5065 3838//5065
f 3872//5066 3838//5066 3873//5066
f 3873//5066 3838//5066 3839//5066
f 3873//5067 3839//5067 3874//5067
f 3874//5067 3839//5067 3840//5067
f 3874//5068 3840//5068 3875//5068
f 3875//5068 3840//5068 3841//5068
f 3875//5069 3841//5069 3876//5069
f 3876//5069 3841//5069 3842//5069
f 3876//5070 3842//5070 3877//5070
f 3877//5071 3842//5071 3843//5071
f 3877//5072 3843//5072 3878//5072
f 3878//5073 3843//5073 3844//5073
f 3878//5074 3844//5074 3879//5074
f 3879//5074 3844//5074 3845//5074
f 3879//5075 3845//5075 3880//5075
f 3880//5076 3845//5076 3846//5076
f 3880//5077 3846//5077 3881//5077
f 3881//5078 3846//5078 3847//5078
f 3881//5079 3847//5079 3882//5079
f 3882//5079 3847//5079 3848//5079
f 3882//5080 3848//5080 3883//5080
f 3883//5080 3848//5080 3849//5080
f 3883//5081 3849//5081 3884//5081
f 3884//5082 3849//5082 3850//5082
f 3884//5083 3850//5083 3885//5083
f 3885//5084 3850//5084 3851//5084
f 3885//5085 3851//5085 3886//5085
f 3886//5085 3851//5085 3852//5085
f 3886//5086 3852//5086 3887//5086
f 3887//5086 3852//5086 3853//5086
f 3887//5087 3853//5087 3888//5087
f 3888//5088 3853//5088 3854//5088
f 3888//5089 3854//5089 3889//5089
f 3889//5089 3854//5089 3855//5089
f 3889//5090 3855//5090 3890//5090
f 3890//5090 3855//5090 3856//5090
f 3890//5091 3856//5091 3891//5091
f 3891//5091 3856//5091 3857//5091
f 3891//5092 3857//5092 3892//5092
f 3892//5092 3857//5092 3858//5092
f 3892//5093 3858//5093 3599//5093
f 3599//5093 3858//5093 3859//5093
f 3756//1 3893//1 3758//1
f 3758//1 3893//1 3824//1
f 3894//1 3895//1 3893//1
f 3824//1 3822//1 3758//1
f 3758//1 3822//1 3820//1
f 3758//1 3820//1 3818//1
f 3794//1 3792//1 3758//1
f 3896//1 3897//1 3893//1
f 3893//1 3897//1 3898//1
f 3756//1 3899//1 3893//1
f 3893//1 3899//1 3900//1
f 3893//1 3900//1 3901//1
f 3898//1 3902//1 3893//1
f 3893//1 3902//1 3903//1
f 3893//1 3903//1 3904//1
f 3895//1 3905//1 3893//1
f 3893//1 3905//1 3906//1
f 3893//1 3906//1 3907//1
f 3893//1 3908//1 3909//1
f 3910//1 3911//1 3912//1
f 3784//1 3782//1 3768//1
f 3766//1 3764//1 3788//1
f 3788//1 3764//1 3762//1
f 3901//1 3913//1 3893//1
f 3893//1 3913//1 3914//1
f 3893//1 3914//1 3896//1
f 3904//1 3915//1 3893//1
f 3893//1 3915//1 3916//1
f 3893//1 3916//1 3917//1
f 3907//1 3918//1 3893//1
f 3893//1 3918//1 3919//1
f 3893//1 3919//1 3908//1
f 3909//1 3920//1 3893//1
f 3893//1 3920//1 3921//1
f 3893//1 3921//1 3922//1
f 3818//1 3816//1 3758//1
f 3758//1 3816//1 3814//1
f 3758//1 3814//1 3812//1
f 3812//1 3810//1 3758//1
f 3758//1 3810//1 3808//1
f 3758//1 3808//1 3806//1
f 3806//1 3804//1 3758//1
f 3758//1 3804//1 3802//1
f 3758//1 3802//1 3800//1
f 3800//1 3798//1 3758//1
f 3758//1 3798//1 3796//1
f 3758//1 3796//1 3794//1
f 3772//1 3778//1 3774//1
f 3774//1 3778//1 3776//1
f 3782//1 3780//1 3768//1
f 3768//1 3780//1 3778//1
f 3768//1 3778//1 3770//1
f 3770//1 3778//1 3772//1
f 3792//1 3790//1 3758//1
f 3758//1 3790//1 3788//1
f 3758//1 3788//1 3760//1
f 3760//1 3788//1 3762//1
f 3917//1 3923//1 3893//1
f 3893//1 3923//1 3924//1
f 3893//1 3924//1 3894//1
f 3922//1 3921//1 3912//1
f 3912//1 3921//1 3925//1
f 3912//1 3925//1 3910//1
f 3766//1 3788//1 3768//1
f 3768//1 3788//1 3786//1
f 3768//1 3786//1 3784//1
f 3671//5094 3670//5094 3734//5094
f 3734//5095 3589//5095 3588//5095
f 3588//5096 3860//5096 3734//5096
f 3734//5097 3860//5097 3861//5097
f 3734//5098 3861//5098 3671//5098
f 3671//5099 3861//5099 3862//5099
f 3671//5100 3862//5100 3673//5100
f 3862//5101 3863//5101 3673//5101
f 3673//5102 3863//5102 3864//5102
f 3673//5103 3864//5103 3675//5103
f 3864//5104 3865//5104 3675//5104
f 3675//5105 3865//5105 3866//5105
f 3675//5106 3866//5106 3677//5106
f 3866//5107 3867//5107 3677//5107
f 3677//5108 3867//5108 3868//5108
f 3677//5109 3868//5109 3679//5109
f 3868//5110 3869//5110 3679//5110
f 3679//5111 3869//5111 3870//5111
f 3679//5112 3870//5112 3681//5112
f 3870//5113 3871//5113 3681//5113
f 3681//5114 3871//5114 3872//5114
f 3681//5115 3872//5115 3683//5115
f 3872//5116 3873//5116 3683//5116
f 3683//5117 3873//5117 3874//5117
f 3683//5118 3874//5118 3685//5118
f 3685//5119 3874//5119 3875//5119
f 3685//5120 3875//5120 3687//5120
f 3687//5121 3875//5121 3876//5121
f 3876//5122 3877//5122 3687//5122
f 3687//5123 3877//5123 3878//5123
f 3687//5124 3878//5124 3689//5124
f 3689//5125 3878//5125 3879//5125
f 3689//5126 3879//5126 3691//5126
f 3691//5127 3879//5127 3880//5127
f 3880//5128 3881//5128 3691//5128
f 3691//5129 3881//5129 3882//5129
f 3691//5130 3882//5130 3693//5130
f 3693//5131 3882//5131 3883//5131
f 3693//5132 3883//5132 3695//5132
f 3695//5133 3883//5133 3884//5133
f 3884//5134 3885//5134 3695//5134
f 3695//5135 3885//5135 3886//5135
f 3695//5136 3886//5136 3697//5136
f 3697//5137 3886//5137 3887//5137
f 3697//5138 3887//5138 3699//5138
f 3887//5139 3888//5139 3699//5139
f 3699//5140 3888//5140 3889//5140
f 3699//5141 3889//5141 3701//5141
f 3889//5142 3890//5142 3701//5142
f 3701//5143 3890//5143 3891//5143
f 3701//5144 3891//5144 3598//5144
f 3598//5145 3891//5145 3892//5145
f 3598//5146 3892//5146 3599//5146
f 3823//5147 3824//5147 3926//5147
f 3926//5147 3824//5147 3893//5147
f 3926//5148 3893//5148 3927//5148
f 3927//5149 3893//5149 3922//5149
f 3927//5150 3922//5150 3928//5150
f 3928//5151 3922//5151 3912//5151
f 3928//5152 3912//5152 3929//5152
f 3929//5153 3912//5153 3911//5153
f 3929//5154 3911//5154 3930//5154
f 3930//5154 3911//5154 3910//5154
f 3930//5155 3910//5155 3931//5155
f 3931//5155 3910//5155 3925//5155
f 3931//5156 3925//5156 3932//5156
f 3932//5156 3925//5156 3921//5156
f 3932//5157 3921//5157 3933//5157
f 3933//5157 3921//5157 3920//5157
f 3933//5158 3920//5158 3934//5158
f 3934//5158 3920//5158 3909//5158
f 3934//5159 3909//5159 3935//5159
f 3935//5159 3909//5159 3908//5159
f 3935//5160 3908//5160 3936//5160
f 3936//5161 3908//5161 3919//5161
f 3936//5162 3919//5162 3937//5162
f 3937//5163 3919//5163 3918//5163
f 3937//5164 3918//5164 3938//5164
f 3938//5164 3918//5164 3907//5164
f 3938//5165 3907//5165 3939//5165
f 3939//5165 3907//5165 3906//5165
f 3939//5166 3906//5166 3940//5166
f 3940//5166 3906//5166 3905//5166
f 3940//5167 3905//5167 3941//5167
f 3941//5168 3905//5168 3895//5168
f 3941//5169 3895//5169 3942//5169
f 3942//5169 3895//5169 3894//5169
f 3942//5170 3894//5170 3943//5170
f 3943//5170 3894//5170 3924//5170
f 3943//5171 3924//5171 3944//5171
f 3944//5172 3924//5172 3923//5172
f 3944//5173 3923//5173 3945//5173
f 3945//5174 3923//5174 3917//5174
f 3945//5175 3917//5175 3946//5175
f 3946//5176 3917//5176 3916//5176
f 3946//5177 3916//5177 3947//5177
f 3947//5177 3916//5177 3915//5177
f 3947//5178 3915//5178 3948//5178
f 3948//5178 3915//5178 3904//5178
f 3948//5179 3904//5179 3949//5179
f 3949//5179 3904//5179 3903//5179
f 3949//5180 3903//5180 3950//5180
f 3950//5180 3903//5180 3902//5180
f 3950//5181 3902//5181 3951//5181
f 3951//5181 3902//5181 3898//5181
f 3951//5182 3898//5182 3952//5182
f 3952//5182 3898//5182 3897//5182
f 3952//5183 3897//5183 3953//5183
f 3953//5184 3897//5184 3896//5184
f 3953//5185 3896//5185 3954//5185
f 3954//5186 3896//5186 3914//5186
f 3954//5187 3914//5187 3955//5187
f 3955//5187 3914//5187 3913//5187
f 3955//5188 3913//5188 3956//5188
f 3956//5188 3913//5188 3901//5188
f 3956//5189 3901//5189 3957//5189
f 3957//5189 3901//5189 3900//5189
f 3957//5190 3900//5190 3958//5190
f 3958//5191 3900//5191 3899//5191
f 3958//5192 3899//5192 3755//5192
f 3755//5192 3899//5192 3756//5192
f 3859//5193 3823//5193 3959//5193
f 3959//5193 3823//5193 3926//5193
f 3959//5194 3926//5194 3960//5194
f 3960//5195 3926//5195 3927//5195
f 3960//5196 3927//5196 3961//5196
f 3961//5197 3927//5197 3928//5197
f 3961//5198 3928//5198 3962//5198
f 3962//5198 3928//5198 3929//5198
f 3962//5199 3929//5199 3963//5199
f 3963//5200 3929//5200 3930//5200
f 3963//5201 3930//5201 3964//5201
f 3964//5201 3930//5201 3931//5201
f 3964//5202 3931//5202 3965//5202
f 3965//5202 3931//5202 3932//5202
f 3965//5203 3932//5203 3966//5203
f 3966//5204 3932//5204 3933//5204
f 3966//5205 3933//5205 3967//5205
f 3967//5206 3933//5206 3934//5206
f 3967//5207 3934//5207 3968//5207
f 3968//5208 3934//5208 3935//5208
f 3968//5209 3935//5209 3969//5209
f 3969//5210 3935//5210 3936//5210
f 3969//5211 3936//5211 3970//5211
f 3970//5211 3936//5211 3937//5211
f 3970//5212 3937//5212 3971//5212
f 3971//5212 3937//5212 3938//5212
f 3971//5213 3938//5213 3972//5213
f 3972//5213 3938//5213 3939//5213
f 3972//5214 3939//5214 3973//5214
f 3973//5215 3939//5215 3940//5215
f 3973//5216 3940//5216 3974//5216
f 3974//5216 3940//5216 3941//5216
f 3974//5217 3941//5217 3975//5217
f 3975//5217 3941//5217 3942//5217
f 3975//5218 3942//5218 3976//5218
f 3976//5218 3942//5218 3943//5218
f 3976//5219 3943//5219 3977//5219
f 3977//5220 3943//5220 3944//5220
f 3977//5221 3944//5221 3978//5221
f 3978//5222 3944//5222 3945//5222
f 3978//5223 3945//5223 3979//5223
f 3979//5223 3945//5223 3946//5223
f 3979//5224 3946//5224 3980//5224
f 3980//5225 3946//5225 3947//5225
f 3980//5226 3947//5226 3981//5226
f 3981//5226 3947//5226 3948//5226
f 3981//5227 3948//5227 3982//5227
f 3982//5227 3948//5227 3949//5227
f 3982//5228 3949//5228 3983//5228
f 3983//5229 3949//5229 3950//5229
f 3983//5230 3950//5230 3984//5230
f 3984//5231 3950//5231 3951//5231
f 3984//5232 3951//5232 3985//5232
f 3985//5233 3951//5233 3952//5233
f 3985//5234 3952//5234 3986//5234
f 3986//5235 3952//5235 3953//5235
f 3986//5236 3953//5236 3987//5236
f 3987//5236 3953//5236 3954//5236
f 3987//5237 3954//5237 3988//5237
f 3988//5237 3954//5237 3955//5237
f 3988//5238 3955//5238 3989//5238
f 3989//5238 3955//5238 3956//5238
f 3989//5239 3956//5239 3990//5239
f 3990//5240 3956//5240 3957//5240
f 3990//5241 3957//5241 3991//5241
f 3991//5241 3957//5241 3958//5241
f 3991//5242 3958//5242 3825//5242
f 3825//5242 3958//5242 3755//5242
f 3599//5243 3859//5243 3600//5243
f 3600//5244 3859//5244 3959//5244
f 3600//5245 3959//5245 3602//5245
f 3602//5246 3959//5246 3960//5246
f 3602//5247 3960//5247 3604//5247
f 3604//5247 3960//5247 3961//5247
f 3604//5248 3961//5248 3605//5248
f 3605//5249 3961//5249 3962//5249
f 3605//5250 3962//5250 3607//5250
f 3607//5251 3962//5251 3963//5251
f 3607//5252 3963//5252 3608//5252
f 3608//5252 3963//5252 3964//5252
f 3608//5253 3964//5253 3610//5253
f 3610//5253 3964//5253 3965//5253
f 3610//5254 3965//5254 3611//5254
f 3611//5255 3965//5255 3966//5255
f 3611//5256 3966//5256 3612//5256
f 3612//5257 3966//5257 3967//5257
f 3612//5258 3967//5258 3614//5258
f 3614//5258 3967//5258 3968//5258
f 3614//5259 3968//5259 3616//5259
f 3616//5259 3968//5259 3969//5259
f 3616//5260 3969//5260 3617//5260
f 3617//5261 3969//5261 3970//5261
f 3617//5262 3970//5262 3618//5262
f 3618//5262 3970//5262 3971//5262
f 3618//5263 3971//5263 3620//5263
f 3620//5263 3971//5263 3972//5263
f 3620//5264 3972//5264 3622//5264
f 3622//5264 3972//5264 3973//5264
f 3622//5265 3973//5265 3623//5265
f 3623//5265 3973//5265 3974//5265
f 3623//5266 3974//5266 3624//5266
f 3624//5266 3974//5266 3975//5266
f 3624//5267 3975//5267 3626//5267
f 3626//5268 3975//5268 3976//5268
f 3626//5269 3976//5269 3628//5269
f 3628//5270 3976//5270 3977//5270
f 3628//5271 3977//5271 3629//5271
f 3629//5271 3977//5271 3978//5271
f 3629//5272 3978//5272 3630//5272
f 3630//5273 3978//5273 3979//5273
f 3630//5274 3979//5274 3632//5274
f 3632//5275 3979//5275 3980//5275
f 3632//5276 3980//5276 3634//5276
f 3634//5276 3980//5276 3981//5276
f 3634//5277 3981//5277 3635//5277
f 3635//5277 3981//5277 3982//5277
f 3635//5278 3982//5278 3636//5278
f 3636//5279 3982//5279 3983//5279
f 3636//5280 3983//5280 3638//5280
f 3638//5281 3983//5281 3984//5281
f 3638//5282 3984//5282 3640//5282
f 3640//5282 3984//5282 3985//5282
f 3640//5283 3985//5283 3641//5283
f 3641//5283 3985//5283 3986//5283
f 3641//5284 3986//5284 3642//5284
f 3642//5285 3986//5285 3987//5285
f 3642//5286 3987//5286 3645//5286
f 3645//5286 3987//5286 3988//5286
f 3645//5287 3988//5287 3644//5287
f 3644//5287 3988//5287 3989//5287
f 3644//5288 3989//5288 3592//5288
f 3592//5288 3989//5288 3990//5288
f 3592//5289 3990//5289 3590//5289
f 3590//5289 3990//5289 3991//5289
f 3590//5290 3991//5290 3588//5290
f 3588//5290 3991//5290 3825//5290
f 3992//5291 3993//5291 3994//5291
f 3994//5291 3993//5291 3995//5291
f 3994//5292 3995//5292 3996//5292
f 3996//5292 3995//5292 3997//5292
f 3998//5293 3999//5293 4000//5293
f 4000//5293 3999//5293 4001//5293
f 4000//5294 4001//5294 4002//5294
f 4002//5294 4001//5294 4003//5294
f 4002//5295 4003//5295 4004//5295
f 4004//5295 4003//5295 4005//5295
f 4004//5296 4005//5296 4006//5296
f 4006//5296 4005//5296 4007//5296
f 4006//5297 4007//5297 4008//5297
f 4008//5297 4007//5297 4009//5297
f 4008//5298 4009//5298 4010//5298
f 4010//5298 4009//5298 4011//5298
f 4010//5299 4011//5299 4012//5299
f 4012//5299 4011//5299 4013//5299
f 4012//5300 4013//5300 4014//5300
f 4014//5300 4013//5300 4015//5300
f 4014//5301 4015//5301 4016//5301
f 4016//5301 4015//5301 4017//5301
f 4016//5302 4017//5302 4018//5302
f 4018//5302 4017//5302 4019//5302
f 4018//5303 4019//5303 4020//5303
f 4020//5303 4019//5303 4021//5303
f 4020//5304 4021//5304 4022//5304
f 4022//5304 4021//5304 4023//5304
f 4022//5305 4023//5305 4024//5305
f 4024//5305 4023//5305 4025//5305
f 4024//5306 4025//5306 4026//5306
f 4026//5306 4025//5306 4027//5306
f 4026//5307 4027//5307 4028//5307
f 4028//5307 4027//5307 4029//5307
f 4028//5308 4029//5308 4030//5308
f 4030//5308 4029//5308 4031//5308
f 4030//5309 4031//5309 4032//5309
f 4032//5309 4031//5309 4033//5309
f 4034//5293 4035//5293 4036//5293
f 4034//5293 4036//5293 4037//5293
f 4037//5294 4036//5294 4038//5294
f 4037//5294 4038//5294 4039//5294
f 4039//5295 4038//5295 4040//5295
f 4039//5295 4040//5295 4041//5295
f 4041//5296 4040//5296 4042//5296
f 4041//5296 4042//5296 4043//5296
f 4043//5297 4042//5297 4044//5297
f 4043//5297 4044//5297 4045//5297
f 4045//5298 4044//5298 4046//5298
f 4045//5298 4046//5298 4047//5298
f 4047//5299 4046//5299 4048//5299
f 4047//5299 4048//5299 4049//5299
f 4049//5300 4048//5300 4050//5300
f 4049//5300 4050//5300 4051//5300
f 4051//5301 4050//5301 4052//5301
f 4051//5301 4052//5301 4053//5301
f 4053//5302 4052//5302 4054//5302
f 4053//5302 4054//5302 4055//5302
f 4055//5303 4054//5303 4056//5303
f 4055//5303 4056//5303 4057//5303
f 4057//5304 4056//5304 4058//5304
f 4057//5304 4058//5304 4059//5304
f 4059//5305 4058//5305 4060//5305
f 4059//5305 4060//5305 4061//5305
f 4061//5306 4060//5306 4062//5306
f 4061//5306 4062//5306 4063//5306
f 4063//5307 4062//5307 4064//5307
f 4063//5307 4064//5307 4065//5307
f 4065//5308 4064//5308 4066//5308
f 4065//5308 4066//5308 4067//5308
f 4067//5309 4066//5309 4068//5309
f 4067//5309 4068//5309 4069//5309
f 4070//5293 4071//5293 4072//5293
f 4070//5293 4072//5293 4073//5293
f 4073//5294 4072//5294 4074//5294
f 4073//5294 4074//5294 4075//5294
f 4075//5295 4074//5295 4076//5295
f 4075//5295 4076//5295 4077//5295
f 4077//5296 4076//5296 4078//5296
f 4077//5296 4078//5296 4079//5296
f 4079//5297 4078//5297 4080//5297
f 4079//5297 4080//5297 4081//5297
f 4081//5298 4080//5298 4082//5298
f 4081//5298 4082//5298 4083//5298
f 4083//5299 4082//5299 4084//5299
f 4083//5299 4084//5299 4085//5299
f 4085//5300 4084//5300 4086//5300
f 4085//5300 4086//5300 4087//5300
f 4087//5301 4086//5301 4088//5301
f 4087//5301 4088//5301 4089//5301
f 4089//5302 4088//5302 4090//5302
f 4089//5302 4090//5302 4091//5302
f 4091//5303 4090//5303 4092//5303
f 4091//5303 4092//5303 4093//5303
f 4093//5304 4092//5304 4094//5304
f 4093//5304 4094//5304 4095//5304
f 4095//5305 4094//5305 4096//5305
f 4095//5305 4096//5305 4097//5305
f 4097//5306 4096//5306 4098//5306
f 4097//5306 4098//5306 4099//5306
f 4099//5307 4098//5307 4100//5307
f 4099//5307 4100//5307 4101//5307
f 4101//5308 4100//5308 4102//5308
f 4101//5308 4102//5308 4103//5308
f 4103//5309 4102//5309 4104//5309
f 4103//5309 4104//5309 4105//5309
f 4106//5293 4107//5293 4108//5293
f 4106//5293 4108//5293 4109//5293
f 4109//5294 4108//5294 4110//5294
f 4109//5294 4110//5294 4111//5294
f 4111//5295 4110//5295 4112//5295
f 4111//5295 4112//5295 4113//5295
f 4113//5296 4112//5296 4114//5296
f 4113//5296 4114//5296 4115//5296
f 4115//5297 4114//5297 4116//5297
f 4115//5297 4116//5297 4117//5297
f 4117//5298 4116//5298 4118//5298
f 4117//5298 4118//5298 4119//5298
f 4119//5299 4118//5299 4120//5299
f 4119//5299 4120//5299 4121//5299
f 4121//5300 4120//5300 4122//5300
f 4121//5300 4122//5300 4123//5300
f 4123//5301 4122//5301 4124//5301
f 4123//5301 4124//5301 4125//5301
f 4125//5302 4124//5302 4126//5302
f 4125//5302 4126//5302 4127//5302
f 4127//5303 4126//5303 4128//5303
f 4127//5303 4128//5303 4129//5303
f 4129//5304 4128//5304 4130//5304
f 4129//5304 4130//5304 4131//5304
f 4131//5305 4130//5305 4132//5305
f 4131//5305 4132//5305 4133//5305
f 4133//5306 4132//5306 4134//5306
f 4133//5306 4134//5306 4135//5306
f 4135//5307 4134//5307 4136//5307
f 4135//5307 4136//5307 4137//5307
f 4137//5308 4136//5308 4138//5308
f 4137//5308 4138//5308 4139//5308
f 4139//5309 4138//5309 4140//5309
f 4139//5309 4140//5309 4141//5309
f 4142//5310 4143//5310 4144//5310
f 4142//5310 4144//5310 4145//5310
f 4145//5311 4144//5311 4146//5311
f 4145//5311 4146//5311 4147//5311
f 4147//5312 4146//5312 4148//5312
f 4147//5312 4148//5312 4149//5312
f 4149//5313 4148//5313 4150//5313
f 4149//5313 4150//5313 4151//5313
f 4151//5314 4150//5314 4152//5314
f 4151//5314 4152//5314 4153//5314
f 4153//5315 4152//5315 4154//5315
f 4153//5315 4154//5315 4155//5315
f 4155//5316 4154//5316 4156//5316
f 4155//5316 4156//5316 4157//5316
f 4157//5317 4156//5317 4158//5317
f 4157//5317 4158//5317 4159//5317
f 4159//5318 4158//5318 4160//5318
f 4159//5318 4160//5318 4161//5318
f 4161//5319 4160//5319 4162//5319
f 4161//5319 4162//5319 4163//5319
f 4163//5320 4162//5320 4164//5320
f 4163//5320 4164//5320 4165//5320
f 4165//5321 4164//5321 4166//5321
f 4165//5321 4166//5321 4167//5321
f 4167//5322 4166//5322 4168//5322
f 4167//5322 4168//5322 4169//5322
f 4169//5323 4168//5323 4170//5323
f 4169//5323 4170//5323 4171//5323
f 4171//5324 4170//5324 4172//5324
f 4171//5324 4172//5324 4173//5324
f 4173//5325 4172//5325 4174//5325
f 4173//5325 4174//5325 4175//5325
f 4175//5326 4174//5326 4176//5326
f 4175//5326 4176//5326 4177//5326
f 4178//5327 3702//5327 4179//5327
f 4179//5327 3702//5327 3703//5327
f 4179//5328 3703//5328 4180//5328
f 4180//5328 3703//5328 3704//5328
f 4180//5329 3704//5329 4181//5329
f 4181//5329 3704//5329 3705//5329
f 4181//5330 3705//5330 4182//5330
f 4182//5330 3705//5330 3706//5330
f 4182//5331 3706//5331 4183//5331
f 4183//5331 3706//5331 3707//5331
f 4183//5332 3707//5332 4184//5332
f 4184//5332 3707//5332 3719//5332
f 4184//5333 3719//5333 4185//5333
f 4185//5333 3719//5333 3718//5333
f 4185//5334 3718//5334 4186//5334
f 4186//5334 3718//5334 3717//5334
f 4186//5335 3717//5335 4187//5335
f 4187//5335 3717//5335 3716//5335
f 4187//5336 3716//5336 4188//5336
f 4188//5336 3716//5336 3715//5336
f 4188//5337 3715//5337 4189//5337
f 4189//5337 3715//5337 3714//5337
f 4189//5338 3714//5338 4190//5338
f 4190//5338 3714//5338 3713//5338
f 4190//5339 3713//5339 4191//5339
f 4191//5339 3713//5339 3712//5339
f 4191//5340 3712//5340 4192//5340
f 4192//5340 3712//5340 3711//5340
f 4192//5341 3711//5341 4193//5341
f 4193//5341 3711//5341 3710//5341
f 4193//5342 3710//5342 4194//5342
f 4194//5342 3710//5342 3709//5342
f 4194//5343 3709//5343 4195//5343
f 4195//5343 3709//5343 3708//5343
f 4196//5344 4197//5344 4198//5344
f 4196//5344 4198//5344 4199//5344
f 4199//5345 4198//5345 4200//5345
f 4199//5345 4200//5345 4201//5345
f 4201//5346 4200//5346 4202//5346
f 4201//5346 4202//5346 4203//5346
f 4203//5347 4202//5347 4204//5347
f 4203//5347 4204//5347 4205//5347
f 4205//5348 4204//5348 4206//5348
f 4205//5348 4206//5348 4207//5348
f 4207//5349 4206//5349 4208//5349
f 4207//5349 4208//5349 4209//5349
f 4209//5350 4208//5350 4210//5350
f 4209//5350 4210//5350 4211//5350
f 4211//5351 4210//5351 4212//5351
f 4211//5351 4212//5351 4213//5351
f 4213//5352 4212//5352 4214//5352
f 4213//5352 4214//5352 4215//5352
f 4215//5353 4214//5353 4216//5353
f 4215//5353 4216//5353 4217//5353
f 4217//5354 4216//5354 4218//5354
f 4217//5354 4218//5354 4219//5354
f 4219//5355 4218//5355 4220//5355
f 4219//5355 4220//5355 4221//5355
f 4221//5356 4220//5356 4222//5356
f 4221//5356 4222//5356 4223//5356
f 4223//5357 4222//5357 4224//5357
f 4223//5357 4224//5357 4225//5357
f 4225//5358 4224//5358 4226//5358
f 4225//5358 4226//5358 4227//5358
f 4227//5359 4226//5359 4228//5359
f 4227//5359 4228//5359 4229//5359
f 4229//5360 4228//5360 4230//5360
f 4229//5360 4230//5360 4231//5360
f 4232//5293 4230//5293 4228//5293
f 4232//5293 4228//5293 4233//5293
f 4233//5294 4228//5294 4226//5294
f 4233//5294 4226//5294 4234//5294
f 4234//5295 4226//5295 4224//5295
f 4234//5295 4224//5295 4235//5295
f 4235//5296 4224//5296 4222//5296
f 4235//5296 4222//5296 4236//5296
f 4236//5297 4222//5297 4220//5297
f 4236//5297 4220//5297 4237//5297
f 4237//5298 4220//5298 4218//5298
f 4237//5298 4218//5298 4238//5298
f 4238//5299 4218//5299 4216//5299
f 4238//5299 4216//5299 4239//5299
f 4239//5300 4216//5300 4214//5300
f 4239//5300 4214//5300 4240//5300
f 4240//5301 4214//5301 4212//5301
f 4240//5301 4212//5301 4241//5301
f 4241//5302 4212//5302 4210//5302
f 4241//5302 4210//5302 4242//5302
f 4242//5303 4210//5303 4208//5303
f 4242//5303 4208//5303 4243//5303
f 4243//5304 4208//5304 4206//5304
f 4243//5304 4206//5304 4244//5304
f 4244//5305 4206//5305 4204//5305
f 4244//5305 4204//5305 4245//5305
f 4245//5306 4204//5306 4202//5306
f 4245//5306 4202//5306 4246//5306
f 4246//5307 4202//5307 4200//5307
f 4246//5307 4200//5307 4247//5307
f 4247//5308 4200//5308 4198//5308
f 4247//5308 4198//5308 4248//5308
f 4248//5309 4198//5309 4197//5309
f 4248//5309 4197//5309 4249//5309
f 4250//5361 4251//5361 4252//5361
f 4252//5361 4251//5361 4253//5361
f 4252//5362 4253//5362 4254//5362
f 4254//5362 4253//5362 4255//5362
f 4254//5363 4255//5363 4256//5363
f 4256//5363 4255//5363 4257//5363
f 4256//5364 4257//5364 4258//5364
f 4258//5364 4257//5364 4259//5364
f 4258//5365 4259//5365 4260//5365
f 4260//5365 4259//5365 4261//5365
f 4260//1982 4261//1982 4262//1982
f 4262//1982 4261//1982 4263//1982
f 4262//5366 4263//5366 4264//5366
f 4264//5366 4263//5366 4265//5366
f 4264//5367 4265//5367 4266//5367
f 4266//5367 4265//5367 4267//5367
f 4266//5368 4267//5368 4268//5368
f 4268//5368 4267//5368 4269//5368
f 4268//5369 4269//5369 4270//5369
f 4270//5369 4269//5369 4271//5369
f 4270//5370 4271//5370 4272//5370
f 4272//5370 4271//5370 4273//5370
f 4274//5371 4275//5371 4276//5371
f 4276//5371 4275//5371 4277//5371
f 4276//5372 4277//5372 4278//5372
f 4278//5372 4277//5372 4279//5372
f 4278//5373 4279//5373 4280//5373
f 4280//5373 4279//5373 4281//5373
f 4280//5374 4281//5374 4282//5374
f 4282//5374 4281//5374 4283//5374
f 4282//5375 4283//5375 4284//5375
f 4284//5375 4283//5375 4285//5375
f 4284//5376 4285//5376 4286//5376
f 4286//5376 4285//5376 4287//5376
f 4286//5377 4287//5377 4288//5377
f 4288//5377 4287//5377 4289//5377
f 4288//5378 4289//5378 4290//5378
f 4290//5378 4289//5378 4291//5378
f 4290//5379 4291//5379 4292//5379
f 4292//5379 4291//5379 4293//5379
f 4292//5380 4293//5380 4294//5380
f 4294//5380 4293//5380 4295//5380
f 4294//5381 4295//5381 4296//5381
f 4296//5381 4295//5381 4297//5381
f 3996//5382 3997//5382 4298//5382
f 4298//5382 3997//5382 4299//5382
f 4298//5383 4299//5383 4300//5383
f 4300//5383 4299//5383 4301//5383
f 4300//5384 4301//5384 4302//5384
f 4302//5384 4301//5384 4303//5384
f 4302//5385 4303//5385 4304//5385
f 4304//5385 4303//5385 4305//5385
f 4304//5386 4305//5386 4306//5386
f 4306//5386 4305//5386 4307//5386
f 4306//5387 4307//5387 4308//5387
f 4308//5387 4307//5387 4309//5387
f 4308//5388 4309//5388 4310//5388
f 4310//5388 4309//5388 4311//5388
f 4310//5389 4311//5389 4312//5389
f 4312//5389 4311//5389 4313//5389
f 4312//5390 4313//5390 4314//5390
f 4314//5390 4313//5390 4315//5390
f 4314//5391 4315//5391 4316//5391
f 4316//5391 4315//5391 4317//5391
f 4316//5392 4317//5392 4318//5392
f 4318//5392 4317//5392 4319//5392
f 4320//250 4225//250 4321//250
f 4321//250 4225//250 4227//250
f 4321//250 4227//250 4322//250
f 4322//250 4227//250 4229//250
f 4322//250 4229//250 4032//250
f 4032//250 4229//250 4231//250
f 4032//250 4231//250 4030//250
f 4030//250 4231//250 4323//250
f 4030//250 4323//250 4028//250
f 4028//250 4323//250 4324//250
f 4028//250 4324//250 4026//250
f 4026//250 4324//250 4325//250
f 4026//250 4325//250 4024//250
f 4024//250 4325//250 4326//250
f 4024//250 4326//250 4022//250
f 4022//250 4326//250 4327//250
f 4022//250 4327//250 4020//250
f 4020//250 4327//250 4328//250
f 4020//250 4328//250 4018//250
f 4018//250 4328//250 4329//250
f 4018//250 4329//250 4016//250
f 4016//250 4329//250 4330//250
f 4016//250 4330//250 4014//250
f 4014//250 4330//250 4331//250
f 4014//250 4331//250 4012//250
f 4012//250 4331//250 4332//250
f 4012//250 4332//250 4010//250
f 4010//250 4332//250 4333//250
f 4010//250 4333//250 4008//250
f 4008//250 4333//250 4334//250
f 4008//250 4334//250 4006//250
f 4006//250 4334//250 4335//250
f 4006//250 4335//250 4004//250
f 4004//250 4335//250 4336//250
f 4004//250 4336//250 4002//250
f 4002//250 4336//250 4337//250
f 4002//250 4337//250 4000//250
f 4000//250 4337//250 4338//250
f 4000//250 4338//250 3998//250
f 3998//250 4338//250 4196//250
f 3998//250 4196//250 4339//250
f 4339//250 4196//250 4199//250
f 4339//250 4199//250 4340//250
f 4340//250 4199//250 4201//250
f 4340//250 4201//250 4341//250
f 4341//250 4201//250 4203//250
f 4341//250 4203//250 4342//250
f 4342//250 4203//250 4205//250
f 4342//250 4205//250 4343//250
f 4343//250 4205//250 4207//250
f 4343//250 4207//250 4344//250
f 4344//250 4207//250 4209//250
f 4344//250 4209//250 4345//250
f 4345//250 4209//250 4211//250
f 4345//250 4211//250 4346//250
f 4346//250 4211//250 4213//250
f 4346//250 4213//250 4347//250
f 4347//250 4213//250 4215//250
f 4347//250 4215//250 4348//250
f 4348//250 4215//250 4217//250
f 4348//250 4217//250 4349//250
f 4349//250 4217//250 4219//250
f 4349//250 4219//250 4350//250
f 4350//250 4219//250 4221//250
f 4350//250 4221//250 4351//250
f 4351//250 4221//250 4223//250
f 4351//250 4223//250 4320//250
f 4320//250 4223//250 4225//250
f 4249//5393 4197//5393 4352//5393
f 4249//5393 4352//5393 4353//5393
f 4353//5394 4352//5394 4354//5394
f 4353//5394 4354//5394 4355//5394
f 4355//5395 4354//5395 4356//5395
f 4355//5395 4356//5395 4357//5395
f 4357//5396 4356//5396 4358//5396
f 4357//5396 4358//5396 4359//5396
f 4359//5397 4358//5397 4360//5397
f 4359//5397 4360//5397 4361//5397
f 4361//5398 4360//5398 4362//5398
f 4361//5398 4362//5398 4363//5398
f 4363//5399 4362//5399 4364//5399
f 4363//5399 4364//5399 4365//5399
f 4365//5400 4364//5400 4366//5400
f 4365//5400 4366//5400 4367//5400
f 4367//5401 4366//5401 4368//5401
f 4367//5401 4368//5401 4369//5401
f 4369//5402 4368//5402 4370//5402
f 4369//5402 4370//5402 4371//5402
f 4371//5403 4370//5403 4372//5403
f 4371//5403 4372//5403 4373//5403
f 4373//5404 4372//5404 4374//5404
f 4373//5404 4374//5404 4375//5404
f 4375//5405 4374//5405 4376//5405
f 4375//5405 4376//5405 4377//5405
f 4377//5406 4376//5406 4378//5406
f 4377//5406 4378//5406 4379//5406
f 4379//5407 4378//5407 4380//5407
f 4379//5407 4380//5407 4381//5407
f 4381//5408 4380//5408 4382//5408
f 4381//5408 4382//5408 4383//5408
f 4383//5409 4382//5409 4230//5409
f 4383//5409 4230//5409 4232//5409
f 4231//5410 4230//5410 4382//5410
f 4231//5410 4382//5410 4323//5410
f 4323//5411 4382//5411 4380//5411
f 4323//5411 4380//5411 4324//5411
f 4324//5412 4380//5412 4378//5412
f 4324//5412 4378//5412 4325//5412
f 4325//5413 4378//5413 4376//5413
f 4325//5413 4376//5413 4326//5413
f 4326//5414 4376//5414 4374//5414
f 4326//5414 4374//5414 4327//5414
f 4327//5415 4374//5415 4372//5415
f 4327//5415 4372//5415 4328//5415
f 4328//5416 4372//5416 4370//5416
f 4328//5416 4370//5416 4329//5416
f 4329//5417 4370//5417 4368//5417
f 4329//5417 4368//5417 4330//5417
f 4330//5418 4368//5418 4366//5418
f 4330//5418 4366//5418 4331//5418
f 4331//5419 4366//5419 4364//5419
f 4331//5419 4364//5419 4332//5419
f 4332//5420 4364//5420 4362//5420
f 4332//5420 4362//5420 4333//5420
f 4333//5421 4362//5421 4360//5421
f 4333//5421 4360//5421 4334//5421
f 4334//5422 4360//5422 4358//5422
f 4334//5422 4358//5422 4335//5422
f 4335//5423 4358//5423 4356//5423
f 4335//5423 4356//5423 4336//5423
f 4336//5424 4356//5424 4354//5424
f 4336//5424 4354//5424 4337//5424
f 4337//5425 4354//5425 4352//5425
f 4337//5425 4352//5425 4338//5425
f 4338//5426 4352//5426 4197//5426
f 4338//5426 4197//5426 4196//5426
f 3746//250 3744//250 3742//250
f 3731//250 3729//250 3733//250
f 3733//250 3729//250 3661//250
f 3733//250 3661//250 3742//250
f 3742//250 3661//250 3647//250
f 3742//250 3647//250 3746//250
f 3648//5427 3647//5427 4384//5427
f 4384//5428 3647//5428 3661//5428
f 4384//5429 3661//5429 4385//5429
f 4385//5430 3661//5430 3663//5430
f 4385//5431 3663//5431 4386//5431
f 4386//5431 3663//5431 3672//5431
f 4386//5432 3672//5432 4387//5432
f 4387//5432 3672//5432 3674//5432
f 4387//5433 3674//5433 4388//5433
f 4388//5433 3674//5433 3676//5433
f 4388//5434 3676//5434 4389//5434
f 4389//5434 3676//5434 3678//5434
f 4389//5435 3678//5435 4390//5435
f 4390//5435 3678//5435 3680//5435
f 4390//5436 3680//5436 4391//5436
f 4391//5436 3680//5436 3682//5436
f 4391//5437 3682//5437 4392//5437
f 4392//5437 3682//5437 3684//5437
f 4392//5438 3684//5438 4393//5438
f 4393//5438 3684//5438 3686//5438
f 4393//5439 3686//5439 4394//5439
f 4394//5439 3686//5439 3688//5439
f 4394//5440 3688//5440 4395//5440
f 4395//5440 3688//5440 3690//5440
f 4395//5441 3690//5441 4396//5441
f 4396//5441 3690//5441 3692//5441
f 4396//5442 3692//5442 4397//5442
f 4397//5442 3692//5442 3694//5442
f 4397//5443 3694//5443 4398//5443
f 4398//5443 3694//5443 3696//5443
f 4398//5444 3696//5444 4399//5444
f 4399//5444 3696//5444 3698//5444
f 4399//5445 3698//5445 4400//5445
f 4400//5445 3698//5445 3700//5445
f 4400//5446 3700//5446 4178//5446
f 4178//5446 3700//5446 3702//5446
f 4401//250 4402//250 4403//250
f 4404//250 4405//250 4406//250
f 4406//250 4405//250 4401//250
f 4406//250 4401//250 4407//250
f 4407//250 4401//250 4403//250
f 4177//250 4384//250 4175//250
f 4175//250 4384//250 4385//250
f 4175//250 4385//250 4173//250
f 4173//250 4385//250 4386//250
f 4173//250 4386//250 4171//250
f 4171//250 4386//250 4387//250
f 4171//250 4387//250 4169//250
f 4169//250 4387//250 4388//250
f 4169//250 4388//250 4167//250
f 4167//250 4388//250 4389//250
f 4167//250 4389//250 4165//250
f 4165//250 4389//250 4390//250
f 4165//250 4390//250 4163//250
f 4163//250 4390//250 4391//250
f 4163//250 4391//250 4161//250
f 4161//250 4391//250 4392//250
f 4161//250 4392//250 4159//250
f 4159//250 4392//250 4393//250
f 4159//250 4393//250 4157//250
f 4157//250 4393//250 4394//250
f 4157//250 4394//250 4155//250
f 4155//250 4394//250 4395//250
f 4155//250 4395//250 4153//250
f 4153//250 4395//250 4396//250
f 4153//250 4396//250 4151//250
f 4151//250 4396//250 4397//250
f 4151//250 4397//250 4149//250
f 4149//250 4397//250 4398//250
f 4149//250 4398//250 4147//250
f 4147//250 4398//250 4399//250
f 4147//250 4399//250 4145//250
f 4145//250 4399//250 4400//250
f 4145//250 4400//250 4142//250
f 4142//250 4400//250 4178//250
f 4142//250 4178//250 4408//250
f 4408//250 4178//250 4179//250
f 4408//250 4179//250 4409//250
f 4409//250 4179//250 4180//250
f 4409//250 4180//250 4410//250
f 4410//250 4180//250 4181//250
f 4410//250 4181//250 4411//250
f 4411//250 4181//250 4182//250
f 4411//250 4182//250 4412//250
f 4412//250 4182//250 4183//250
f 4412//250 4183//250 4413//250
f 4413//250 4183//250 4184//250
f 4413//250 4184//250 4414//250
f 4414//250 4184//250 4185//250
f 4414//250 4185//250 4415//250
f 4415//250 4185//250 4186//250
f 4415//250 4186//250 4416//250
f 4416//250 4186//250 4187//250
f 4416//250 4187//250 4417//250
f 4417//250 4187//250 4188//250
f 4417//250 4188//250 4418//250
f 4418//250 4188//250 4189//250
f 4418//250 4189//250 4419//250
f 4419//250 4189//250 4190//250
f 4419//250 4190//250 4420//250
f 4420//250 4190//250 4191//250
f 4420//250 4191//250 4421//250
f 4421//250 4191//250 4192//250
f 4421//250 4192//250 4422//250
f 4422//250 4192//250 4193//250
f 4422//250 4193//250 4423//250
f 4423//250 4193//250 4194//250
f 4423//250 4194//250 4401//250
f 4401//250 4194//250 4195//250
f 4401//250 4195//250 4402//250
f 4424//250 4425//250 4177//250
f 4177//250 4425//250 4426//250
f 4177//250 4426//250 4384//250
f 4427//250 4428//250 4177//250
f 4177//250 4428//250 4429//250
f 4177//250 4429//250 4424//250
f 4401//5447 4430//5447 4431//5447
f 4401//5447 4431//5447 4423//5447
f 4423//5448 4431//5448 4432//5448
f 4423//5448 4432//5448 4422//5448
f 4422//5449 4432//5449 4433//5449
f 4422//5449 4433//5449 4421//5449
f 4421//5450 4433//5450 4434//5450
f 4421//5450 4434//5450 4420//5450
f 4420//5451 4434//5451 4435//5451
f 4420//5451 4435//5451 4419//5451
f 4419//5452 4435//5452 4436//5452
f 4419//5452 4436//5452 4418//5452
f 4418//5453 4436//5453 4437//5453
f 4418//5453 4437//5453 4417//5453
f 4417//5454 4437//5454 4438//5454
f 4417//5454 4438//5454 4416//5454
f 4416//5455 4438//5455 4439//5455
f 4416//5455 4439//5455 4415//5455
f 4415//5456 4439//5456 4440//5456
f 4415//5456 4440//5456 4414//5456
f 4414//5457 4440//5457 4441//5457
f 4414//5457 4441//5457 4413//5457
f 4413//5458 4441//5458 4442//5458
f 4413//5458 4442//5458 4412//5458
f 4412//5459 4442//5459 4443//5459
f 4412//5459 4443//5459 4411//5459
f 4411//5460 4443//5460 4444//5460
f 4411//5460 4444//5460 4410//5460
f 4410//5461 4444//5461 4445//5461
f 4410//5461 4445//5461 4409//5461
f 4409//5462 4445//5462 4446//5462
f 4409//5462 4446//5462 4408//5462
f 4408//5463 4446//5463 4143//5463
f 4408//5463 4143//5463 4142//5463
f 4141//5393 4140//5393 4447//5393
f 4141//5393 4447//5393 4448//5393
f 4448//5394 4447//5394 4449//5394
f 4448//5394 4449//5394 4450//5394
f 4450//5395 4449//5395 4451//5395
f 4450//5395 4451//5395 4452//5395
f 4452//5396 4451//5396 4453//5396
f 4452//5396 4453//5396 4454//5396
f 4454//5397 4453//5397 4455//5397
f 4454//5397 4455//5397 4456//5397
f 4456//5398 4455//5398 4457//5398
f 4456//5398 4457//5398 4458//5398
f 4458//5399 4457//5399 4459//5399
f 4458//5399 4459//5399 4460//5399
f 4460//5400 4459//5400 4461//5400
f 4460//5400 4461//5400 4462//5400
f 4462//5401 4461//5401 4463//5401
f 4462//5401 4463//5401 4464//5401
f 4464//5402 4463//5402 4465//5402
f 4464//5402 4465//5402 4466//5402
f 4466//5403 4465//5403 4467//5403
f 4466//5403 4467//5403 4468//5403
f 4468//5404 4467//5404 4469//5404
f 4468//5404 4469//5404 4470//5404
f 4470//5405 4469//5405 4471//5405
f 4470//5405 4471//5405 4472//5405
f 4472//5406 4471//5406 4473//5406
f 4472//5406 4473//5406 4474//5406
f 4474//5407 4473//5407 4475//5407
f 4474//5407 4475//5407 4476//5407
f 4476//5408 4475//5408 4477//5408
f 4476//5408 4477//5408 4478//5408
f 4478//5409 4477//5409 4107//5409
f 4478//5409 4107//5409 4106//5409
f 4126//1 4091//1 4128//1
f 4128//1 4091//1 4093//1
f 4128//1 4093//1 4130//1
f 4130//1 4093//1 4095//1
f 4130//1 4095//1 4132//1
f 4132//1 4095//1 4097//1
f 4132//1 4097//1 4134//1
f 4134//1 4097//1 4099//1
f 4134//1 4099//1 4136//1
f 4136//1 4099//1 4101//1
f 4136//1 4101//1 4138//1
f 4138//1 4101//1 4103//1
f 4138//1 4103//1 4140//1
f 4140//1 4103//1 4105//1
f 4140//1 4105//1 4447//1
f 4447//1 4105//1 4479//1
f 4447//1 4479//1 4449//1
f 4449//1 4479//1 4480//1
f 4449//1 4480//1 4451//1
f 4451//1 4480//1 4481//1
f 4451//1 4481//1 4453//1
f 4453//1 4481//1 4482//1
f 4453//1 4482//1 4455//1
f 4455//1 4482//1 4483//1
f 4455//1 4483//1 4457//1
f 4457//1 4483//1 4484//1
f 4457//1 4484//1 4459//1
f 4459//1 4484//1 4485//1
f 4459//1 4485//1 4461//1
f 4461//1 4485//1 4486//1
f 4461//1 4486//1 4463//1
f 4463//1 4486//1 4487//1
f 4463//1 4487//1 4465//1
f 4465//1 4487//1 4488//1
f 4465//1 4488//1 4467//1
f 4467//1 4488//1 4489//1
f 4467//1 4489//1 4469//1
f 4469//1 4489//1 4490//1
f 4469//1 4490//1 4471//1
f 4471//1 4490//1 4491//1
f 4471//1 4491//1 4473//1
f 4473//1 4491//1 4492//1
f 4473//1 4492//1 4475//1
f 4475//1 4492//1 4493//1
f 4475//1 4493//1 4477//1
f 4477//1 4493//1 4494//1
f 4477//1 4494//1 4107//1
f 4107//1 4494//1 4070//1
f 4107//1 4070//1 4108//1
f 4108//1 4070//1 4073//1
f 4108//1 4073//1 4110//1
f 4110//1 4073//1 4075//1
f 4110//1 4075//1 4112//1
f 4112//1 4075//1 4077//1
f 4112//1 4077//1 4114//1
f 4114//1 4077//1 4079//1
f 4114//1 4079//1 4116//1
f 4116//1 4079//1 4081//1
f 4116//1 4081//1 4118//1
f 4118//1 4081//1 4083//1
f 4118//1 4083//1 4120//1
f 4120//1 4083//1 4085//1
f 4120//1 4085//1 4122//1
f 4122//1 4085//1 4087//1
f 4122//1 4087//1 4124//1
f 4124//1 4087//1 4089//1
f 4124//1 4089//1 4126//1
f 4126//1 4089//1 4091//1
f 4105//5393 4104//5393 4495//5393
f 4105//5393 4495//5393 4479//5393
f 4479//5394 4495//5394 4496//5394
f 4479//5394 4496//5394 4480//5394
f 4480//5395 4496//5395 4497//5395
f 4480//5395 4497//5395 4481//5395
f 4481//5396 4497//5396 4498//5396
f 4481//5396 4498//5396 4482//5396
f 4482//5397 4498//5397 4499//5397
f 4482//5397 4499//5397 4483//5397
f 4483//5398 4499//5398 4500//5398
f 4483//5398 4500//5398 4484//5398
f 4484//5399 4500//5399 4501//5399
f 4484//5399 4501//5399 4485//5399
f 4485//5400 4501//5400 4502//5400
f 4485//5400 4502//5400 4486//5400
f 4486//5401 4502//5401 4503//5401
f 4486//5401 4503//5401 4487//5401
f 4487//5402 4503//5402 4504//5402
f 4487//5402 4504//5402 4488//5402
f 4488//5403 4504//5403 4505//5403
f 4488//5403 4505//5403 4489//5403
f 4489//5404 4505//5404 4506//5404
f 4489//5404 4506//5404 4490//5404
f 4490//5405 4506//5405 4507//5405
f 4490//5405 4507//5405 4491//5405
f 4491//5406 4507//5406 4508//5406
f 4491//5406 4508//5406 4492//5406
f 4492//5407 4508//5407 4509//5407
f 4492//5407 4509//5407 4493//5407
f 4493//5408 4509//5408 4510//5408
f 4493//5408 4510//5408 4494//5408
f 4494//5409 4510//5409 4071//5409
f 4494//5409 4071//5409 4070//5409
f 4511//250 4505//250 4512//250
f 4512//250 4505//250 4504//250
f 4512//250 4504//250 4513//250
f 4513//250 4504//250 4503//250
f 4513//250 4503//250 4514//250
f 4514//250 4503//250 4502//250
f 4514//250 4502//250 4515//250
f 4515//250 4502//250 4501//250
f 4515//250 4501//250 4516//250
f 4516//250 4501//250 4500//250
f 4516//250 4500//250 4517//250
f 4517//250 4500//250 4499//250
f 4517//250 4499//250 4518//250
f 4518//250 4499//250 4498//250
f 4518//250 4498//250 4519//250
f 4519//250 4498//250 4497//250
f 4519//250 4497//250 4520//250
f 4520//250 4497//250 4496//250
f 4520//250 4496//250 4521//250
f 4521//250 4496//250 4495//250
f 4521//250 4495//250 4069//250
f 4069//250 4495//250 4104//250
f 4069//250 4104//250 4067//250
f 4067//250 4104//250 4102//250
f 4067//250 4102//250 4065//250
f 4065//250 4102//250 4100//250
f 4065//250 4100//250 4063//250
f 4063//250 4100//250 4098//250
f 4063//250 4098//250 4061//250
f 4061//250 4098//250 4096//250
f 4061//250 4096//250 4059//250
f 4059//250 4096//250 4094//250
f 4059//250 4094//250 4057//250
f 4057//250 4094//250 4092//250
f 4057//250 4092//250 4055//250
f 4055//250 4092//250 4090//250
f 4055//250 4090//250 4053//250
f 4053//250 4090//250 4088//250
f 4053//250 4088//250 4051//250
f 4051//250 4088//250 4086//250
f 4051//250 4086//250 4049//250
f 4049//250 4086//250 4084//250
f 4049//250 4084//250 4047//250
f 4047//250 4084//250 4082//250
f 4047//250 4082//250 4045//250
f 4045//250 4082//250 4080//250
f 4045//250 4080//250 4043//250
f 4043//250 4080//250 4078//250
f 4043//250 4078//250 4041//250
f 4041//250 4078//250 4076//250
f 4041//250 4076//250 4039//250
f 4039//250 4076//250 4074//250
f 4039//250 4074//250 4037//250
f 4037//250 4074//250 4072//250
f 4037//250 4072//250 4034//250
f 4034//250 4072//250 4071//250
f 4034//250 4071//250 4522//250
f 4522//250 4071//250 4510//250
f 4522//250 4510//250 4523//250
f 4523//250 4510//250 4509//250
f 4523//250 4509//250 4524//250
f 4524//250 4509//250 4508//250
f 4524//250 4508//250 4525//250
f 4525//250 4508//250 4507//250
f 4525//250 4507//250 4526//250
f 4526//250 4507//250 4506//250
f 4526//250 4506//250 4511//250
f 4511//250 4506//250 4505//250
f 4069//5393 4068//5393 4527//5393
f 4069//5393 4527//5393 4521//5393
f 4521//5394 4527//5394 4528//5394
f 4521//5394 4528//5394 4520//5394
f 4520//5395 4528//5395 4529//5395
f 4520//5395 4529//5395 4519//5395
f 4519//5396 4529//5396 4530//5396
f 4519//5396 4530//5396 4518//5396
f 4518//5397 4530//5397 4531//5397
f 4518//5397 4531//5397 4517//5397
f 4517//5398 4531//5398 4532//5398
f 4517//5398 4532//5398 4516//5398
f 4516//5399 4532//5399 4533//5399
f 4516//5399 4533//5399 4515//5399
f 4515//5400 4533//5400 4534//5400
f 4515//5400 4534//5400 4514//5400
f 4514//5401 4534//5401 4535//5401
f 4514//5401 4535//5401 4513//5401
f 4513//5402 4535//5402 4536//5402
f 4513//5402 4536//5402 4512//5402
f 4512//5403 4536//5403 4537//5403
f 4512//5403 4537//5403 4511//5403
f 4511//5404 4537//5404 4538//5404
f 4511//5404 4538//5404 4526//5404
f 4526//5405 4538//5405 4539//5405
f 4526//5405 4539//5405 4525//5405
f 4525//5406 4539//5406 4540//5406
f 4525//5406 4540//5406 4524//5406
f 4524//5407 4540//5407 4541//5407
f 4524//5407 4541//5407 4523//5407
f 4523//5408 4541//5408 4542//5408
f 4523//5408 4542//5408 4522//5408
f 4522//5409 4542//5409 4035//5409
f 4522//5409 4035//5409 4034//5409
f 4060//1 4245//1 4062//1
f 4062//1 4245//1 4246//1
f 4062//1 4246//1 4064//1
f 4064//1 4246//1 4247//1
f 4064//1 4247//1 4066//1
f 4066//1 4247//1 4248//1
f 4066//1 4248//1 4068//1
f 4068//1 4248//1 4249//1
f 4068//1 4249//1 4527//1
f 4527//1 4249//1 4353//1
f 4527//1 4353//1 4528//1
f 4528//1 4353//1 4355//1
f 4528//1 4355//1 4529//1
f 4529//1 4355//1 4357//1
f 4529//1 4357//1 4530//1
f 4530//1 4357//1 4359//1
f 4530//1 4359//1 4531//1
f 4531//1 4359//1 4361//1
f 4531//1 4361//1 4532//1
f 4532//1 4361//1 4363//1
f 4532//1 4363//1 4533//1
f 4533//1 4363//1 4365//1
f 4533//1 4365//1 4534//1
f 4534//1 4365//1 4367//1
f 4534//1 4367//1 4535//1
f 4535//1 4367//1 4369//1
f 4535//1 4369//1 4536//1
f 4536//1 4369//1 4371//1
f 4536//1 4371//1 4537//1
f 4537//1 4371//1 4373//1
f 4537//1 4373//1 4538//1
f 4538//1 4373//1 4375//1
f 4538//1 4375//1 4539//1
f 4539//1 4375//1 4377//1
f 4539//1 4377//1 4540//1
f 4540//1 4377//1 4379//1
f 4540//1 4379//1 4541//1
f 4541//1 4379//1 4381//1
f 4541//1 4381//1 4542//1
f 4542//1 4381//1 4383//1
f 4542//1 4383//1 4035//1
f 4035//1 4383//1 4232//1
f 4035//1 4232//1 4036//1
f 4036//1 4232//1 4233//1
f 4036//1 4233//1 4038//1
f 4038//1 4233//1 4234//1
f 4038//1 4234//1 4040//1
f 4040//1 4234//1 4235//1
f 4040//1 4235//1 4042//1
f 4042//1 4235//1 4236//1
f 4042//1 4236//1 4044//1
f 4044//1 4236//1 4237//1
f 4044//1 4237//1 4046//1
f 4046//1 4237//1 4238//1
f 4046//1 4238//1 4048//1
f 4048//1 4238//1 4239//1
f 4048//1 4239//1 4050//1
f 4050//1 4239//1 4240//1
f 4050//1 4240//1 4052//1
f 4052//1 4240//1 4241//1
f 4052//1 4241//1 4054//1
f 4054//1 4241//1 4242//1
f 4054//1 4242//1 4056//1
f 4056//1 4242//1 4243//1
f 4056//1 4243//1 4058//1
f 4058//1 4243//1 4244//1
f 4058//1 4244//1 4060//1
f 4060//1 4244//1 4245//1
f 4195//5464 3708//5464 4402//5464
f 4402//5464 3708//5464 3667//5464
f 4402//5465 3667//5465 4403//5465
f 4403//5465 3667//5465 3666//5465
f 4403//5466 3666//5466 4407//5466
f 4407//5466 3666//5466 3665//5466
f 4407//5467 3665//5467 4406//5467
f 4406//5467 3665//5467 3668//5467
f 4429//5468 3660//5468 4424//5468
f 4424//5468 3660//5468 3653//5468
f 4424//5469 3653//5469 4425//5469
f 4425//5469 3653//5469 3652//5469
f 4425//5470 3652//5470 4426//5470
f 4426//5470 3652//5470 3650//5470
f 4426//5471 3650//5471 4384//5471
f 4384//5471 3650//5471 3648//5471
f 4032//5393 4033//5393 4322//5393
f 4322//5393 4033//5393 4543//5393
f 4322//5394 4543//5394 4321//5394
f 4321//5394 4543//5394 4544//5394
f 4321//5395 4544//5395 4320//5395
f 4320//5395 4544//5395 4545//5395
f 4320//5396 4545//5396 4351//5396
f 4351//5396 4545//5396 4546//5396
f 4351//5397 4546//5397 4350//5397
f 4350//5397 4546//5397 4547//5397
f 4350//5398 4547//5398 4349//5398
f 4349//5398 4547//5398 4548//5398
f 4349//5399 4548//5399 4348//5399
f 4348//5399 4548//5399 4549//5399
f 4348//5400 4549//5400 4347//5400
f 4347//5400 4549//5400 4550//5400
f 4347//5401 4550//5401 4346//5401
f 4346//5401 4550//5401 4551//5401
f 4346//5402 4551//5402 4345//5402
f 4345//5402 4551//5402 4552//5402
f 4345//5403 4552//5403 4344//5403
f 4344//5403 4552//5403 4553//5403
f 4344//5404 4553//5404 4343//5404
f 4343//5404 4553//5404 4554//5404
f 4343//5405 4554//5405 4342//5405
f 4342//5405 4554//5405 4555//5405
f 4342//5406 4555//5406 4341//5406
f 4341//5406 4555//5406 4556//5406
f 4341//5407 4556//5407 4340//5407
f 4340//5407 4556//5407 4557//5407
f 4340//5408 4557//5408 4339//5408
f 4339//5408 4557//5408 4558//5408
f 4339//5409 4558//5409 3998//5409
f 3998//5409 4558//5409 3999//5409
f 3995//250 3993//250 3999//250
f 4548//250 4547//250 4559//250
f 4023//250 4021//250 4560//250
f 4560//250 4021//250 4561//250
f 4560//250 4273//250 4023//250
f 4023//250 4273//250 4271//250
f 4023//250 4271//250 4025//250
f 4025//250 4271//250 4269//250
f 4025//250 4269//250 4027//250
f 4027//250 4269//250 4267//250
f 4027//250 4267//250 4029//250
f 4029//250 4267//250 4265//250
f 4029//250 4265//250 4031//250
f 4031//250 4265//250 4263//250
f 4031//250 4263//250 4033//250
f 4033//250 4263//250 4261//250
f 4033//250 4261//250 4543//250
f 4543//250 4261//250 4259//250
f 4543//250 4259//250 4544//250
f 4544//250 4259//250 4257//250
f 4544//250 4257//250 4545//250
f 4545//250 4257//250 4255//250
f 4545//250 4255//250 4546//250
f 4546//250 4255//250 4253//250
f 4546//250 4253//250 4547//250
f 4547//250 4253//250 4251//250
f 4547//250 4251//250 4559//250
f 4559//250 4562//250 4548//250
f 4548//250 4562//250 4319//250
f 4548//250 4319//250 4549//250
f 4549//250 4319//250 4317//250
f 4549//250 4317//250 4550//250
f 4550//250 4317//250 4315//250
f 4550//250 4315//250 4551//250
f 4551//250 4315//250 4313//250
f 4551//250 4313//250 4552//250
f 4552//250 4313//250 4311//250
f 4552//250 4311//250 4553//250
f 4553//250 4311//250 4309//250
f 4553//250 4309//250 4554//250
f 4554//250 4309//250 4307//250
f 4554//250 4307//250 4555//250
f 4555//250 4307//250 4305//250
f 4555//250 4305//250 4556//250
f 4556//250 4305//250 4303//250
f 4556//250 4303//250 4557//250
f 4557//250 4303//250 4301//250
f 4557//250 4301//250 4558//250
f 4558//250 4301//250 4299//250
f 4558//250 4299//250 3999//250
f 3999//250 4299//250 3997//250
f 3999//250 3997//250 3995//250
f 3993//250 4563//250 3999//250
f 3999//250 4563//250 4297//250
f 3999//250 4297//250 4001//250
f 4001//250 4297//250 4295//250
f 4001//250 4295//250 4003//250
f 4003//250 4295//250 4293//250
f 4003//250 4293//250 4005//250
f 4005//250 4293//250 4291//250
f 4005//250 4291//250 4007//250
f 4007//250 4291//250 4289//250
f 4007//250 4289//250 4009//250
f 4009//250 4289//250 4287//250
f 4009//250 4287//250 4011//250
f 4011//250 4287//250 4285//250
f 4011//250 4285//250 4013//250
f 4013//250 4285//250 4283//250
f 4013//250 4283//250 4015//250
f 4015//250 4283//250 4281//250
f 4015//250 4281//250 4017//250
f 4017//250 4281//250 4279//250
f 4017//250 4279//250 4019//250
f 4019//250 4279//250 4277//250
f 4019//250 4277//250 4021//250
f 4021//250 4277//250 4275//250
f 4021//250 4275//250 4561//250
f 4296//5472 4297//5472 4564//5472
f 4564//5472 4297//5472 4563//5472
f 4564//5473 4563//5473 3992//5473
f 3992//5473 4563//5473 3993//5473
f 4318//5474 4319//5474 4565//5474
f 4565//5474 4319//5474 4562//5474
f 4565//5475 4562//5475 4566//5475
f 4566//5475 4562//5475 4559//5475
f 4566//5476 4559//5476 4250//5476
f 4250//5476 4559//5476 4251//5476
f 4272//5477 4273//5477 4567//5477
f 4567//5477 4273//5477 4560//5477
f 4567//5478 4560//5478 4568//5478
f 4568//5478 4560//5478 4561//5478
f 4568//5479 4561//5479 4274//5479
f 4274//5479 4561//5479 4275//5479
f 4567//250 4568//250 4274//250
f 4564//250 3992//250 4256//250
f 3996//250 4250//250 4252//250
f 4567//250 4256//250 4272//250
f 4272//250 4256//250 4258//250
f 4278//250 4280//250 4256//250
f 4256//250 4280//250 4282//250
f 4256//250 4282//250 4284//250
f 4256//250 4290//250 4292//250
f 3992//250 3994//250 4256//250
f 4256//250 3994//250 3996//250
f 4256//250 3996//250 4254//250
f 4254//250 3996//250 4252//250
f 4258//250 4260//250 4272//250
f 4272//250 4260//250 4262//250
f 4272//250 4262//250 4264//250
f 4567//250 4274//250 4256//250
f 4256//250 4274//250 4276//250
f 4256//250 4276//250 4278//250
f 4284//250 4286//250 4256//250
f 4256//250 4286//250 4288//250
f 4256//250 4288//250 4290//250
f 4292//250 4294//250 4256//250
f 4256//250 4294//250 4296//250
f 4256//250 4296//250 4564//250
f 4314//250 4316//250 4304//250
f 4264//250 4266//250 4272//250
f 4272//250 4266//250 4268//250
f 4272//250 4268//250 4270//250
f 4304//250 4316//250 4302//250
f 4566//250 4250//250 4565//250
f 4565//250 4250//250 3996//250
f 4565//250 3996//250 4318//250
f 4318//250 3996//250 4298//250
f 4318//250 4298//250 4316//250
f 4316//250 4298//250 4300//250
f 4316//250 4300//250 4302//250
f 4306//250 4308//250 4310//250
f 4306//250 4310//250 4304//250
f 4304//250 4310//250 4312//250
f 4304//250 4312//250 4314//250
f 3596//5480 3597//5480 4569//5480
f 4406//5481 3668//5481 4404//5481
f 4404//5481 3668//5481 3669//5481
f 4404//5482 3669//5482 4405//5482
f 4405//5483 3669//5483 3594//5483
f 3594//5484 3596//5484 4405//5484
f 4405//5485 3596//5485 4569//5485
f 4405//5486 4569//5486 4401//5486
f 4401//5486 4569//5486 4430//5486
f 3660//5487 4429//5487 3659//5487
f 3659//5487 4429//5487 4428//5487
f 3659//5488 4428//5488 3586//5488
f 3586//5489 4428//5489 4427//5489
f 3586//5490 4427//5490 3587//5490
f 4177//5491 4176//5491 4427//5491
f 4427//5491 4176//5491 4570//5491
f 4427//5492 4570//5492 3587//5492
f 3587//5493 4570//5493 3593//5493
f 4569//250 4106//250 4430//250
f 4430//250 4106//250 4109//250
f 4430//250 4109//250 4431//250
f 4431//250 4109//250 4111//250
f 4431//250 4111//250 4432//250
f 4432//250 4111//250 4113//250
f 4432//250 4113//250 4433//250
f 4433//250 4113//250 4115//250
f 4433//250 4115//250 4434//250
f 4434//250 4115//250 4117//250
f 4434//250 4117//250 4435//250
f 4435//250 4117//250 4119//250
f 4435//250 4119//250 4436//250
f 4436//250 4119//250 4121//250
f 4436//250 4121//250 4437//250
f 4437//250 4121//250 4123//250
f 3597//250 3593//250 4569//250
f 4569//250 3593//250 4570//250
f 4569//250 4570//250 4106//250
f 4106//250 4570//250 4176//250
f 4106//250 4176//250 4478//250
f 4478//250 4176//250 4174//250
f 4478//250 4174//250 4476//250
f 4476//250 4174//250 4172//250
f 4476//250 4172//250 4474//250
f 4474//250 4172//250 4170//250
f 4474//250 4170//250 4472//250
f 4472//250 4170//250 4168//250
f 4472//250 4168//250 4470//250
f 4470//250 4168//250 4166//250
f 4470//250 4166//250 4468//250
f 4468//250 4166//250 4164//250
f 4468//250 4164//250 4466//250
f 4466//250 4164//250 4162//250
f 4466//250 4162//250 4464//250
f 4464//250 4162//250 4160//250
f 4464//250 4160//250 4462//250
f 4462//250 4160//250 4158//250
f 4462//250 4158//250 4460//250
f 4460//250 4158//250 4156//250
f 4460//250 4156//250 4458//250
f 4458//250 4156//250 4154//250
f 4458//250 4154//250 4456//250
f 4456//250 4154//250 4152//250
f 4456//250 4152//250 4454//250
f 4454//250 4152//250 4150//250
f 4454//250 4150//250 4452//250
f 4452//250 4150//250 4148//250
f 4452//250 4148//250 4450//250
f 4450//250 4148//250 4146//250
f 4450//250 4146//250 4448//250
f 4448//250 4146//250 4144//250
f 4448//250 4144//250 4141//250
f 4141//250 4144//250 4143//250
f 4141//250 4143//250 4139//250
f 4139//250 4143//250 4446//250
f 4139//250 4446//250 4137//250
f 4137//250 4446//250 4445//250
f 4137//250 4445//250 4135//250
f 4135//250 4445//250 4444//250
f 4135//250 4444//250 4133//250
f 4133//250 4444//250 4443//250
f 4133//250 4443//250 4131//250
f 4131//250 4443//250 4442//250
f 4131//250 4442//250 4129//250
f 4129//250 4442//250 4441//250
f 4129//250 4441//250 4127//250
f 4127//250 4441//250 4440//250
f 4127//250 4440//250 4125//250
f 4125//250 4440//250 4439//250
f 4125//250 4439//250 4123//250
f 4123//250 4439//250 4438//250
f 4123//250 4438//250 4437//250
f 4571//5494 4572//5494 4573//5494
f 4573//5495 4572//5495 4574//5495
f 4574//5496 4575//5496 4573//5496
f 4573//5497 4575//5497 4576//5497
f 4573//5498 4576//5498 4577//5498
f 4578//5499 4579//5499 4580//5499
f 4580//5500 4579//5500 4581//5500
f 4581//5501 4582//5501 4580//5501
f 4580//5502 4582//5502 4583//5502
f 4580//5503 4583//5503 4578//5503
f 4578//5504 4583//5504 4584//5504
f 4585//5505 4586//5505 4587//5505
f 4587//5506 4586//5506 4588//5506
f 4587//5507 4588//5507 4578//5507
f 4588//5508 4589//5508 4578//5508
f 4578//5509 4589//5509 4590//5509
f 4578//5510 4590//5510 4591//5510
f 4577//5511 4592//5511 4573//5511
f 4573//5512 4592//5512 4579//5512
f 4573//5513 4579//5513 4593//5513
f 4593//5514 4579//5514 4578//5514
f 4593//5515 4578//5515 4594//5515
f 4594//5516 4578//5516 4591//5516
f 4595//5517 4593//5517 4594//5517
f 4596//5518 4597//5518 4586//5518
f 4595//5519 4594//5519 4598//5519
f 4598//5520 4594//5520 4591//5520
f 4598//5521 4591//5521 4599//5521
f 4599//5522 4591//5522 4590//5522
f 4599//5523 4590//5523 4600//5523
f 4600//5524 4590//5524 4589//5524
f 4600//5525 4589//5525 4597//5525
f 4597//5526 4589//5526 4588//5526
f 4597//5527 4588//5527 4586//5527
f 4585//5528 4601//5528 4586//5528
f 4586//5529 4601//5529 4602//5529
f 4586//5530 4602//5530 4596//5530
f 4603//5531 4604//5531 4605//5531
f 4606//5532 4603//5532 4587//5532
f 4587//5533 4603//5533 4605//5533
f 4587//5534 4605//5534 4585//5534
f 4585//5535 4605//5535 4607//5535
f 4585//5536 4607//5536 4601//5536
f 4600//5537 4597//5537 4608//5537
f 4608//5538 4597//5538 4596//5538
f 4608//5539 4609//5539 4600//5539
f 4600//5540 4609//5540 4610//5540
f 4600//5541 4610//5541 4599//5541
f 4596//5542 4602//5542 4608//5542
f 4608//5543 4602//5543 4601//5543
f 4608//5544 4601//5544 4611//5544
f 4611//5545 4601//5545 4607//5545
f 4611//5546 4607//5546 4612//5546
f 4612//5547 4607//5547 4605//5547
f 4612//5548 4605//5548 4613//5548
f 4613//5549 4605//5549 4604//5549
f 4613//5550 4614//5550 4612//5550
f 4612//5551 4614//5551 4615//5551
f 4612//5552 4615//5552 4616//5552
f 4616//5553 4615//5553 4617//5553
f 4618//5554 4619//5554 4620//5554
f 4621//5555 4622//5555 4618//5555
f 4619//5556 4618//5556 4623//5556
f 4618//5557 4622//5557 4623//5557
f 4623//5558 4622//5558 4624//5558
f 4623//5559 4624//5559 4625//5559
f 4626//5560 4627//5560 4621//5560
f 4627//5561 4626//5561 4628//5561
f 4629//5562 4630//5562 4631//5562
f 4631//5563 4630//5563 4632//5563
f 4621//5564 4618//5564 4626//5564
f 4626//5565 4618//5565 4620//5565
f 4626//5566 4620//5566 4628//5566
f 4628//5567 4620//5567 4633//5567
f 4628//5568 4633//5568 4634//5568
f 4634//5569 4633//5569 4632//5569
f 4634//5570 4632//5570 4635//5570
f 4635//5571 4632//5571 4630//5571
f 4635//5572 4630//5572 4636//5572
f 4637//5573 4638//5573 4639//5573
f 4640//5574 4641//5574 4642//5574
f 4643//5575 4644//5575 4645//5575
f 4646//5576 4647//5576 4648//5576
f 4648//5577 4649//5577 4646//5577
f 4646//5578 4649//5578 4643//5578
f 4646//5579 4643//5579 4642//5579
f 4642//5580 4643//5580 4645//5580
f 4642//5581 4645//5581 4640//5581
f 4639//5582 4638//5582 4650//5582
f 4650//5583 4638//5583 4651//5583
f 4650//5584 4651//5584 4647//5584
f 4647//5585 4651//5585 4652//5585
f 4647//5586 4652//5586 4648//5586
f 4637//5587 4639//5587 4653//5587
f 4653//5588 4639//5588 4654//5588
f 4653//5589 4654//5589 4655//5589
f 4654//5590 4656//5590 4655//5590
f 4655//5591 4656//5591 4657//5591
f 4655//5592 4657//5592 4658//5592
f 4659//5593 4606//5593 4578//5593
f 4578//5593 4606//5593 4587//5593
f 4640//5594 4660//5594 4641//5594
f 4641//5594 4660//5594 4661//5594
f 4662//5595 4659//5595 4578//5595
f 4662//5596 4578//5596 4663//5596
f 4578//5597 4584//5597 4663//5597
f 4663//5598 4584//5598 4583//5598
f 4663//5599 4583//5599 4664//5599
f 4664//5600 4583//5600 4582//5600
f 4664//5601 4582//5601 4665//5601
f 4665//5602 4582//5602 4666//5602
f 4666//5603 4582//5603 4581//5603
f 4666//5604 4581//5604 4667//5604
f 4668//5605 4669//5605 4670//5605
f 4670//5606 4669//5606 4671//5606
f 4671//5607 4669//5607 4672//5607
f 4671//5608 4672//5608 4673//5608
f 4670//5609 4674//5609 4668//5609
f 4668//5610 4674//5610 4675//5610
f 4668//5611 4675//5611 4676//5611
f 4676//5612 4675//5612 4677//5612
f 4675//5613 4678//5613 4677//5613
f 4677//5614 4678//5614 4679//5614
f 4677//5615 4679//5615 4680//5615
f 4680//5616 4679//5616 4681//5616
f 4680//5617 4681//5617 4682//5617
f 4683//1983 4684//1983 4685//1983
f 4686//1983 4687//1983 4676//1983
f 4688//1983 4689//1983 4690//1983
f 4690//1983 4689//1983 4691//1983
f 4690//1983 4691//1983 4692//1983
f 4692//5618 4691//5618 4693//5618
f 4692//5619 4693//5619 4685//5619
f 4685//5620 4693//5620 4694//5620
f 4685//1983 4694//1983 4683//1983
f 4676//1983 4677//1983 4686//1983
f 4686//1983 4677//1983 4695//1983
f 4686//1983 4695//1983 4696//1983
f 4696//1983 4695//1983 4697//1983
f 4696//1983 4697//1983 4698//1983
f 4698//1983 4697//1983 4663//1983
f 4698//1983 4663//1983 4699//1983
f 4699//1983 4663//1983 4664//1983
f 4699//1983 4664//1983 4688//1983
f 4688//1983 4664//1983 4665//1983
f 4688//1983 4665//1983 4689//1983
f 4683//1983 4700//1983 4684//1983
f 4684//1983 4700//1983 4701//1983
f 4684//1983 4701//1983 4702//1983
f 4702//1983 4701//1983 4703//1983
f 4702//1983 4703//1983 4704//1983
f 4704//1983 4703//1983 4705//1983
f 4704//1983 4705//1983 4706//1983
f 4706//1983 4705//1983 4707//1983
f 4706//1983 4707//1983 4708//1983
f 4707//1983 4709//1983 4708//1983
f 4708//1983 4709//1983 4710//1983
f 4708//1983 4710//1983 4711//1983
f 4711//1983 4710//1983 4712//1983
f 4711//1983 4712//1983 4713//1983
f 4713//1983 4712//1983 4714//1983
f 4713//1983 4714//1983 4687//1983
f 4687//1983 4714//1983 4668//1983
f 4687//1983 4668//1983 4676//1983
f 4715//5621 4716//5621 4649//5621
f 4717//5622 4644//5622 4716//5622
f 4716//5623 4644//5623 4643//5623
f 4716//5624 4643//5624 4649//5624
f 4718//5625 4719//5625 4717//5625
f 4717//5626 4719//5626 4720//5626
f 4717//5627 4720//5627 4644//5627
f 4653//5628 4721//5628 4637//5628
f 4637//5629 4721//5629 4722//5629
f 4637//5630 4722//5630 4638//5630
f 4652//5631 4651//5631 4723//5631
f 4715//5632 4649//5632 4723//5632
f 4723//5633 4649//5633 4648//5633
f 4723//5634 4648//5634 4652//5634
f 4638//5635 4722//5635 4651//5635
f 4651//5636 4722//5636 4724//5636
f 4651//5637 4724//5637 4723//5637
f 4719//5594 4718//5594 4725//5594
f 4725//5594 4718//5594 4726//5594
f 4727//5638 4728//5638 4729//5638
f 4729//5639 4728//5639 4730//5639
f 4729//5640 4730//5640 4731//5640
f 4731//5641 4730//5641 4732//5641
f 4731//5642 4732//5642 4733//5642
f 4733//5643 4732//5643 4734//5643
f 4733//5644 4734//5644 4735//5644
f 4735//5645 4734//5645 4726//5645
f 4735//5646 4726//5646 4718//5646
f 4736//5647 4737//5647 4738//5647
f 4739//5648 4740//5648 4741//5648
f 4716//5649 4715//5649 4742//5649
f 4743//5650 4744//5650 4745//5650
f 4743//5651 4745//5651 4746//5651
f 4723//5652 4724//5652 4747//5652
f 4747//5653 4724//5653 4722//5653
f 4745//5654 4748//5654 4746//5654
f 4746//5655 4748//5655 4747//5655
f 4746//5656 4747//5656 4749//5656
f 4749//5657 4747//5657 4722//5657
f 4749//5658 4722//5658 4721//5658
f 4718//5659 4717//5659 4735//5659
f 4735//5659 4717//5659 4750//5659
f 4735//5660 4750//5660 4733//5660
f 4733//5661 4750//5661 4741//5661
f 4733//5662 4741//5662 4731//5662
f 4731//5663 4741//5663 4740//5663
f 4731//5664 4740//5664 4729//5664
f 4737//5665 4739//5665 4738//5665
f 4738//5666 4739//5666 4741//5666
f 4738//5667 4741//5667 4742//5667
f 4742//5667 4741//5667 4750//5667
f 4742//5668 4750//5668 4716//5668
f 4716//5669 4750//5669 4717//5669
f 4745//5670 4736//5670 4748//5670
f 4748//5671 4736//5671 4738//5671
f 4748//5672 4738//5672 4747//5672
f 4747//5672 4738//5672 4742//5672
f 4747//5673 4742//5673 4723//5673
f 4723//5674 4742//5674 4715//5674
f 4751//5675 4752//5675 4753//5675
f 4753//5676 4752//5676 4754//5676
f 4753//5677 4754//5677 4755//5677
f 4751//5678 4753//5678 4756//5678
f 4756//5679 4753//5679 4728//5679
f 4756//5680 4728//5680 4727//5680
f 4757//5681 4758//5681 4759//5681
f 4759//5682 4758//5682 4760//5682
f 4759//5683 4760//5683 4623//5683
f 4761//1983 4762//1983 4763//1983
f 4764//1983 4765//1983 4766//1983
f 4766//5684 4765//5684 4767//5684
f 4766//5685 4767//5685 4763//5685
f 4763//5686 4767//5686 4768//5686
f 4763//1983 4768//1983 4761//1983
f 4769//1983 4753//1983 4770//1983
f 4770//5687 4753//5687 4755//5687
f 4770//5688 4755//5688 4771//5688
f 4771//5689 4755//5689 4772//5689
f 4773//1983 4774//1983 4775//1983
f 4775//5690 4774//5690 4776//5690
f 4775//5691 4776//5691 4777//5691
f 4778//1983 4779//1983 4769//1983
f 4769//1983 4779//1983 4728//1983
f 4769//1983 4728//1983 4753//1983
f 4776//5692 4780//5692 4777//5692
f 4777//5693 4780//5693 4781//5693
f 4777//5694 4781//5694 4764//5694
f 4764//5695 4781//5695 4782//5695
f 4764//1983 4782//1983 4765//1983
f 4761//1983 4757//1983 4762//1983
f 4762//1983 4757//1983 4759//1983
f 4762//1983 4759//1983 4783//1983
f 4783//5696 4759//5696 4623//5696
f 4783//5697 4623//5697 4778//5697
f 4778//5698 4623//5698 4784//5698
f 4778//1983 4784//1983 4779//1983
f 4772//5699 4785//5699 4771//5699
f 4771//5700 4785//5700 4786//5700
f 4771//1983 4786//1983 4773//1983
f 4773//1983 4786//1983 4787//1983
f 4773//1983 4787//1983 4774//1983
f 4778//5701 4788//5701 4783//5701
f 4783//5701 4788//5701 4789//5701
f 4783//5702 4789//5702 4762//5702
f 4762//5702 4789//5702 4790//5702
f 4762//5703 4790//5703 4763//5703
f 4763//5703 4790//5703 4791//5703
f 4763//5704 4791//5704 4766//5704
f 4766//5704 4791//5704 4792//5704
f 4766//5705 4792//5705 4764//5705
f 4764//5705 4792//5705 4793//5705
f 4764//5706 4793//5706 4777//5706
f 4777//5706 4793//5706 4794//5706
f 4785//5707 4712//5707 4710//5707
f 4795//5708 4796//5708 4785//5708
f 4785//5709 4796//5709 4797//5709
f 4785//5710 4797//5710 4798//5710
f 4798//5711 4799//5711 4785//5711
f 4785//5712 4799//5712 4800//5712
f 4785//5713 4800//5713 4801//5713
f 4801//5714 4802//5714 4785//5714
f 4785//5715 4802//5715 4803//5715
f 4785//5716 4803//5716 4786//5716
f 4786//5717 4803//5717 4804//5717
f 4786//5718 4804//5718 4787//5718
f 4709//5719 4805//5719 4710//5719
f 4710//5720 4805//5720 4806//5720
f 4710//5721 4806//5721 4785//5721
f 4785//5722 4806//5722 4807//5722
f 4785//5723 4807//5723 4795//5723
f 4776//5724 4774//5724 4808//5724
f 4808//5725 4774//5725 4809//5725
f 4809//5726 4774//5726 4810//5726
f 4810//5727 4774//5727 4787//5727
f 4810//5728 4787//5728 4811//5728
f 4812//5729 4705//5729 4703//5729
f 4700//5730 4813//5730 4701//5730
f 4701//5731 4813//5731 4814//5731
f 4701//5732 4814//5732 4815//5732
f 4815//5733 4816//5733 4701//5733
f 4701//5734 4816//5734 4817//5734
f 4701//5735 4817//5735 4818//5735
f 4819//5736 4820//5736 4703//5736
f 4703//5737 4820//5737 4821//5737
f 4703//5738 4821//5738 4822//5738
f 4822//5739 4823//5739 4703//5739
f 4703//5740 4823//5740 4824//5740
f 4703//5741 4824//5741 4812//5741
f 4825//5742 4826//5742 4780//5742
f 4780//5743 4826//5743 4827//5743
f 4780//5744 4827//5744 4828//5744
f 4828//5745 4827//5745 4819//5745
f 4828//5746 4819//5746 4818//5746
f 4818//5747 4819//5747 4703//5747
f 4818//5748 4703//5748 4701//5748
f 4776//5749 4829//5749 4780//5749
f 4780//5750 4829//5750 4830//5750
f 4780//5751 4830//5751 4825//5751
f 4828//5752 4831//5752 4780//5752
f 4780//5753 4831//5753 4832//5753
f 4780//5754 4832//5754 4833//5754
f 4833//5755 4834//5755 4780//5755
f 4780//5756 4834//5756 4835//5756
f 4780//5757 4835//5757 4781//5757
f 4782//5758 4781//5758 4836//5758
f 4836//5759 4781//5759 4837//5759
f 4838//5760 4831//5760 4839//5760
f 4839//5761 4831//5761 4828//5761
f 4839//5762 4828//5762 4818//5762
f 4781//5763 4835//5763 4837//5763
f 4837//5764 4835//5764 4834//5764
f 4837//5765 4834//5765 4840//5765
f 4840//5766 4834//5766 4833//5766
f 4840//5767 4833//5767 4838//5767
f 4838//5768 4833//5768 4832//5768
f 4838//5769 4832//5769 4831//5769
f 4767//5770 4765//5770 4841//5770
f 4841//5771 4765//5771 4842//5771
f 4842//5772 4765//5772 4843//5772
f 4843//5773 4765//5773 4782//5773
f 4843//5774 4782//5774 4836//5774
f 4844//5775 4757//5775 4761//5775
f 4845//5776 4846//5776 4847//5776
f 4691//5777 4848//5777 4849//5777
f 4849//5778 4850//5778 4691//5778
f 4691//5779 4850//5779 4851//5779
f 4691//5780 4851//5780 4693//5780
f 4693//5781 4851//5781 4852//5781
f 4693//5782 4852//5782 4694//5782
f 4853//5783 4854//5783 4855//5783
f 4855//5784 4854//5784 4847//5784
f 4847//5785 4854//5785 4856//5785
f 4847//5786 4856//5786 4845//5786
f 4767//5787 4857//5787 4768//5787
f 4768//5788 4857//5788 4858//5788
f 4768//5789 4858//5789 4859//5789
f 4844//5790 4761//5790 4860//5790
f 4860//5791 4761//5791 4768//5791
f 4860//5792 4768//5792 4846//5792
f 4846//5793 4768//5793 4859//5793
f 4846//5794 4859//5794 4847//5794
f 4665//5795 4666//5795 4689//5795
f 4689//5796 4666//5796 4667//5796
f 4689//5797 4667//5797 4861//5797
f 4861//5798 4862//5798 4689//5798
f 4689//5799 4862//5799 4863//5799
f 4689//5800 4863//5800 4864//5800
f 4864//5801 4865//5801 4689//5801
f 4689//5802 4865//5802 4853//5802
f 4689//5803 4853//5803 4691//5803
f 4691//5804 4853//5804 4855//5804
f 4691//5805 4855//5805 4848//5805
f 4852//5806 4866//5806 4694//5806
f 4694//5807 4866//5807 4867//5807
f 4694//5808 4867//5808 4683//5808
f 4867//5809 4868//5809 4683//5809
f 4683//5810 4868//5810 4869//5810
f 4683//5811 4869//5811 4700//5811
f 4700//5812 4869//5812 4870//5812
f 4870//5813 4871//5813 4700//5813
f 4700//5814 4871//5814 4872//5814
f 4700//5815 4872//5815 4813//5815
f 4873//5816 4812//5816 4874//5816
f 4874//5817 4812//5817 4824//5817
f 4875//5818 4876//5818 4711//5818
f 4690//5819 4877//5819 4878//5819
f 4879//5820 4699//5820 4878//5820
f 4878//5821 4699//5821 4688//5821
f 4878//5822 4688//5822 4690//5822
f 4879//5823 4880//5823 4699//5823
f 4699//5824 4880//5824 4881//5824
f 4699//5825 4881//5825 4698//5825
f 4698//5826 4881//5826 4882//5826
f 4698//5827 4882//5827 4696//5827
f 4696//5828 4882//5828 4686//5828
f 4686//5829 4882//5829 4883//5829
f 4686//5830 4883//5830 4687//5830
f 4883//5831 4884//5831 4687//5831
f 4687//5832 4884//5832 4875//5832
f 4687//5833 4875//5833 4713//5833
f 4713//5834 4875//5834 4711//5834
f 4671//5835 4673//5835 4885//5835
f 4885//5835 4673//5835 4886//5835
f 4885//5835 4886//5835 4887//5835
f 4856//5836 4854//5836 4888//5836
f 4888//5837 4889//5837 4856//5837
f 4856//5838 4889//5838 4890//5838
f 4856//5839 4890//5839 4845//5839
f 4845//5840 4890//5840 4891//5840
f 4845//5841 4891//5841 4846//5841
f 4846//5842 4891//5842 4860//5842
f 4860//5843 4891//5843 4892//5843
f 4860//5844 4892//5844 4844//5844
f 4844//5845 4892//5845 4893//5845
f 4844//5846 4893//5846 4894//5846
f 4895//5847 4896//5847 4897//5847
f 4620//5848 4619//5848 4897//5848
f 4633//5849 4898//5849 4632//5849
f 4632//5850 4898//5850 4899//5850
f 4632//5851 4899//5851 4631//5851
f 4631//5852 4899//5852 4900//5852
f 4631//5852 4900//5852 4629//5852
f 4758//5853 4895//5853 4760//5853
f 4760//5854 4895//5854 4897//5854
f 4760//5855 4897//5855 4623//5855
f 4623//5856 4897//5856 4619//5856
f 4896//5857 4901//5857 4897//5857
f 4897//5858 4901//5858 4898//5858
f 4897//5859 4898//5859 4620//5859
f 4620//5860 4898//5860 4633//5860
f 4901//5861 4902//5861 4898//5861
f 4898//5862 4902//5862 4903//5862
f 4898//5863 4903//5863 4899//5863
f 4899//5864 4903//5864 4904//5864
f 4899//5865 4904//5865 4900//5865
f 4861//5866 4667//5866 4579//5866
f 4579//5867 4667//5867 4581//5867
f 4721//1983 4653//1983 4655//1983
f 4905//1983 4906//1983 4907//1983
f 4907//1983 4906//1983 4658//1983
f 4905//1983 4907//1983 4908//1983
f 4908//1983 4907//1983 4909//1983
f 4908//1983 4909//1983 4910//1983
f 4910//1983 4909//1983 4911//1983
f 4910//1983 4911//1983 4912//1983
f 4913//1983 4914//1983 4915//1983
f 4915//1983 4914//1983 4912//1983
f 4915//1983 4912//1983 4916//1983
f 4916//1983 4912//1983 4911//1983
f 4746//1983 4749//1983 4743//1983
f 4743//1983 4749//1983 4721//1983
f 4743//1983 4721//1983 4744//1983
f 4744//1983 4721//1983 4655//1983
f 4744//1983 4655//1983 4917//1983
f 4917//1983 4655//1983 4658//1983
f 4917//1983 4658//1983 4918//1983
f 4918//1983 4658//1983 4906//1983
f 4919//1983 4920//1983 4921//1983
f 4922//1983 4923//1983 4904//1983
f 4904//1983 4923//1983 4924//1983
f 4924//1983 4919//1983 4904//1983
f 4904//1983 4919//1983 4921//1983
f 4904//1983 4921//1983 4900//1983
f 4900//1983 4921//1983 4925//1983
f 4900//1983 4925//1983 4629//1983
f 4629//1983 4925//1983 4595//1983
f 4629//1983 4595//1983 4630//1983
f 4630//1983 4595//1983 4598//1983
f 4630//1983 4598//1983 4636//1983
f 4926//1983 4927//1983 4610//1983
f 4610//1983 4927//1983 4636//1983
f 4610//1983 4636//1983 4599//1983
f 4599//1983 4636//1983 4598//1983
f 4658//5868 4657//5868 4907//5868
f 4907//5869 4657//5869 4928//5869
f 4907//5870 4928//5870 4909//5870
f 4909//5871 4928//5871 4929//5871
f 4921//5872 4571//5872 4925//5872
f 4925//5873 4571//5873 4573//5873
f 4925//5874 4573//5874 4595//5874
f 4595//5875 4573//5875 4593//5875
f 4930//5876 4931//5876 4932//5876
f 4933//5877 4934//5877 4935//5877
f 4755//5878 4754//5878 4936//5878
f 4936//5879 4754//5879 4937//5879
f 4910//5880 4930//5880 4908//5880
f 4908//5881 4930//5881 4932//5881
f 4908//5882 4932//5882 4905//5882
f 4938//5883 4917//5883 4918//5883
f 4932//5884 4939//5884 4905//5884
f 4905//5885 4939//5885 4940//5885
f 4905//5886 4940//5886 4906//5886
f 4906//5887 4940//5887 4941//5887
f 4906//5888 4941//5888 4918//5888
f 4918//5889 4941//5889 4942//5889
f 4918//5890 4942//5890 4938//5890
f 4937//5891 4754//5891 4943//5891
f 4943//5892 4754//5892 4752//5892
f 4943//5893 4752//5893 4944//5893
f 4944//5894 4752//5894 4751//5894
f 4944//5895 4751//5895 4945//5895
f 4945//5896 4751//5896 4756//5896
f 4945//5897 4756//5897 4946//5897
f 4946//5898 4756//5898 4727//5898
f 4946//5899 4727//5899 4947//5899
f 4934//5900 4937//5900 4935//5900
f 4935//5901 4937//5901 4943//5901
f 4935//5902 4943//5902 4948//5902
f 4948//5902 4943//5902 4944//5902
f 4948//5903 4944//5903 4949//5903
f 4949//5903 4944//5903 4945//5903
f 4949//5904 4945//5904 4950//5904
f 4950//5904 4945//5904 4946//5904
f 4950//5905 4946//5905 4951//5905
f 4951//5906 4946//5906 4947//5906
f 4931//5907 4933//5907 4932//5907
f 4932//5908 4933//5908 4935//5908
f 4932//5909 4935//5909 4939//5909
f 4939//5909 4935//5909 4948//5909
f 4939//5910 4948//5910 4940//5910
f 4940//5910 4948//5910 4949//5910
f 4940//5911 4949//5911 4941//5911
f 4941//5911 4949//5911 4950//5911
f 4941//5912 4950//5912 4942//5912
f 4942//5913 4950//5913 4951//5913
f 4788//1982 4952//1982 4793//1982
f 4952//1982 4953//1982 4954//1982
f 4794//1982 4793//1982 4955//1982
f 4955//1982 4793//1982 4952//1982
f 4955//1982 4952//1982 4956//1982
f 4956//1982 4952//1982 4954//1982
f 4790//1982 4789//1982 4791//1982
f 4791//1982 4789//1982 4788//1982
f 4791//1982 4788//1982 4792//1982
f 4792//1982 4788//1982 4793//1982
f 4957//5914 4958//5914 4959//5914
f 4877//1983 4957//1983 4878//1983
f 4878//5915 4957//5915 4959//5915
f 4878//5916 4959//5916 4879//5916
f 4879//5917 4959//5917 4880//5917
f 4881//1983 4880//1983 4882//1983
f 4882//5918 4880//5918 4959//5918
f 4882//5919 4959//5919 4883//5919
f 4883//5920 4959//5920 4884//5920
f 4865//5921 4888//5921 4853//5921
f 4853//5922 4888//5922 4854//5922
f 4960//5923 4913//5923 4915//5923
f 4961//5924 4912//5924 4914//5924
f 4910//5925 4912//5925 4930//5925
f 4930//5926 4912//5926 4961//5926
f 4930//5927 4961//5927 4931//5927
f 4931//5928 4961//5928 4962//5928
f 4931//5929 4962//5929 4933//5929
f 4933//5930 4962//5930 4934//5930
f 4934//5931 4962//5931 4963//5931
f 4934//5932 4963//5932 4937//5932
f 4937//5933 4963//5933 4964//5933
f 4937//5933 4964//5933 4936//5933
f 4965//5934 4966//5934 4967//5934
f 4915//5935 4968//5935 4960//5935
f 4960//5936 4968//5936 4969//5936
f 4960//5936 4969//5936 4970//5936
f 4970//5937 4969//5937 4971//5937
f 4970//5938 4971//5938 4972//5938
f 4972//5939 4971//5939 4973//5939
f 4972//5940 4973//5940 4965//5940
f 4965//5941 4973//5941 4974//5941
f 4965//5942 4974//5942 4966//5942
f 4966//5943 4974//5943 4975//5943
f 4755//5944 4936//5944 4976//5944
f 4976//5945 4936//5945 4964//5945
f 4976//5946 4964//5946 4977//5946
f 4977//5947 4964//5947 4963//5947
f 4977//5947 4963//5947 4978//5947
f 4978//5948 4963//5948 4962//5948
f 4978//5949 4962//5949 4979//5949
f 4979//5950 4962//5950 4961//5950
f 4979//5950 4961//5950 4980//5950
f 4980//5951 4961//5951 4914//5951
f 4980//5952 4914//5952 4913//5952
f 4913//5953 4960//5953 4980//5953
f 4980//5954 4960//5954 4970//5954
f 4980//5954 4970//5954 4979//5954
f 4979//5955 4970//5955 4972//5955
f 4979//5956 4972//5956 4978//5956
f 4978//5957 4972//5957 4965//5957
f 4978//5958 4965//5958 4977//5958
f 4977//5959 4965//5959 4967//5959
f 4977//5960 4967//5960 4976//5960
f 4798//5961 4981//5961 4799//5961
f 4799//5962 4981//5962 4982//5962
f 4799//5963 4982//5963 4800//5963
f 4800//5964 4982//5964 4983//5964
f 4800//5965 4983//5965 4801//5965
f 4801//5966 4983//5966 4984//5966
f 4801//5967 4984//5967 4802//5967
f 4802//5968 4984//5968 4985//5968
f 4802//5969 4985//5969 4803//5969
f 4803//5970 4985//5970 4986//5970
f 4803//5971 4986//5971 4804//5971
f 4804//5972 4986//5972 4811//5972
f 4804//5973 4811//5973 4787//5973
f 4796//5974 4981//5974 4797//5974
f 4797//5975 4981//5975 4798//5975
f 4817//5976 4839//5976 4818//5976
f 4987//5977 4988//5977 4989//5977
f 4989//5978 4973//5978 4971//5978
f 4987//5979 4989//5979 4990//5979
f 4990//5980 4989//5980 4971//5980
f 4990//5981 4971//5981 4969//5981
f 4991//5982 4992//5982 4969//5982
f 4992//5983 4993//5983 4969//5983
f 4969//5984 4993//5984 4994//5984
f 4969//5985 4994//5985 4990//5985
f 4969//5986 4968//5986 4991//5986
f 4991//5987 4968//5987 4915//5987
f 4991//5988 4915//5988 4916//5988
f 4806//5989 4805//5989 4995//5989
f 4995//5989 4805//5989 4996//5989
f 4997//5990 4998//5990 4999//5990
f 5000//5991 5001//5991 5002//5991
f 5003//5992 5004//5992 5005//5992
f 5006//5993 5007//5993 5008//5993
f 5006//5994 5008//5994 5009//5994
f 5010//5995 5011//5995 5012//5995
f 5012//5996 5011//5996 5013//5996
f 5008//5997 5014//5997 5009//5997
f 5009//5998 5014//5998 5012//5998
f 5009//5999 5012//5999 5015//5999
f 5015//6000 5012//6000 5013//6000
f 5015//6001 5013//6001 5016//6001
f 4981//6002 5017//6002 4982//6002
f 4982//6002 5017//6002 5018//6002
f 4982//6003 5018//6003 4983//6003
f 4983//6004 5018//6004 5002//6004
f 4983//6005 5002//6005 4984//6005
f 4984//6006 5002//6006 4985//6006
f 4985//6007 5002//6007 5001//6007
f 4985//6008 5001//6008 4986//6008
f 4998//6009 5000//6009 4999//6009
f 4999//6010 5000//6010 5002//6010
f 4999//6011 5002//6011 5005//6011
f 5005//6011 5002//6011 5018//6011
f 5005//6012 5018//6012 5003//6012
f 5003//6013 5018//6013 5017//6013
f 5008//6014 4997//6014 5014//6014
f 5014//6015 4997//6015 4999//6015
f 5014//6016 4999//6016 5012//6016
f 5012//6016 4999//6016 5005//6016
f 5012//6017 5005//6017 5010//6017
f 5010//6018 5005//6018 5004//6018
f 5019//6019 4776//6019 4808//6019
f 5020//6020 4810//6020 4811//6020
f 5021//6021 4808//6021 4809//6021
f 5021//6022 5022//6022 4808//6022
f 4808//6023 5022//6023 5023//6023
f 4808//6024 5023//6024 5019//6024
f 5024//6025 5025//6025 5026//6025
f 5026//6026 5025//6026 5027//6026
f 5027//6027 5028//6027 5026//6027
f 5026//6028 5028//6028 5029//6028
f 5026//6029 5029//6029 5021//6029
f 5021//6030 5029//6030 5030//6030
f 5021//6031 5030//6031 5022//6031
f 5031//6032 5032//6032 5033//6032
f 5033//6033 5032//6033 5034//6033
f 5033//6034 5034//6034 5035//6034
f 4811//6035 5036//6035 5020//6035
f 5020//6036 5036//6036 5037//6036
f 5020//6037 5037//6037 5038//6037
f 5038//6038 5037//6038 5039//6038
f 5038//6039 5039//6039 5032//6039
f 5032//6040 5039//6040 5040//6040
f 5032//6041 5040//6041 5034//6041
f 5041//6042 5025//6042 5031//6042
f 5031//6043 5025//6043 5024//6043
f 5031//6044 5024//6044 5032//6044
f 5032//6045 5024//6045 5026//6045
f 5032//6045 5026//6045 5038//6045
f 5038//6046 5026//6046 5021//6046
f 5038//6046 5021//6046 5020//6046
f 5020//6047 5021//6047 4809//6047
f 5020//6048 4809//6048 4810//6048
f 5042//6049 5043//6049 5044//6049
f 5028//6050 5027//6050 5045//6050
f 5045//6051 5027//6051 5025//6051
f 5045//6052 5025//6052 5044//6052
f 5044//6053 5025//6053 5041//6053
f 5044//6054 5041//6054 5042//6054
f 5028//6055 5045//6055 5029//6055
f 5029//6056 5045//6056 5046//6056
f 5029//6057 5046//6057 5030//6057
f 5030//6058 5046//6058 5022//6058
f 5022//6059 5046//6059 5047//6059
f 5022//6060 5047//6060 5023//6060
f 4825//6061 4830//6061 5047//6061
f 5047//6062 4830//6062 4829//6062
f 4829//6063 4776//6063 5047//6063
f 5047//6064 4776//6064 5019//6064
f 5047//6065 5019//6065 5023//6065
f 5048//6066 4826//6066 4825//6066
f 5049//6067 4827//6067 4826//6067
f 4819//6068 4827//6068 5050//6068
f 5050//6069 4827//6069 5049//6069
f 5050//6070 5049//6070 5051//6070
f 5051//6071 5049//6071 5052//6071
f 5052//6072 5049//6072 5053//6072
f 5052//6073 5053//6073 5054//6073
f 5054//6074 5053//6074 5055//6074
f 5055//6075 5053//6075 5056//6075
f 5055//6076 5056//6076 5057//6076
f 5057//6077 5056//6077 5058//6077
f 5057//6078 5058//6078 5059//6078
f 5059//6079 5058//6079 5060//6079
f 5059//6080 5060//6080 5061//6080
f 4825//6081 5047//6081 5048//6081
f 5048//6082 5047//6082 5046//6082
f 5048//6083 5046//6083 5062//6083
f 5062//6084 5046//6084 5045//6084
f 5062//6085 5045//6085 5063//6085
f 5063//6086 5045//6086 5044//6086
f 5063//6086 5044//6086 5064//6086
f 5064//6087 5044//6087 5043//6087
f 5064//6087 5043//6087 5065//6087
f 4826//6088 5048//6088 5049//6088
f 5049//6089 5048//6089 5062//6089
f 5049//6089 5062//6089 5053//6089
f 5053//6090 5062//6090 5063//6090
f 5053//6090 5063//6090 5056//6090
f 5056//6091 5063//6091 5064//6091
f 5056//6091 5064//6091 5058//6091
f 5058//6092 5064//6092 5065//6092
f 5058//6092 5065//6092 5060//6092
f 5066//6093 5010//6093 5067//6093
f 5067//6094 5010//6094 5004//6094
f 5067//6095 5004//6095 5003//6095
f 4981//6096 4796//6096 5017//6096
f 5017//6097 4796//6097 4795//6097
f 5017//6098 4795//6098 5003//6098
f 5003//6099 4795//6099 5068//6099
f 5003//6100 5068//6100 5067//6100
f 5066//6101 5069//6101 5010//6101
f 5010//6102 5069//6102 5070//6102
f 5010//6103 5070//6103 5011//6103
f 5011//6104 5070//6104 5071//6104
f 5011//6105 5071//6105 5013//6105
f 5013//6106 5071//6106 5072//6106
f 5013//6107 5072//6107 5016//6107
f 5016//6108 5072//6108 5073//6108
f 5074//6109 5075//6109 5057//6109
f 4820//6110 5051//6110 5052//6110
f 4821//6111 4820//6111 5076//6111
f 5076//6112 4820//6112 5052//6112
f 5076//6113 5052//6113 5077//6113
f 5077//6114 5052//6114 5054//6114
f 5077//6115 5054//6115 5075//6115
f 5075//6116 5054//6116 5055//6116
f 5075//6117 5055//6117 5057//6117
f 5059//6118 5061//6118 5078//6118
f 5078//6119 5079//6119 5059//6119
f 5059//6120 5079//6120 5080//6120
f 5059//6121 5080//6121 5057//6121
f 5057//6122 5080//6122 5081//6122
f 5057//6123 5081//6123 5074//6123
f 4824//6124 4823//6124 4874//6124
f 4874//6124 4823//6124 5082//6124
f 4814//5976 4813//5976 5083//5976
f 5083//5976 4813//5976 4872//5976
f 4842//6125 4843//6125 5084//6125
f 5084//6126 4843//6126 4836//6126
f 5084//6127 4836//6127 5085//6127
f 5086//6128 4841//6128 4842//6128
f 4767//6129 4841//6129 5087//6129
f 5087//6130 4841//6130 5086//6130
f 5087//6131 5086//6131 5088//6131
f 5088//6132 5086//6132 5089//6132
f 5088//6133 5089//6133 5090//6133
f 5090//6134 5089//6134 5091//6134
f 5090//6134 5091//6134 5092//6134
f 5092//6135 5091//6135 5093//6135
f 5092//6135 5093//6135 5094//6135
f 5085//6136 5095//6136 5084//6136
f 5084//6137 5095//6137 5096//6137
f 5084//6138 5096//6138 5097//6138
f 5097//6139 5096//6139 5098//6139
f 5097//6140 5098//6140 5099//6140
f 5099//6141 5098//6141 5100//6141
f 5099//6142 5100//6142 5101//6142
f 4842//6143 5084//6143 5086//6143
f 5086//6144 5084//6144 5097//6144
f 5086//6144 5097//6144 5089//6144
f 5089//6145 5097//6145 5099//6145
f 5089//6145 5099//6145 5091//6145
f 5091//6146 5099//6146 5101//6146
f 5091//6146 5101//6146 5093//6146
f 5102//6147 5103//6147 5104//6147
f 5090//6148 5092//6148 5105//6148
f 5106//6149 5107//6149 5108//6149
f 5108//6150 5107//6150 5109//6150
f 5108//6151 5109//6151 5110//6151
f 5110//6152 5109//6152 5105//6152
f 5110//6153 5105//6153 5111//6153
f 5111//6154 5105//6154 5092//6154
f 5111//6155 5092//6155 5094//6155
f 4857//6156 4767//6156 5087//6156
f 5087//6157 5112//6157 4857//6157
f 4857//6158 5112//6158 5113//6158
f 4857//6159 5113//6159 4858//6159
f 4858//6160 5113//6160 5104//6160
f 4858//6161 5104//6161 4859//6161
f 4859//6162 5104//6162 5103//6162
f 4859//6163 5103//6163 4847//6163
f 5114//6164 5115//6164 5116//6164
f 5087//6165 5088//6165 5112//6165
f 5112//6166 5088//6166 5117//6166
f 5112//6167 5117//6167 5113//6167
f 5113//6168 5117//6168 5118//6168
f 5113//6169 5118//6169 5104//6169
f 5104//6170 5118//6170 5115//6170
f 5104//6171 5115//6171 5102//6171
f 5102//6172 5115//6172 5114//6172
f 5088//6173 5090//6173 5117//6173
f 5117//6174 5090//6174 5105//6174
f 5117//6175 5105//6175 5118//6175
f 5118//6176 5105//6176 5109//6176
f 5118//6177 5109//6177 5115//6177
f 5115//6178 5109//6178 5107//6178
f 5115//6179 5107//6179 5116//6179
f 5116//6180 5107//6180 5106//6180
f 5119//6181 5120//6181 5121//6181
f 5122//6182 5123//6182 5124//6182
f 5125//6183 5126//6183 5127//6183
f 5085//6184 4836//6184 5128//6184
f 5128//6184 4836//6184 4837//6184
f 5128//6185 4837//6185 5129//6185
f 5129//6185 4837//6185 4840//6185
f 5129//6186 4840//6186 5130//6186
f 5130//6187 4840//6187 4838//6187
f 5130//6188 4838//6188 5131//6188
f 5131//6189 4838//6189 4839//6189
f 5131//6190 5119//6190 5130//6190
f 5130//6191 5119//6191 5121//6191
f 5130//6192 5121//6192 5129//6192
f 5129//6192 5121//6192 5132//6192
f 5129//6193 5132//6193 5128//6193
f 5128//6193 5132//6193 5133//6193
f 5120//6194 5122//6194 5121//6194
f 5121//6195 5122//6195 5124//6195
f 5121//6196 5124//6196 5132//6196
f 5132//6196 5124//6196 5134//6196
f 5132//6197 5134//6197 5133//6197
f 5133//6197 5134//6197 5135//6197
f 5123//6198 5125//6198 5124//6198
f 5124//6199 5125//6199 5127//6199
f 5124//6200 5127//6200 5134//6200
f 5134//6200 5127//6200 5136//6200
f 5134//6201 5136//6201 5135//6201
f 5135//6201 5136//6201 5137//6201
f 5135//6202 5137//6202 5138//6202
f 5085//6203 5128//6203 5095//6203
f 5095//6204 5128//6204 5133//6204
f 5095//6205 5133//6205 5096//6205
f 5096//6206 5133//6206 5135//6206
f 5096//6206 5135//6206 5098//6206
f 5098//6207 5135//6207 5138//6207
f 5098//6208 5138//6208 5100//6208
f 5120//6209 5119//6209 5139//6209
f 4839//6210 4817//6210 5131//6210
f 5131//6211 4817//6211 4816//6211
f 5131//6212 4816//6212 5119//6212
f 5119//6213 4816//6213 5140//6213
f 5119//6214 5140//6214 5139//6214
f 5141//6215 5126//6215 5142//6215
f 5142//6216 5126//6216 5125//6216
f 5142//6217 5125//6217 5143//6217
f 5143//6218 5125//6218 5144//6218
f 5145//6219 5146//6219 5122//6219
f 5120//6220 5139//6220 5122//6220
f 5122//6221 5139//6221 5147//6221
f 5122//6222 5147//6222 5145//6222
f 5144//6223 5125//6223 5146//6223
f 5146//6224 5125//6224 5123//6224
f 5146//6225 5123//6225 5122//6225
f 4847//6226 5103//6226 5148//6226
f 5148//6227 5103//6227 5102//6227
f 5148//6228 5102//6228 4848//6228
f 5114//6229 5149//6229 5102//6229
f 5102//6230 5149//6230 5150//6230
f 5102//6231 5150//6231 4848//6231
f 4848//6232 5150//6232 5151//6232
f 4848//6233 5151//6233 4849//6233
f 5152//6234 5116//6234 5153//6234
f 5153//6235 5116//6235 5106//6235
f 5153//6236 5106//6236 5154//6236
f 5149//6237 5114//6237 5116//6237
f 5149//6238 5116//6238 5155//6238
f 5155//6239 5116//6239 5152//6239
f 5154//6240 5106//6240 5156//6240
f 5156//6241 5106//6241 5108//6241
f 5156//6242 5108//6242 5157//6242
f 4852//6243 4851//6243 4866//6243
f 4866//6243 4851//6243 5158//6243
f 4902//6244 4901//6244 5159//6244
f 5160//6245 5161//6245 5162//6245
f 5163//6246 5164//6246 5165//6246
f 5166//6247 4919//6247 4924//6247
f 4896//6248 4895//6248 5167//6248
f 5167//6249 4895//6249 4758//6249
f 5167//6250 4758//6250 4894//6250
f 4888//6251 5168//6251 4889//6251
f 4889//6252 5168//6252 5169//6252
f 4889//6253 5169//6253 4890//6253
f 4890//6254 5169//6254 5170//6254
f 4894//6255 4893//6255 5167//6255
f 5167//6256 4893//6256 4892//6256
f 5167//6257 4892//6257 5170//6257
f 5170//6258 4892//6258 4891//6258
f 5170//6259 4891//6259 4890//6259
f 4901//6260 4896//6260 5159//6260
f 5159//6261 4896//6261 5167//6261
f 5159//6262 5167//6262 5171//6262
f 5171//6262 5167//6262 5170//6262
f 5171//6263 5170//6263 5162//6263
f 5162//6264 5170//6264 5169//6264
f 5162//6265 5169//6265 5160//6265
f 5160//6266 5169//6266 5168//6266
f 4903//6267 4902//6267 5172//6267
f 5172//6268 4902//6268 5159//6268
f 5172//6269 5159//6269 5173//6269
f 5173//6269 5159//6269 5171//6269
f 5173//6270 5171//6270 5165//6270
f 5165//6270 5171//6270 5162//6270
f 5165//6271 5162//6271 5163//6271
f 5163//6272 5162//6272 5161//6272
f 4904//6273 4903//6273 4922//6273
f 4922//6273 4903//6273 5172//6273
f 4922//6274 5172//6274 4923//6274
f 4923//6274 5172//6274 5173//6274
f 4923//6275 5173//6275 4924//6275
f 4924//6275 5173//6275 5165//6275
f 4924//6276 5165//6276 5166//6276
f 5166//6277 5165//6277 5164//6277
f 5166//6278 5174//6278 4919//6278
f 4919//6279 5174//6279 5175//6279
f 4919//6280 5175//6280 4920//6280
f 5176//6281 5177//6281 5163//6281
f 5163//6282 5177//6282 5178//6282
f 5163//6283 5178//6283 5164//6283
f 5164//6284 5178//6284 5179//6284
f 5164//6285 5179//6285 5166//6285
f 5166//6286 5179//6286 5180//6286
f 5166//6287 5180//6287 5174//6287
f 5176//6288 5163//6288 5181//6288
f 5181//6289 5163//6289 5161//6289
f 5181//6290 5161//6290 5160//6290
f 4888//6291 4864//6291 5168//6291
f 5168//6292 4864//6292 4863//6292
f 5168//6293 4863//6293 5160//6293
f 5160//6294 4863//6294 5182//6294
f 5160//6295 5182//6295 5181//6295
f 4994//6296 5183//6296 5184//6296
f 4909//6297 4929//6297 5185//6297
f 4909//6298 5185//6298 4911//6298
f 4911//6299 5185//6299 5186//6299
f 4911//6300 5186//6300 4916//6300
f 4916//6301 5186//6301 5187//6301
f 4916//6302 5187//6302 4991//6302
f 4994//6303 4993//6303 5183//6303
f 5183//6304 4993//6304 4992//6304
f 5183//6305 4992//6305 5188//6305
f 5188//6306 4992//6306 4991//6306
f 5188//6307 4991//6307 5189//6307
f 5189//6308 4991//6308 5187//6308
f 5190//6309 4988//6309 4987//6309
f 4887//6310 5190//6310 4885//6310
f 4885//6311 5190//6311 4987//6311
f 4885//6312 4987//6312 5184//6312
f 5184//6313 4987//6313 4990//6313
f 5184//6314 4990//6314 4994//6314
f 5072//6315 5071//6315 5191//6315
f 5068//6316 4795//6316 4807//6316
f 5192//6317 5193//6317 5066//6317
f 4806//6318 4995//6318 4807//6318
f 4807//6319 4995//6319 5194//6319
f 4807//6320 5194//6320 5068//6320
f 5068//6321 5194//6321 5192//6321
f 5068//6322 5192//6322 5067//6322
f 5067//6323 5192//6323 5066//6323
f 5191//6324 5071//6324 5195//6324
f 5195//6325 5071//6325 5070//6325
f 5195//6326 5070//6326 5193//6326
f 5193//6327 5070//6327 5069//6327
f 5193//6328 5069//6328 5066//6328
f 5072//6329 5191//6329 5073//6329
f 5073//6330 5191//6330 5196//6330
f 5073//6331 5196//6331 5197//6331
f 5196//6332 5198//6332 5197//6332
f 5197//6333 5198//6333 5199//6333
f 5197//6334 5199//6334 5200//6334
f 5016//1983 5073//1983 5197//1983
f 5201//1983 5202//1983 5042//1983
f 5061//1983 5060//1983 5065//1983
f 5009//1983 5015//1983 5006//1983
f 5006//1983 5015//1983 5016//1983
f 5006//1983 5016//1983 5007//1983
f 5007//1983 5016//1983 5197//1983
f 5007//1983 5197//1983 5035//1983
f 5035//1983 5197//1983 5200//1983
f 5035//6335 5200//6335 5033//6335
f 5033//6336 5200//6336 5203//6336
f 5033//6337 5203//6337 5031//6337
f 5031//6338 5203//6338 5201//6338
f 5031//6339 5201//6339 5041//6339
f 5041//1983 5201//1983 5042//1983
f 5202//1983 5078//1983 5042//1983
f 5042//1983 5078//1983 5061//1983
f 5042//1983 5061//1983 5043//1983
f 5043//1983 5061//1983 5065//1983
f 5078//6340 5202//6340 5204//6340
f 5204//6341 5202//6341 5205//6341
f 5205//6342 5202//6342 5201//6342
f 5205//6343 5201//6343 5206//6343
f 5207//6344 5075//6344 5208//6344
f 5208//6345 5075//6345 5074//6345
f 5208//6346 5074//6346 5081//6346
f 5078//6347 5204//6347 5079//6347
f 5079//6348 5204//6348 5209//6348
f 5079//6349 5209//6349 5080//6349
f 5080//6350 5209//6350 5210//6350
f 5080//6351 5210//6351 5081//6351
f 5081//6352 5210//6352 5211//6352
f 5081//6353 5211//6353 5208//6353
f 4822//6354 4821//6354 5076//6354
f 4823//6355 4822//6355 5082//6355
f 5082//6356 4822//6356 5076//6356
f 5082//6357 5076//6357 5207//6357
f 5207//6358 5076//6358 5077//6358
f 5207//6359 5077//6359 5075//6359
f 5126//1983 5141//1983 5212//1983
f 5213//1983 5214//1983 5094//1983
f 5110//1983 5111//1983 5108//1983
f 5108//1983 5111//1983 5094//1983
f 5108//1983 5094//1983 5157//1983
f 5157//1983 5094//1983 5214//1983
f 5136//1983 5127//1983 5137//1983
f 5137//1983 5127//1983 5126//1983
f 5137//1983 5126//1983 5138//1983
f 5138//1983 5126//1983 5212//1983
f 5138//1983 5212//1983 5100//1983
f 5100//1983 5212//1983 5215//1983
f 5100//1983 5215//1983 5101//1983
f 5101//1983 5215//1983 5213//1983
f 5101//1983 5213//1983 5093//1983
f 5093//1983 5213//1983 5094//1983
f 5143//6360 5144//6360 5216//6360
f 4814//6361 5083//6361 5217//6361
f 5140//6362 4816//6362 4815//6362
f 5218//6363 5219//6363 5147//6363
f 5147//6364 5139//6364 5218//6364
f 5218//6365 5139//6365 5140//6365
f 5218//6366 5140//6366 5217//6366
f 5217//6367 5140//6367 4815//6367
f 5217//6368 4815//6368 4814//6368
f 5216//6369 5144//6369 5220//6369
f 5220//6370 5144//6370 5146//6370
f 5220//6371 5146//6371 5219//6371
f 5219//6372 5146//6372 5145//6372
f 5219//6373 5145//6373 5147//6373
f 5143//6374 5216//6374 5142//6374
f 5142//6375 5216//6375 5221//6375
f 5142//6376 5221//6376 5141//6376
f 5141//6377 5221//6377 5222//6377
f 5141//6378 5222//6378 5212//6378
f 5212//6379 5222//6379 5223//6379
f 5212//6380 5223//6380 5215//6380
f 5214//6381 5224//6381 5157//6381
f 5157//6382 5224//6382 5225//6382
f 5157//6383 5225//6383 5156//6383
f 5156//6384 5225//6384 5154//6384
f 5177//6385 5176//6385 4575//6385
f 4861//6386 4579//6386 4862//6386
f 4862//6387 4579//6387 4592//6387
f 4575//6388 5176//6388 4576//6388
f 4576//6389 5176//6389 5181//6389
f 4576//6390 5181//6390 4577//6390
f 4577//6391 5181//6391 5182//6391
f 4577//6392 5182//6392 4592//6392
f 4592//6393 5182//6393 4863//6393
f 4592//6394 4863//6394 4862//6394
f 4574//6395 4572//6395 5174//6395
f 5174//6396 5180//6396 4574//6396
f 4574//6397 5180//6397 5179//6397
f 4574//6398 5179//6398 4575//6398
f 4575//6399 5179//6399 5178//6399
f 4575//6400 5178//6400 5177//6400
f 5200//6401 5199//6401 5203//6401
f 5203//6402 5199//6402 5226//6402
f 5203//6403 5226//6403 5201//6403
f 5201//6404 5226//6404 5206//6404
f 5215//6405 5223//6405 5213//6405
f 5213//6406 5223//6406 5227//6406
f 5213//6407 5227//6407 5214//6407
f 5214//6408 5227//6408 5224//6408
f 4730//6409 4728//6409 4779//6409
f 4662//6410 4663//6410 4697//6410
f 4623//6411 4625//6411 4784//6411
f 4784//6412 4625//6412 5228//6412
f 4784//6413 5228//6413 5229//6413
f 5229//6414 5230//6414 4784//6414
f 4784//6415 5230//6415 5231//6415
f 4784//6416 5231//6416 5232//6416
f 4614//6417 4697//6417 4615//6417
f 4615//6418 4697//6418 4617//6418
f 4614//6419 4613//6419 4697//6419
f 4697//6420 4613//6420 4604//6420
f 4697//6421 4604//6421 4603//6421
f 4603//6422 4606//6422 4697//6422
f 4697//6423 4606//6423 4659//6423
f 4697//6424 4659//6424 4662//6424
f 4726//6425 4734//6425 4779//6425
f 4779//6426 4734//6426 4732//6426
f 4779//6427 4732//6427 4730//6427
f 4695//6428 4677//6428 4680//6428
f 4680//6429 4682//6429 4695//6429
f 4695//6430 4682//6430 5233//6430
f 4695//6431 5233//6431 4660//6431
f 4660//6432 4640//6432 4695//6432
f 4695//6433 4640//6433 4645//6433
f 4695//6434 4645//6434 4644//6434
f 4644//6435 4720//6435 4695//6435
f 4695//6436 4720//6436 4719//6436
f 4695//6437 4719//6437 4725//6437
f 4725//6438 4726//6438 4695//6438
f 4695//6439 4726//6439 4779//6439
f 4695//6440 4779//6440 4697//6440
f 4697//6440 4779//6440 4784//6440
f 4697//6441 4784//6441 4617//6441
f 4617//6442 4784//6442 5232//6442
f 4682//6443 4681//6443 5233//6443
f 5233//6444 4681//6444 4661//6444
f 5233//6445 4661//6445 4660//6445
f 4777//6446 4794//6446 4775//6446
f 4775//6446 4794//6446 4955//6446
f 4775//6447 4955//6447 4773//6447
f 4773//6447 4955//6447 4956//6447
f 4773//6448 4956//6448 4771//6448
f 4771//6448 4956//6448 4954//6448
f 4771//6449 4954//6449 4770//6449
f 4770//6449 4954//6449 4953//6449
f 4770//6450 4953//6450 4769//6450
f 4769//6450 4953//6450 4952//6450
f 4769//6451 4952//6451 4778//6451
f 4778//6451 4952//6451 4788//6451
f 4976//6452 4772//6452 4755//6452
f 4669//6453 4668//6453 4714//6453
f 4669//6454 4714//6454 4672//6454
f 4887//6455 4886//6455 4714//6455
f 4714//6456 4886//6456 4673//6456
f 4714//6457 4673//6457 4672//6457
f 4976//6458 4967//6458 4772//6458
f 4772//6459 4967//6459 4966//6459
f 4772//6460 4966//6460 4785//6460
f 4966//6461 4975//6461 4785//6461
f 4785//6462 4975//6462 4989//6462
f 4785//6463 4989//6463 4988//6463
f 4714//6464 4712//6464 4887//6464
f 4887//6465 4712//6465 4785//6465
f 4887//6466 4785//6466 5190//6466
f 5190//6467 4785//6467 4988//6467
f 4705//6468 5234//6468 5235//6468
f 4812//6469 4873//6469 4705//6469
f 4705//6470 4873//6470 5236//6470
f 4705//6471 5236//6471 5234//6471
f 5237//6472 4709//6472 5235//6472
f 5235//6473 4709//6473 4707//6473
f 5235//6474 4707//6474 4705//6474
f 5237//6475 5238//6475 4709//6475
f 4709//6476 5238//6476 4996//6476
f 4709//6477 4996//6477 4805//6477
f 4711//6478 4876//6478 5239//6478
f 4957//6479 4877//6479 4690//6479
f 5240//6480 5241//6480 4706//6480
f 4706//6481 5241//6481 5242//6481
f 4706//6482 5242//6482 4704//6482
f 4704//6483 5242//6483 5243//6483
f 4704//6484 5243//6484 4702//6484
f 4702//6485 5243//6485 4684//6485
f 4684//6486 5243//6486 5244//6486
f 4684//6487 5244//6487 4685//6487
f 5244//6488 4958//6488 4685//6488
f 4685//6489 4958//6489 4957//6489
f 4685//6490 4957//6490 4692//6490
f 4692//6491 4957//6491 4690//6491
f 5240//6492 4706//6492 5239//6492
f 5239//6493 4706//6493 4708//6493
f 5239//6494 4708//6494 4711//6494
f 4844//6495 4894//6495 4757//6495
f 4757//6496 4894//6496 4758//6496
f 4875//6497 4884//6497 4959//6497
f 4876//1983 4875//1983 5239//1983
f 5239//6498 4875//6498 4959//6498
f 5239//6499 4959//6499 5240//6499
f 5240//6500 4959//6500 5241//6500
f 4959//6501 4958//6501 5244//6501
f 5244//6502 5243//6502 4959//6502
f 4959//6503 5243//6503 5242//6503
f 4959//6504 5242//6504 5241//6504
f 4973//6505 4989//6505 4974//6505
f 4974//6506 4989//6506 4975//6506
f 5051//6507 4820//6507 5050//6507
f 5050//6508 4820//6508 4819//6508
f 4847//6509 5148//6509 4855//6509
f 4855//6510 5148//6510 4848//6510
f 4865//6511 4864//6511 4888//6511
f 5149//6512 5245//6512 5246//6512
f 5154//6513 5225//6513 5247//6513
f 5154//6514 5247//6514 5153//6514
f 5149//6515 5155//6515 5245//6515
f 5245//6516 5155//6516 5152//6516
f 5245//6517 5152//6517 5248//6517
f 5248//6518 5152//6518 5153//6518
f 5248//6519 5153//6519 5249//6519
f 5249//6520 5153//6520 5247//6520
f 4850//6521 4849//6521 5151//6521
f 4851//6522 4850//6522 5158//6522
f 5158//6523 4850//6523 5151//6523
f 5158//6524 5151//6524 5246//6524
f 5246//6525 5151//6525 5150//6525
f 5246//6526 5150//6526 5149//6526
f 5175//6527 5174//6527 4572//6527
f 4571//6528 4921//6528 4572//6528
f 4572//6529 4921//6529 4920//6529
f 4572//6530 4920//6530 5175//6530
f 4636//6531 4927//6531 5250//6531
f 4616//6532 4617//6532 5251//6532
f 5251//6533 4617//6533 5232//6533
f 5251//6534 5232//6534 5231//6534
f 5252//6535 5253//6535 4622//6535
f 4622//6536 5253//6536 4624//6536
f 4624//6537 5253//6537 5228//6537
f 4624//6538 5228//6538 4625//6538
f 5231//6539 5230//6539 5253//6539
f 5253//6540 5230//6540 5229//6540
f 5253//6541 5229//6541 5228//6541
f 4622//6542 4621//6542 5252//6542
f 5252//6543 4621//6543 4627//6543
f 5252//6544 4627//6544 5254//6544
f 4627//6545 4628//6545 5254//6545
f 5254//6546 4628//6546 4634//6546
f 5254//6547 4634//6547 5250//6547
f 5250//6548 4634//6548 4635//6548
f 5250//6531 4635//6531 4636//6531
f 5231//6549 5253//6549 5251//6549
f 5251//6550 5253//6550 5252//6550
f 5251//6551 5252//6551 5255//6551
f 5255//6552 5252//6552 5254//6552
f 5255//6553 5254//6553 5256//6553
f 5256//6554 5254//6554 5250//6554
f 5256//6554 5250//6554 5257//6554
f 5257//6555 5250//6555 4927//6555
f 5257//6556 4927//6556 4926//6556
f 4616//6557 5251//6557 4612//6557
f 4612//6558 5251//6558 5255//6558
f 4612//6559 5255//6559 4611//6559
f 4611//6560 5255//6560 5256//6560
f 4611//6560 5256//6560 4608//6560
f 4608//6561 5256//6561 5257//6561
f 4608//6561 5257//6561 4609//6561
f 4609//6562 5257//6562 4926//6562
f 4609//6563 4926//6563 4610//6563
f 4727//6564 4729//6564 4740//6564
f 4727//6565 4740//6565 4947//6565
f 4740//6566 4739//6566 4947//6566
f 4947//6567 4739//6567 4737//6567
f 4947//6568 4737//6568 4951//6568
f 4951//6569 4737//6569 4736//6569
f 4951//6570 4736//6570 4942//6570
f 4942//6571 4736//6571 4745//6571
f 4942//6572 4745//6572 4938//6572
f 4938//6573 4745//6573 4744//6573
f 4938//6574 4744//6574 4917//6574
f 4811//6575 4986//6575 5001//6575
f 4811//6576 5001//6576 5036//6576
f 5036//6577 5001//6577 5000//6577
f 5036//6578 5000//6578 5037//6578
f 5037//6579 5000//6579 4998//6579
f 5037//6580 4998//6580 5039//6580
f 5039//6581 4998//6581 4997//6581
f 5039//6582 4997//6582 5040//6582
f 5040//6583 4997//6583 5008//6583
f 5040//6584 5008//6584 5034//6584
f 5034//6585 5008//6585 5007//6585
f 5034//6586 5007//6586 5035//6586
f 5222//6587 5221//6587 5258//6587
f 5219//6588 5218//6588 5258//6588
f 5258//6589 5218//6589 5217//6589
f 5258//6590 5217//6590 5083//6590
f 5221//6591 5216//6591 5258//6591
f 5258//6592 5216//6592 5220//6592
f 5258//6593 5220//6593 5219//6593
f 5083//6594 4872//6594 5259//6594
f 5259//6595 4869//6595 4868//6595
f 5083//6596 5259//6596 4866//6596
f 4866//6597 5259//6597 4868//6597
f 4866//6598 4868//6598 4867//6598
f 4872//6599 4871//6599 5259//6599
f 5259//6600 4871//6600 4870//6600
f 5259//6601 4870//6601 4869//6601
f 5249//6602 5247//6602 4866//6602
f 5158//6603 5246//6603 5245//6603
f 5158//6604 5245//6604 4866//6604
f 4866//6605 5245//6605 5248//6605
f 4866//6606 5248//6606 5249//6606
f 5247//6607 5225//6607 4866//6607
f 4866//6608 5225//6608 5224//6608
f 4866//6609 5224//6609 5083//6609
f 5083//6610 5224//6610 5227//6610
f 5083//6611 5227//6611 5258//6611
f 5258//6612 5227//6612 5223//6612
f 5258//6613 5223//6613 5222//6613
f 5199//6614 5198//6614 5226//6614
f 5226//6615 5198//6615 5196//6615
f 5226//6616 5196//6616 5191//6616
f 5191//6617 5195//6617 5226//6617
f 5226//6618 5195//6618 5193//6618
f 5226//6619 5193//6619 5192//6619
f 4873//6620 4874//6620 4995//6620
f 4873//6621 4995//6621 5236//6621
f 5238//6622 5237//6622 5260//6622
f 5237//6623 5235//6623 5260//6623
f 5260//6624 5235//6624 5234//6624
f 5260//6625 5234//6625 5236//6625
f 5236//6626 4995//6626 5260//6626
f 5260//6627 4995//6627 4996//6627
f 5260//6628 4996//6628 5238//6628
f 5207//6629 5208//6629 5082//6629
f 5082//6630 5208//6630 5211//6630
f 5082//6631 5211//6631 4874//6631
f 5211//6632 5210//6632 4874//6632
f 4874//6633 5210//6633 5209//6633
f 4874//6634 5209//6634 5204//6634
f 5192//6635 5194//6635 5226//6635
f 5226//6636 5194//6636 4995//6636
f 5226//6637 4995//6637 5206//6637
f 5206//6638 4995//6638 4874//6638
f 5206//6639 4874//6639 5205//6639
f 5205//6640 4874//6640 5204//6640
f 4656//6641 4654//6641 5261//6641
f 4647//6642 4646//6642 5261//6642
f 5261//6643 4646//6643 4642//6643
f 5261//6644 4642//6644 4641//6644
f 4654//6645 4639//6645 5261//6645
f 5261//6646 4639//6646 4650//6646
f 5261//6647 4650//6647 4647//6647
f 5186//6648 5185//6648 4661//6648
f 4661//6649 5185//6649 4929//6649
f 4661//6650 4929//6650 4641//6650
f 4641//6651 4929//6651 4928//6651
f 4641//6652 4928//6652 5261//6652
f 5261//6653 4928//6653 4657//6653
f 5261//6654 4657//6654 4656//6654
f 4661//6655 4681//6655 5262//6655
f 4681//6656 4679//6656 5262//6656
f 5262//6657 4679//6657 4678//6657
f 5262//6658 4678//6658 4675//6658
f 4675//6659 4674//6659 5262//6659
f 5262//6660 4674//6660 4670//6660
f 5262//6661 4670//6661 4661//6661
f 4661//6662 4670//6662 4671//6662
f 4661//6663 4671//6663 4885//6663
f 4885//6664 5184//6664 4661//6664
f 4661//6665 5184//6665 5183//6665
f 4661//6666 5183//6666 5188//6666
f 5188//6667 5189//6667 4661//6667
f 4661//6668 5189//6668 5187//6668
f 4661//6669 5187//6669 5186//6669
# Vertices: 5262, normals: 6669, texture coordinates: 0, faces: 10564
